index,Date,Open,High,Low,Close,Adj_Close,Volume,trend_alphabet,trend_alphabet_lag1,trend_alphabet_lag7,trend_alphabet_lag28,Adj_Close_lag1,Adj_Close_lag7,Adj_Close_lag28,Close_lag1,Close_lag7,Close_lag28,Return,Change %,MA10,MA20,MA50,MA200,Volatility20,Price_lag1,Price_lag5,RSI,MACD,Signal
0,2020-08-26,80.31500244140625,82.6395034790039,80.04900360107422,82.20649719238281,81.71642303466797,52188000,34,,,,,,,,,,,,,,,,,,,,0.0,0.0
1,2020-08-27,82.33049774169922,82.39949798583984,80.94049835205078,81.4260025024414,80.94056701660156,31350000,34,34.0,,,81.71642303466797,,,82.20649719238281,,,-0.009494493141693816,-0.9494493141693816,,,,,,81.71642303466797,,0.0,-0.06189164816483128,-0.012378329632966256
2,2020-08-28,81.47350311279297,82.06749725341797,81.28050231933594,81.97149658203125,81.48281860351562,22418000,34,34.0,,,80.94056701660156,,,81.4260025024414,,,0.006699379642384207,0.6699379642384207,,,,,,80.94056701660156,,42.94418105820129,-0.06642040092573609,-0.023186743891520225
3,2020-08-31,82.17849731445312,82.2249984741211,81.2665023803711,81.47650146484375,80.99077606201172,26422000,32,34.0,,,81.48281860351562,,,81.97149658203125,,,-0.006038604824142313,-0.6038604824142313,,,,,,81.48281860351562,,30.249762798758795,-0.10846289826947952,-0.04024197476711208
4,2020-09-01,81.60800170898438,82.96099853515625,81.47650146484375,82.75399780273438,82.26065063476562,22652000,32,32.0,,,80.99077606201172,,,81.47650146484375,,,0.01567924934787146,1.567924934787146,,,,,,80.99077606201172,,61.70899428427066,-0.03886559667216716,-0.0399666991481231
5,2020-09-02,83.40049743652344,86.30500030517578,83.0094985961914,85.86949920654297,85.35757446289062,49522000,32,32.0,,,82.26065063476562,,,82.75399780273438,,,0.03764769430131576,3.764769430131576,,,,,,82.26065063476562,81.71642303466797,82.4719768240542,0.2631531711724193,0.020657274915985388
6,2020-09-03,84.97599792480469,85.0,80.385498046875,81.47550201416016,80.98978424072266,63726000,32,32.0,,,85.35757446289062,,,85.86949920654297,,,-0.05117050536700607,-5.1170505367006065,,,,,,85.35757446289062,80.94056701660156,45.22516724837251,0.14835095536577114,0.04619601100594255
7,2020-09-04,80.44999694824219,81.74949645996094,76.89849853515625,79.06050109863281,78.58916473388672,55850000,32,32.0,34.0,,80.98978424072266,81.71642303466797,,81.47550201416016,82.20649719238281,,-0.029641016201508497,-2.9641016201508497,,,,,,80.98978424072266,81.48281860351562,35.68571706717188,-0.13478682058777736,0.009999444687198569
8,2020-09-08,76.25,77.77749633789062,75.82499694824219,76.18000030517578,75.72584533691406,54032000,27,32.0,34.0,,78.58916473388672,80.94056701660156,,79.06050109863281,81.4260025024414,,-0.03643402251020522,-3.643402251020522,,,,,,78.58916473388672,80.99077606201172,28.078191200545206,-0.5834953226393793,-0.10869950877811702
9,2020-09-09,77.44499969482422,77.93599700927734,76.25849914550781,77.36150360107422,76.90030670166016,39242000,27,27.0,34.0,,75.72584533691406,81.48281860351562,,76.18000030517578,81.97149658203125,,0.015509385989958435,1.5509385989958435,80.49539108276367,,,,,75.72584533691406,82.26065063476562,34.268029244972695,-0.8347088228124164,-0.25390137158497694
10,2020-09-10,77.50900268554688,78.68299865722656,76.0,76.30249786376953,75.84761047363281,33024000,27,27.0,32.0,,76.90030670166016,80.99077606201172,,77.36150360107422,81.47650146484375,,-0.013689103115171575,-1.3689103115171575,79.90850982666015,,,,,76.90030670166016,85.35757446289062,31.639586622988617,-1.1059919329010341,-0.4243194838481884
11,2020-09-11,76.40750122070312,76.93499755859375,74.6510009765625,75.78800201416016,75.336181640625,30706000,27,27.0,32.0,,75.84761047363281,82.26065063476562,,76.30249786376953,82.75399780273438,,-0.006742847003540109,-0.6742847003540109,79.3480712890625,,,,,75.84761047363281,80.98978424072266,30.41885806714653,-1.346729525114668,-0.6088014921014844
12,2020-09-14,76.5824966430664,77.8499984741211,75.25550079345703,75.44149780273438,74.99174499511719,42660000,34,27.0,32.0,,75.336181640625,85.35757446289062,,75.78800201416016,85.86949920654297,,-0.004571994996386608,-0.4571994996386608,78.69896392822265,,,,,75.336181640625,78.58916473388672,29.590812903767883,-1.5474706813326407,-0.7965353299477157
13,2020-09-15,76.39450073242188,77.54949951171875,76.1050033569336,76.75599670410156,76.29840850830078,23042000,34,34.0,32.0,,74.99174499511719,80.98978424072266,,75.44149780273438,81.47550201416016,,0.017424097989301,1.7424097989301002,78.22972717285157,,,,,74.99174499511719,75.72584533691406,36.6374639600511,-1.5828762564479462,-0.9538035152477617
14,2020-09-16,77.1240005493164,77.71849822998047,75.57949829101562,75.60449981689453,75.15377044677734,22128000,34,34.0,32.0,,76.29840850830078,78.58916473388672,,76.75599670410156,79.06050109863281,,-0.015002122375840976,-1.5002122375840976,77.51903915405273,,,,,76.29840850830078,76.90030670166016,33.476745793568895,-1.6838873500478684,-1.0998202822077832
15,2020-09-17,74.29049682617188,74.93299865722656,73.12300109863281,74.35199737548828,73.90874481201172,40008000,34,34.0,27.0,,75.15377044677734,75.72584533691406,,75.60449981689453,76.18000030517578,,-0.01656637620925927,-1.656637620925927,76.37415618896485,,,,,75.15377044677734,75.84761047363281,30.40426182152862,-1.843155780569873,-1.2484873818802011
16,2020-09-18,74.41500091552734,74.76000213623047,71.58100128173828,72.55449676513672,72.12196350097656,63056000,34,34.0,27.0,,73.90874481201172,76.90030670166016,,74.35199737548828,77.36150360107422,,-0.02417550609985153,-2.417550609985153,75.48737411499023,,,,,73.90874481201172,75.336181640625,26.627233591127393,-2.0894693759552325,-1.4166837806952075
17,2020-09-21,71.58100128173828,72.00299835205078,70.13400268554688,71.50700378417969,71.08070373535156,56908000,28,34.0,27.0,,72.12196350097656,75.84761047363281,,72.55449676513672,76.30249786376953,,-0.01443748499180697,-1.443748499180697,74.73652801513671,,,,,72.12196350097656,74.99174499511719,24.701437238223406,-2.341701953347396,-1.6016874152256453
18,2020-09-22,72.51599884033203,73.19850158691406,71.4749984741211,72.99099731445312,72.55585479736328,33950000,28,28.0,27.0,,71.08070373535156,75.336181640625,,71.50700378417969,75.78800201416016,,0.02075318594908704,2.075318594908704,74.41952896118164,,,,,71.08070373535156,76.29840850830078,32.18443768262951,-2.39495813919676,-1.7603415600198684
19,2020-09-23,72.60449981689453,72.65399932861328,70.13400268554688,70.46949768066406,70.04939270019531,37726000,28,28.0,34.0,,72.55585479736328,74.99174499511719,,72.99099731445312,75.44149780273438,,-0.03454527693413734,-3.4545276934137337,73.73443756103515,77.11491432189942,,,,72.55585479736328,75.15377044677734,27.2323962409819,-2.6093357952437373,-1.9301404070646422
20,2020-09-24,70.13400268554688,71.89949798583984,70.10749816894531,71.14299774169922,70.71887969970703,34552000,28,28.0,34.0,,70.04939270019531,76.29840850830078,,70.46949768066406,76.75599670410156,,0.009557356226870706,0.9557356226870706,73.22156448364258,76.56503715515137,,,0.3548801914838538,70.04939270019531,73.90874481201172,30.31653406949745,-2.694153106484819,-2.0829429469486778
21,2020-09-25,71.25250244140625,72.2969970703125,70.38400268554688,71.9530029296875,71.52405548095703,30326000,28,28.0,34.0,,70.71887969970703,75.15377044677734,,71.14299774169922,75.60449981689453,,0.01138558450966709,1.138558450966709,72.84035186767578,76.09421157836914,,,0.3605975113228034,70.71887969970703,72.12196350097656,33.942716529887846,-2.6656722697052118,-2.1994888114999847
22,2020-09-28,73.59950256347656,73.64949798583984,72.31400299072266,72.93299865722656,72.49819946289062,30784000,42,28.0,34.0,,71.52405548095703,73.90874481201172,,71.9530029296875,74.35199737548828,,0.013619809103147862,1.3619809103147862,72.59099731445312,75.6449806213379,,,0.3646233883903811,71.52405548095703,71.08070373535156,38.13709261080674,-2.5352707007953654,-2.266645189359061
23,2020-09-29,73.19550323486328,73.5999984741211,72.69999694824219,73.3010025024414,72.864013671875,31816000,42,42.0,34.0,,72.49819946289062,72.12196350097656,,72.93299865722656,72.55449676513672,,0.005045838540743697,0.5045838540743697,72.24755783081055,75.23864250183105,,,0.3665529910639392,72.49819946289062,72.55585479736328,39.685865925473095,-2.375030495368165,-2.288322250560882
24,2020-09-30,73.0469970703125,74.30999755859375,72.78800201416016,73.27999877929688,72.8431396484375,40924000,42,42.0,28.0,,72.864013671875,71.08070373535156,,73.3010025024414,71.50700378417969,,-0.00028647918753832435,-0.028647918753832435,72.01649475097656,74.76776695251465,,,0.35889759701241986,72.864013671875,70.04939270019531,39.6249043703603,-2.2240854645484944,-2.2754748933584046
25,2020-10-01,74.18299865722656,74.75350189208984,73.83999633789062,74.3949966430664,73.95148468017578,32884000,42,42.0,28.0,,72.8431396484375,72.55585479736328,,73.27999877929688,72.99099731445312,,0.015215503300482158,1.5215503300482158,72.02076873779296,74.19746246337891,,,0.3305829217956818,72.8431396484375,70.71887969970703,44.49982990311162,-1.9920629966787544,-2.2187925140224745
26,2020-10-02,72.98149871826172,73.95149993896484,72.36750030517578,72.77999877929688,72.34610748291016,31222000,42,42.0,28.0,,73.95148468017578,70.04939270019531,,74.3949966430664,70.46949768066406,,-0.021708518824314793,-2.1708518824314793,72.04318313598633,73.76527862548828,,,0.29266562188111434,73.95148468017578,71.52405548095703,39.52204264918684,-1.9156417171133597,-2.158162354640652
27,2020-10-05,73.13249969482422,74.23500061035156,73.00450134277344,74.1415023803711,73.69950103759766,21602000,28,42.0,28.0,,72.34610748291016,70.71887969970703,,72.77999877929688,71.14299774169922,,0.018707206258570253,1.8707206258570253,72.30506286621093,73.52079544067382,,,0.2899998549414227,72.34610748291016,72.49819946289062,45.09774824729266,-1.7259738017851873,-2.071724644069559
28,2020-10-06,73.7750015258789,74.22599792480469,72.25050354003906,72.5510025024414,72.11847686767578,26096000,28,28.0,28.0,34.0,73.69950103759766,71.52405548095703,81.71642303466797,74.1415023803711,71.9530029296875,82.20649719238281,-0.021452304936438016,-2.1452304936438016,72.26132507324219,73.34042701721191,,,0.2714032339435488,73.69950103759766,72.864013671875,40.41071200823217,-1.6838259523134553,-1.9941449057183385
29,2020-10-07,72.96549987792969,73.44850158691406,71.6614990234375,72.95700073242188,72.52205657958984,36108000,28,28.0,42.0,34.0,72.11847686767578,72.49819946289062,80.94056701660156,72.5510025024414,72.93299865722656,81.4260025024414,0.005596065383557169,0.5596065383557169,72.50859146118164,73.1215145111084,,,0.2649816353137878,72.11847686767578,72.8431396484375,42.06592182960192,-1.5994208402121188,-1.9152000926170947
30,2020-10-08,73.27249908447266,74.40149688720703,73.27249908447266,74.17150115966797,73.72931671142578,26076000,28,28.0,42.0,34.0,72.52205657958984,72.864013671875,81.48281860351562,72.95700073242188,73.3010025024414,81.97149658203125,0.01664679945350178,1.6646799453501782,72.80963516235352,73.01559982299804,,,0.27026482873094554,72.52205657958984,73.95148468017578,46.824253093551,-1.4187588092146228,-1.8159118359366004
31,2020-10-09,74.64299774169922,75.59249877929688,74.3499984741211,75.52249908447266,75.072265625,32966000,28,28.0,42.0,32.0,73.72931671142578,72.8431396484375,80.99077606201172,74.17150115966797,73.27999877929688,81.47650146484375,0.01821458509958096,1.821458509958096,73.16445617675781,73.0024040222168,,,0.27797958749507357,73.72931671142578,72.34610748291016,51.5876827843996,-1.153916463513056,-1.6835127614518917
32,2020-10-12,76.9000015258789,79.4209976196289,76.46499633789062,78.22949981689453,77.76313018798828,55344000,45,28.0,42.0,32.0,75.072265625,73.95148468017578,82.26065063476562,75.52249908447266,74.3949966430664,82.75399780273438,0.03584365731586758,3.5843657315867583,73.69094924926758,73.14097328186035,,,0.3049317310556649,75.072265625,73.69950103759766,59.42975476090228,-0.7186129914741457,-1.4905328074563426
33,2020-10-13,78.85050201416016,79.25800323486328,77.93150329589844,78.35350036621094,77.88639068603516,39072000,45,45.0,42.0,32.0,77.76313018798828,72.34610748291016,85.35757446289062,78.22949981689453,72.77999877929688,85.86949920654297,0.0015850763433635784,0.15850763433635784,74.1931869506836,73.22037239074707,,,0.2994335968500674,77.76313018798828,72.11847686767578,59.75137455466797,-0.3595411945456277,-1.2643344848741995
34,2020-10-14,78.7300033569336,79.19249725341797,77.29499816894531,78.1719970703125,77.70597076416016,33174000,45,45.0,28.0,32.0,77.88639068603516,73.69950103759766,80.98978424072266,78.35350036621094,74.1415023803711,81.47550201416016,-0.0023164498994732163,-0.23164498994732163,74.67947006225586,73.34798240661621,,,0.2936598812983366,77.88639068603516,72.52205657958984,59.01392068237539,-0.08851227397290984,-1.0291700426939416
35,2020-10-15,77.2249984741211,78.56999969482422,77.05650329589844,77.77349853515625,77.30984497070312,31210000,45,45.0,28.0,32.0,77.70597076416016,72.11847686767578,78.58916473388672,78.1719970703125,72.5510025024414,79.06050109863281,-0.005097752329216609,-0.5097752329216609,75.01530609130859,73.51803741455078,,,0.2868720834637926,77.70597076416016,73.72931671142578,57.34058753728581,0.09324123040484267,-0.8046877880741848
36,2020-10-16,78.09149932861328,78.885498046875,77.88300323486328,78.38500213623047,77.9177017211914,34194000,45,45.0,28.0,27.0,77.30984497070312,72.52205657958984,75.72584533691406,77.77349853515625,72.95700073242188,76.18000030517578,0.007862604700845433,0.7862604700845433,75.57246551513671,73.80782432556153,,,0.2695126276403437,77.30984497070312,75.072265625,59.25003616255028,0.28306811871233606,-0.5871366067168806
37,2020-10-19,78.79650115966797,79.19650268554688,76.14600372314453,76.49749755859375,76.04145050048828,29734000,60,45.0,28.0,27.0,77.9177017211914,73.72931671142578,76.90030670166016,78.38500213623047,74.17150115966797,77.36150360107422,-0.024079909690057466,-2.4079909690057466,75.80666046142578,74.05586166381836,,,0.28022647763662917,77.9177017211914,77.76313018798828,51.57613303171512,0.278894579196745,-0.4139303695341555
38,2020-10-20,76.15550231933594,78.69200134277344,76.0250015258789,77.55400085449219,77.09164428710938,41670000,60,60.0,28.0,27.0,76.04145050048828,75.072265625,75.84761047363281,76.49749755859375,75.52249908447266,76.30249786376953,0.01381080686532088,1.381080686532088,76.30397720336914,74.28265113830567,,,0.2756118935109829,76.04145050048828,77.88639068603516,55.082867306046666,0.3562225687745837,-0.2598997818724077
39,2020-10-21,78.49250030517578,80.75700378417969,78.35700225830078,79.29949951171875,78.82675170898438,60322000,60,60.0,45.0,27.0,77.09164428710938,77.76313018798828,75.336181640625,77.55400085449219,78.22949981689453,75.78800201416016,0.022507075026354517,2.2507075026354517,76.9344467163086,74.72151908874511,,,0.2447064012904226,77.09164428710938,77.70597076416016,60.209836629866246,0.5511607872113302,-0.09768766805566012
40,2020-10-22,79.25,80.6709976196289,78.8740005493164,80.33300018310547,79.85408782958984,30512000,60,60.0,45.0,34.0,78.82675170898438,77.88639068603516,74.99174499511719,79.29949951171875,78.35350036621094,75.44149780273438,0.013032835913348695,1.3032835913348695,77.546923828125,75.17827949523925,,,0.24567936400265447,78.82675170898438,77.30984497070312,62.90934147775351,0.7795618649840179,0.0777622385522755
41,2020-10-23,80.75250244140625,81.70600128173828,80.59549713134766,81.64900207519531,81.1622543334961,30548000,60,60.0,45.0,34.0,79.85408782958984,77.70597076416016,76.29840850830078,80.33300018310547,78.1719970703125,76.75599670410156,0.01638196039128137,1.638196039128137,78.1559226989746,75.66018943786621,,,0.24770807863030755,79.85408782958984,77.9177017211914,66.06633910239722,1.053979845146202,0.2730057598710608
42,2020-10-26,80.75,81.47899627685547,78.38899993896484,79.2145004272461,78.74224853515625,35826000,55,60.0,45.0,34.0,81.1622543334961,77.30984497070312,75.15377044677734,81.64900207519531,77.77349853515625,75.60449981689453,-0.029816887396893033,-2.9816887396893033,78.2538345336914,75.97239189147949,,,0.27726978155549725,81.1622543334961,76.04145050048828,56.48774039647651,1.0639196252331118,0.43118853294347104
43,2020-10-27,79.44650268554688,80.0999984741211,78.84950256347656,79.94400024414062,79.4674072265625,25902000,55,55.0,45.0,34.0,78.74224853515625,77.9177017211914,73.90874481201172,79.2145004272461,78.38500213623047,74.35199737548828,0.009209270815812243,0.9209270815812243,78.41193618774415,76.30256156921386,,,0.2778147142481896,78.74224853515625,77.09164428710938,58.43254727428928,1.1174301790289576,0.5684368621605684
44,2020-10-28,77.50050354003906,77.69049835205078,75.42400360107422,75.54000091552734,75.08966064453125,45174000,55,55.0,60.0,34.0,79.4674072265625,76.04145050048828,72.12196350097656,79.94400024414062,76.49749755859375,72.55449676513672,-0.055088579517263536,-5.508857951726354,78.15030517578126,76.41488761901856,,,0.3492417293766249,79.4674072265625,78.82675170898438,45.27615938442422,0.7973982054701594,0.6142291308224866
45,2020-10-29,75.85099792480469,79.43699645996094,75.82749938964844,77.84400177001953,77.37993621826172,55406000,55,55.0,60.0,28.0,75.08966064453125,77.09164428710938,71.08070373535156,75.54000091552734,77.55400085449219,71.50700378417969,0.03050054500275956,3.050054500275956,78.15731430053711,76.58631019592285,,,0.3610708333183475,75.08966064453125,79.85408782958984,51.436612166486654,0.72027379097986,0.6354380628539613
46,2020-10-30,83.37200164794922,84.06600189208984,80.07849884033203,80.80549621582031,80.32376861572266,99878000,55,55.0,60.0,28.0,77.37993621826172,78.82675170898438,72.55585479736328,77.84400177001953,79.29949951171875,72.99099731445312,0.03804387211120752,3.804387211120752,78.39792098999024,76.98519325256348,,,0.37008239245732955,77.37993621826172,81.1622543334961,57.98390509451892,0.8864760644276117,0.6856456631686914
47,2020-11-02,81.177001953125,82.91200256347656,80.71199798583984,81.21600341796875,80.7318344116211,44228000,23,55.0,60.0,28.0,80.32376861572266,79.85408782958984,70.04939270019531,80.80549621582031,80.33300018310547,70.46949768066406,0.005080262080962239,0.5080262080962239,78.86695938110351,77.33680992126465,,,0.3667810087786479,80.32376861572266,78.74224853515625,58.812832537695506,1.0391414867226985,0.7563448278794928
48,2020-11-03,81.53800201416016,82.94999694824219,80.60549926757812,82.28299713134766,81.79246520996094,31432000,23,23.0,60.0,28.0,80.7318344116211,81.1622543334961,70.71887969970703,81.21600341796875,81.64900207519531,71.14299774169922,0.013137702197278056,1.3137702197278056,79.33704147338867,77.82050933837891,,,0.3542525427602877,80.7318344116211,79.4674072265625,60.96827907885397,1.231517804494132,0.8513794232024207
49,2020-11-04,85.27899932861328,88.50150299072266,85.1500015258789,87.2925033569336,86.77210998535156,71342000,23,23.0,55.0,28.0,81.79246520996094,78.74224853515625,71.52405548095703,82.28299713134766,79.2145004272461,71.9530029296875,0.06088146093418145,6.088146093418145,80.13157730102539,78.53301200866699,76.7608888244629,,0.4032413180110651,81.79246520996094,75.08966064453125,69.13518899661254,1.7654422201069764,1.034191982583332
50,2020-11-05,88.52249908447266,89.59100341796875,87.05149841308594,88.125,87.5996322631836,39758000,23,23.0,55.0,42.0,86.77210998535156,79.4674072265625,72.49819946289062,87.2925033569336,79.94400024414062,72.93299865722656,0.009536731076053462,0.9536731076053462,80.90613174438477,79.22652778625488,76.8785530090332,,0.4023159086098682,86.77210998535156,77.37993621826172,70.24923770078135,2.2296532434471317,1.2732842347560918
51,2020-11-06,87.56700134277344,88.42500305175781,86.83399963378906,87.98650360107422,87.46196746826172,28622000,23,23.0,55.0,42.0,87.5996322631836,75.08966064453125,72.864013671875,88.125,75.54000091552734,73.3010025024414,-0.0015715225208740025,-0.15715225208740025,81.53610305786133,79.84601287841797,77.00898101806641,,0.4024106485555455,87.5996322631836,80.32376861572266,69.79789051976579,2.5569603778828736,1.5300194633814481
52,2020-11-09,89.79900360107422,90.84449768066406,87.87750244140625,88.07099914550781,87.54596710205078,53440000,55,23.0,55.0,42.0,87.46196746826172,77.37993621826172,72.8431396484375,87.98650360107422,77.84400177001953,73.27999877929688,0.0009604132655665065,0.09604132655665065,82.41647491455078,80.3351547241211,77.13024398803711,,0.38919961303238926,87.46196746826172,80.7318344116211,69.92486483814,2.7909592673540686,1.7822074241759722
53,2020-11-10,86.4885025024414,87.96900177001953,85.80599975585938,86.88600158691406,86.36802673339844,43022000,55,55.0,55.0,42.0,87.54596710205078,80.32376861572266,73.95148468017578,88.07099914550781,80.80549621582031,74.3949966430664,-0.01345510715849696,-1.345510715849696,83.10653686523438,80.75923652648926,77.23778900146485,,0.3951947402220593,87.54596710205078,81.79246520996094,65.75033853259268,2.848519173943515,1.995469774129481
54,2020-11-11,87.41999816894531,88.1449966430664,87.15299987792969,87.36150360107422,86.8406982421875,31838000,55,55.0,23.0,42.0,86.36802673339844,80.7318344116211,72.34610748291016,86.88600158691406,81.21600341796875,72.77999877929688,0.005472760310341496,0.5472760310341496,84.281640625,81.21597290039062,77.32938995361329,,0.3941234395892791,86.36802673339844,86.77210998535156,66.61171012495814,2.898860199192569,2.1761478591420986
55,2020-11-12,87.0999984741211,88.2490005493164,86.89849853515625,87.14099884033203,86.62149810791016,26474000,55,55.0,23.0,28.0,86.8406982421875,81.79246520996094,73.69950103759766,87.36150360107422,82.28299713134766,74.1415023803711,-0.002524163654995304,-0.2524163654995304,85.20579681396484,81.68155555725097,77.35466842651367,,0.393278918235097,86.8406982421875,87.5996322631836,65.78542483844018,2.8877796789274868,2.3184742230991766
56,2020-11-13,87.4000015258789,88.85649871826172,86.79900360107422,88.61299896240234,88.08473205566406,29744000,55,55.0,23.0,28.0,86.62149810791016,86.77210998535156,72.11847686767578,87.14099884033203,87.2925033569336,72.5510025024414,0.016892272469486214,1.6892272469486214,85.98189315795898,82.18990707397461,77.4965673828125,,0.3951495882366762,86.62149810791016,87.46196746826172,68.58666958048951,2.9629144047066944,2.4473622594206805
57,2020-11-16,88.20700073242188,89.71700286865234,88.06649780273438,88.70149993896484,88.17269134521484,25468000,64,55.0,23.0,28.0,88.08473205566406,87.5996322631836,72.52205657958984,88.61299896240234,88.125,72.95700073242188,0.0009985758882162798,0.09985758882162798,86.72597885131836,82.79646911621094,77.68823791503907,,0.3791582024701412,88.08473205566406,87.54596710205078,68.75228880335425,2.9950319319940917,2.556896193935363
58,2020-11-17,88.39299774169922,88.85700225830078,87.97450256347656,88.08300018310547,87.55789184570312,21314000,64,64.0,23.0,28.0,88.17269134521484,87.46196746826172,73.72931671142578,88.70149993896484,87.98650360107422,74.17150115966797,-0.0069726747605406425,-0.6972674760540643,87.30252151489258,83.31978149414063,77.92487884521485,,0.381882625710228,88.17269134521484,86.36802673339844,66.12795933765042,2.937019984101582,2.6329209519686065
59,2020-11-18,87.83200073242188,88.25,86.92849731445312,87.03199768066406,86.51315307617188,20108000,64,64.0,55.0,28.0,87.55789184570312,87.54596710205078,75.072265625,88.08300018310547,88.07099914550781,75.52249908447266,-0.011931977203977429,-1.1931977203977429,87.27662582397461,83.7041015625,78.11713577270508,,0.3824943186644758,87.55789184570312,86.8406982421875,61.81027617971465,2.774757730102394,2.661288307595364
60,2020-11-19,86.6614990234375,88.17449951171875,86.5009994506836,87.92849731445312,87.404296875,20106000,64,64.0,55.0,45.0,86.51315307617188,86.36802673339844,77.76313018798828,87.03199768066406,86.88600158691406,78.22949981689453,0.010300674141924926,1.0300674141924926,87.25709228515625,84.08161201477051,78.34826950073243,,0.38184986653425645,86.51315307617188,86.62149810791016,63.97120352365955,2.6870964070169236,2.6664499274796762
61,2020-11-20,88.0999984741211,88.41799926757812,86.75,86.81900024414062,86.30142211914062,27694000,64,64.0,55.0,45.0,87.404296875,86.8406982421875,77.88639068603516,87.92849731445312,87.36150360107422,78.35350036621094,-0.012618083953431225,-1.2618083953431225,87.14103775024414,84.33857040405273,78.56757431030273,,0.3840543357096649,87.404296875,88.08473205566406,59.48514185831107,2.499815088952431,2.6331229597742274
62,2020-11-23,87.01100158691406,87.29949951171875,85.50900268554688,86.37799835205078,85.86305236816406,22530000,24,64.0,55.0,45.0,86.30142211914062,86.62149810791016,77.70597076416016,86.81900024414062,87.14099884033203,78.1719970703125,-0.0050795194356285656,-0.5079519435628566,86.97274627685547,84.69461059570312,78.78500045776367,,0.36529872257912754,86.30142211914062,88.17269134521484,57.75156329348573,2.2896271235652677,2.5644237925324354
63,2020-11-24,86.375,88.3239974975586,86.0364990234375,88.19499969482422,87.6692123413086,27984000,24,24.0,55.0,45.0,85.86305236816406,88.08473205566406,77.30984497070312,86.37799835205078,88.61299896240234,77.77349853515625,0.02103535715688354,2.103535715688354,87.10286483764648,85.10470085144043,79.01241653442383,,0.36966856508341167,85.86305236816406,87.55789184570312,62.58919101858342,2.242938463372468,2.500126726700442
64,2020-11-25,88.3905029296875,88.51899719238281,87.41799926757812,88.20649719238281,87.68064880371094,19600000,24,24.0,64.0,45.0,87.6692123413086,88.17269134521484,77.9177017211914,88.19499969482422,88.70149993896484,78.38500213623047,0.00013045015572643592,0.013045015572643592,87.18685989379883,85.73425025939942,79.2629541015625,,0.2946103392632017,87.6692123413086,86.51315307617188,62.61837873448931,2.181710786850388,2.436443538730431
65,2020-11-27,88.22699737548828,89.85050201416016,88.22699737548828,89.35099792480469,88.81832885742188,14790000,24,24.0,64.0,60.0,87.68064880371094,87.55789184570312,76.04145050048828,88.20649719238281,88.08300018310547,76.49749755859375,0.012975269563274328,1.2975269563274328,87.40654296875,86.30616989135743,79.5611457824707,,0.28315650629238104,87.68064880371094,87.404296875,65.50182738953447,2.1996326880268384,2.3890813685897125
66,2020-11-30,88.78250122070312,89.01699829101562,87.39199829101562,87.72000122070312,87.1970443725586,32418000,26,24.0,64.0,60.0,88.81832885742188,86.51315307617188,77.09164428710938,89.35099792480469,87.03199768066406,77.55400085449219,-0.01825394043909445,-1.8253940439094452,87.31777420043946,86.64983367919922,79.86264739990234,,0.27175177673427603,88.81832885742188,86.30142211914062,58.56849644601451,2.0592737891528827,2.3231198527023467
67,2020-12-01,88.33300018310547,91.08599853515625,88.15149688720703,89.76799774169922,89.23284912109375,37350000,26,26.0,64.0,60.0,87.1970443725586,87.404296875,78.82675170898438,87.72000122070312,87.92849731445312,79.29949951171875,0.023347176079007603,2.3347176079007603,87.42378997802734,87.07488441467285,80.22569030761719,,0.2800996739619703,87.1970443725586,85.86305236816406,63.75629058131468,2.088238862121642,2.276143654586206
68,2020-12-02,89.76799774169922,91.63700103759766,89.25849914550781,91.24849700927734,90.70450592041016,29424000,26,26.0,64.0,60.0,89.23284912109375,86.30142211914062,79.85408782958984,89.76799774169922,86.81900024414062,80.33300018310547,0.01649232108816001,1.6492321088160011,87.73845138549805,87.5204864501953,80.58866333007812,,0.28161542411231416,89.23284912109375,87.6692123413086,66.97546057389359,2.2045318250811334,2.2618212886851916
69,2020-12-03,91.0270004272461,92.19149780273438,90.8499984741211,91.09200286865234,90.5489501953125,24728000,26,26.0,24.0,60.0,90.70450592041016,85.86305236816406,81.1622543334961,91.24849700927734,86.37799835205078,81.64900207519531,-0.0017149724097956787,-0.17149724097956787,88.14203109741212,87.70932846069336,80.99865447998047,,0.19088946511049007,90.70450592041016,87.68064880371094,66.30507878498435,2.258112671835562,2.2610795653152658
70,2020-12-04,91.01100158691406,91.4749984741211,90.67949676513672,91.18800354003906,90.64437866210938,20544000,26,26.0,24.0,55.0,90.5489501953125,87.6692123413086,78.74224853515625,91.09200286865234,88.19499969482422,79.2145004272461,0.0010538881631541042,0.10538881631541042,88.46603927612304,87.86156578063965,81.39716445922852,,0.1889306520430213,90.5489501953125,88.81832885742188,66.52643164660175,2.2819710172499157,2.265257855702196
71,2020-12-07,90.77749633789062,91.4645004272461,90.1520004272461,90.85150146484375,90.30989074707031,22288000,33,26.0,24.0,55.0,90.64437866210938,87.68064880371094,79.4674072265625,91.18800354003906,88.20649719238281,79.94400024414062,-0.0036901120618402228,-0.3690112061840223,88.86688613891602,88.00396194458008,81.77288116455078,,0.1895772112943743,90.64437866210938,87.1970443725586,64.91666087750298,2.2479752887566207,2.261801342313081
72,2020-12-08,90.4260025024414,90.79850006103516,89.56400299072266,90.56649780273438,90.02657318115234,19936000,33,33.0,24.0,55.0,90.30989074707031,88.81832885742188,75.08966064453125,90.85150146484375,89.35099792480469,75.54000091552734,-0.003137170951866719,-0.3137170951866719,89.28323822021484,88.12799224853515,82.12344863891602,,0.1903373434962118,90.30989074707031,89.23284912109375,63.514744475717784,2.173121675262635,2.244065408902992
73,2020-12-09,90.51799774169922,91.41850280761719,88.0999984741211,88.89299774169922,88.36305236816406,31728000,33,33.0,26.0,55.0,90.02657318115234,87.1970443725586,77.37993621826172,90.56649780273438,87.72000122070312,77.84400177001953,-0.01847810878729028,-1.8478108787290282,89.3526222229004,88.22774353027344,82.4334294128418,,0.19630163042816265,90.02657318115234,90.70450592041016,55.883599014020696,1.9570082474120198,2.1866539766047977
74,2020-12-10,88.12999725341797,88.74949645996094,86.67649841308594,88.38249969482422,87.85559844970703,28688000,33,33.0,26.0,55.0,88.36305236816406,89.23284912109375,80.32376861572266,88.89299774169922,89.76799774169922,80.80549621582031,-0.0057428292126298075,-0.5742829212629808,89.3701171875,88.27848854064942,82.73367858886719,,0.19711044828508242,88.36305236816406,90.5489501953125,53.76162237853644,1.7249058674536997,2.094304354774578
75,2020-12-11,88.0,88.8655014038086,87.63700103759766,88.73999786376953,88.21096801757812,18628000,33,33.0,26.0,23.0,87.85559844970703,90.70450592041016,80.7318344116211,88.38249969482422,91.24849700927734,81.21600341796875,0.0040449279743342,0.40449279743342004,89.30938110351562,88.35796203613282,83.01886825561523,,0.1970848241277901,87.85559844970703,90.64437866210938,55.048878796467314,1.5517507960634873,1.98579364303236
76,2020-12-14,88.53600311279297,89.48999786376953,87.45649719238281,87.61299896240234,87.09069061279297,33050000,36,33.0,26.0,23.0,88.21096801757812,90.5489501953125,81.79246520996094,88.73999786376953,91.09200286865234,82.28299713134766,-0.012699978584997718,-1.2699978584997718,89.29874572753906,88.30825996398926,83.3137599182129,,0.19335867249067484,88.21096801757812,90.30989074707031,50.29530790198858,1.3090373625861815,1.8504423869431244
77,2020-12-15,87.99299621582031,88.19999694824219,87.08350372314453,88.05400085449219,87.529052734375,21352000,36,36.0,26.0,23.0,87.09069061279297,90.64437866210938,86.77210998535156,87.61299896240234,91.18800354003906,87.2925033569336,0.005033398156537805,0.5033398156537805,89.12836608886718,88.27607803344726,83.59035095214844,,0.19430073450876142,87.09069061279297,90.02657318115234,52.0404807417171,1.1389285185624942,1.7081396132669984
78,2020-12-16,88.45549774169922,88.45549774169922,87.4530029296875,87.8594970703125,87.3357162475586,24676000,36,36.0,33.0,23.0,87.529052734375,90.30989074707031,87.5996322631836,88.05400085449219,90.85150146484375,88.125,-0.0022088264499231514,-0.22088264499231514,88.79148712158204,88.26496925354004,83.8946957397461,,0.19285984619354035,87.529052734375,88.36305236816406,51.18685985850257,0.9772502626889406,1.5619617431513868
79,2020-12-17,88.19650268554688,88.33550262451172,86.55750274658203,87.02549743652344,86.5066909790039,34880000,36,36.0,33.0,23.0,87.3357162475586,90.02657318115234,87.46196746826172,87.8594970703125,90.56649780273438,87.98650360107422,-0.00949239674413116,-0.949239674413116,88.38726119995117,88.26464614868163,84.17438842773437,,0.1910535268595053,87.3357162475586,87.85559844970703,47.5826429393197,0.7733094395108395,1.4042312824232774
80,2020-12-18,87.30850219726562,87.41799926757812,85.75,86.31099700927734,85.79645538330078,85256000,36,36.0,33.0,55.0,86.5066909790039,88.36305236816406,87.54596710205078,87.02549743652344,88.89299774169922,88.07099914550781,-0.0082101810584283,-0.8210181058428301,87.90246887207032,88.18425407409669,84.41573120117188,,0.18918993564725564,86.5066909790039,88.21096801757812,44.68005439881786,0.5480571295059775,1.2329964518398175
81,2020-12-21,85.45649719238281,86.8499984741211,84.69999694824219,86.72799682617188,86.21095275878906,33974000,33,36.0,33.0,55.0,85.79645538330078,87.85559844970703,86.36802673339844,86.31099700927734,88.38249969482422,86.88600158691406,0.004831171330289763,0.4831171330289763,87.4925750732422,88.1797306060791,84.63850494384765,,0.18489766137862573,85.79645538330078,87.09069061279297,46.72265530861532,0.3983970518544169,1.0660765718427374
82,2020-12-22,86.46649932861328,86.63050079345703,85.28900146484375,86.01100158691406,85.49824523925781,20370000,33,33.0,33.0,55.0,86.21095275878906,88.21096801757812,86.8406982421875,86.72799682617188,88.73999786376953,87.36150360107422,-0.008267018246803759,-0.8267018246803759,87.03974227905273,88.16149024963379,84.79320724487305,,0.18640184288037248,86.21095275878906,87.529052734375,43.73258651859108,0.21974770681605094,0.8968107988374001
83,2020-12-23,86.19650268554688,87.20549774169922,86.05999755859375,86.4114990234375,85.89635467529297,22974000,33,33.0,36.0,55.0,85.49824523925781,87.09069061279297,86.62149810791016,86.01100158691406,87.61299896240234,87.14099884033203,0.004656346278465673,0.4656346278465673,86.79307250976562,88.07284736633301,84.9534065246582,,0.1700659343697169,85.49824523925781,87.3357162475586,45.818426976349215,0.10903404156296403,0.739255447382513
84,2020-12-24,86.44999694824219,87.12049865722656,86.21749877929688,86.70800018310547,86.19107818603516,9312000,33,33.0,36.0,55.0,85.89635467529297,87.529052734375,88.08473205566406,86.4114990234375,88.05400085449219,88.61299896240234,0.00343115271720551,0.343115271720551,86.62662048339844,87.99836883544921,85.1231086730957,,0.17075052276959168,85.89635467529297,86.5066909790039,47.37376027014224,0.04456072016677126,0.6003165019393647
85,2020-12-28,87.24549865722656,89.3499984741211,87.09100341796875,88.697998046875,88.16921997070312,27650000,41,33.0,36.0,64.0,86.19107818603516,87.3357162475586,88.17269134521484,86.70800018310547,87.8594970703125,88.70149993896484,0.022950655987831414,2.2950655987831414,86.62244567871093,87.96591339111328,85.34029617309571,,0.1845400198941842,86.19107818603516,85.79645538330078,56.41686643820911,0.1513401039447615,0.5105212223404441
86,2020-12-29,89.36150360107422,89.42350006103516,87.75550079345703,87.88800048828125,87.36404418945312,19726000,41,41.0,36.0,64.0,88.16921997070312,86.5066909790039,87.55789184570312,88.697998046875,87.02549743652344,88.08300018310547,-0.009132164053595404,-0.9132164053595404,86.64978103637695,87.97426338195801,85.52922302246094,,0.17538477906172834,88.16921997070312,86.21095275878906,52.464994256242974,0.16904394510763154,0.44222576689388154
87,2020-12-30,88.25,88.38800048828125,86.4000015258789,86.8125,86.29496002197266,21026000,41,41.0,36.0,64.0,87.36404418945312,85.79645538330078,86.51315307617188,87.88800048828125,86.31099700927734,87.03199768066406,-0.012237118569764283,-1.2237118569764283,86.52637176513672,87.82736892700196,85.73429321289062,,0.15754796608681076,87.36404418945312,85.49824523925781,47.68845791829097,0.09570498171706276,0.3729216098585178
88,2020-12-31,86.8635025024414,87.875,86.80449676513672,87.63200378417969,87.10958099365234,21070000,41,41.0,33.0,64.0,86.29496002197266,86.21095275878906,87.404296875,86.8125,86.72799682617188,87.92849731445312,0.009439960010089399,0.9439960010089399,86.50375823974609,87.64762268066406,85.93465194702148,,0.14852140939348704,86.29496002197266,85.89635467529297,51.324915627282394,0.10213903398987156,0.31876509468478853
89,2021-01-04,88.0,88.12449645996094,85.35700225830078,86.30650329589844,85.79197692871094,37324000,55,41.0,33.0,64.0,87.10958099365234,85.49824523925781,86.30142211914062,87.63200378417969,86.01100158691406,86.81900024414062,-0.015125822554896917,-1.5125822554896917,86.43228683471679,87.40977401733399,86.07395645141601,,0.15566307871837354,87.10958099365234,86.19107818603516,45.78141326850254,0.0009079639633853276,0.2551936685405079
90,2021-01-05,86.25450134277344,87.34149932861328,85.84500122070312,87.00250244140625,86.48382568359375,20360000,55,55.0,33.0,24.0,85.79197692871094,85.89635467529297,85.86305236816406,86.30650329589844,86.4114990234375,86.37799835205078,0.0080642593824094,0.80642593824094,86.50102386474609,87.20174636840821,86.2065512084961,,0.15980867807971677,85.79197692871094,88.16921997070312,48.9022340299598,-0.023224261040653005,0.19951008262427572
91,2021-01-06,85.01300048828125,87.19850158691406,84.80500030517578,86.14399719238281,85.63044738769531,46588000,55,55.0,33.0,24.0,86.48382568359375,86.19107818603516,87.6692123413086,87.00250244140625,86.70800018310547,88.19499969482422,-0.009867490124923162,-0.9867490124923162,86.44297332763672,86.96777420043945,86.29591506958008,,0.16201131013299575,86.48382568359375,87.36404418945312,45.428740883598806,-0.10994237248539207,0.13761959160234216
92,2021-01-07,86.33799743652344,88.89099884033203,86.33799743652344,88.71700286865234,88.1881103515625,41936000,55,55.0,41.0,24.0,85.63044738769531,88.16921997070312,87.68064880371094,86.14399719238281,88.697998046875,88.20649719238281,0.02986861615106684,2.986861615106684,86.71195983886719,86.87585105895997,86.4848323059082,,0.1987712704251656,85.63044738769531,86.29496002197266,55.60633547315138,0.027399085722350947,0.11557549042634392
93,2021-01-08,88.85800170898438,89.96800231933594,88.06099700927734,89.8915023803711,89.35560607910156,35484000,55,55.0,41.0,24.0,88.1881103515625,87.36404418945312,88.81832885742188,88.71700286865234,87.88800048828125,89.35099792480469,0.013238697630381546,1.3238697630381546,87.05788497924804,86.92547874450683,86.68259628295898,,0.19350474705371784,88.1881103515625,87.10958099365234,59.33456989331322,0.2278241143130515,0.13802521520368544
94,2021-01-11,88.85099792480469,89.21900177001953,87.60700225830078,87.81449890136719,87.29097747802734,34796000,33,55.0,41.0,26.0,89.35560607910156,86.29496002197266,87.1970443725586,89.8915023803711,86.8125,87.72000122070312,-0.023105753423534714,-2.3105753423534714,87.16787490844726,86.89724769592286,86.9266226196289,,0.21018377218989467,89.35560607910156,85.79197692871094,51.15319484529389,0.2175562669486908,0.15393142555268652
95,2021-01-12,87.26799774169922,88.3949966430664,85.81900024414062,86.87149810791016,86.35359954833984,29528000,33,33.0,41.0,26.0,87.29097747802734,87.10958099365234,89.23284912109375,87.81449890136719,87.63200378417969,89.76799774169922,-0.010738543166428083,-1.0738543166428083,86.98631286621094,86.80437927246093,87.10609588623046,,0.2127225090912186,87.29097747802734,86.48382568359375,47.92236410854129,0.13225579650924146,0.14959629974399752
96,2021-01-13,86.36599731445312,87.81950378417969,86.36599731445312,87.36250305175781,86.8416748046875,23432000,33,33.0,55.0,26.0,86.35359954833984,85.79197692871094,90.70450592041016,86.87149810791016,86.30650329589844,91.24849700927734,0.005652054562872433,0.5652054562872433,86.93407592773437,86.79192848205567,87.23645401000977,,0.20925673321041965,86.35359954833984,85.63044738769531,49.70365409753599,0.10285253332077104,0.14024754645935222
97,2021-01-14,87.44349670410156,88.37750244140625,86.30349731445312,86.5459976196289,86.03004455566406,29212000,33,33.0,55.0,26.0,86.8416748046875,86.48382568359375,90.5489501953125,87.36250305175781,87.00250244140625,91.09200286865234,-0.009346091618440688,-0.9346091618440688,86.90758438110352,86.71697807312012,87.34241821289062,,0.21083291201918325,86.8416748046875,88.1881103515625,46.83480192043666,0.013898247045091239,0.11497768657650002
98,2021-01-15,86.45099639892578,87.38099670410156,85.58550262451172,86.38099670410156,85.86602020263672,31444000,33,33.0,55.0,26.0,86.03004455566406,85.63044738769531,90.64437866210938,86.5459976196289,86.14399719238281,91.18800354003906,-0.0019065938402625937,-0.19065938402625937,86.78322830200196,86.64349327087402,87.42388931274414,,0.21080847245206252,86.03004455566406,89.35560607910156,46.25376763573544,-0.0690382304442636,0.0781745031723473
99,2021-01-19,87.1500015258789,90.19200134277344,86.6415023803711,89.22350311279297,88.69159698486328,41660000,0,33.0,55.0,33.0,85.86602020263672,88.1881103515625,90.30989074707031,86.38099670410156,88.71700286865234,90.85150146484375,0.03290680965017856,3.290680965017856,87.07319030761718,86.75273857116699,87.46227905273437,,0.23932252832603476,85.86602020263672,87.29097747802734,56.30930883696403,0.09217194481085755,0.08097399150004936
100,2021-01-20,91.31849670410156,94.98600006103516,90.97550201416016,94.00350189208984,93.4430923461914,64152000,0,0.0,55.0,33.0,88.69159698486328,89.35560607910156,90.02657318115234,89.22350311279297,89.8915023803711,90.56649780273438,0.053573230417071516,5.357323041707152,87.76911697387695,87.13507041931152,87.57914825439452,,0.29949187000520255,88.69159698486328,86.35359954833984,67.36619842092388,0.5964624876402382,0.18407169072808716
101,2021-01-21,94.68250274658203,96.60399627685547,93.97049713134766,94.2074966430664,93.6458740234375,58634000,0,0.0,33.0,33.0,93.4430923461914,87.29097747802734,88.36305236816406,94.00350189208984,87.81449890136719,88.89299774169922,0.0021701088026371274,0.21701088026371274,88.57065963745117,87.50681648254394,87.70282638549804,,0.29959522145244694,93.4430923461914,86.8416748046875,67.74140683218081,1.0009409386100572,0.34744554030448116
102,2021-01-22,94.572998046875,95.21949768066406,93.82499694824219,94.62799835205078,94.0638656616211,32744000,0,0.0,33.0,33.0,93.6458740234375,86.35359954833984,87.85559844970703,94.2074966430664,86.87149810791016,88.38249969482422,0.00446353502001573,0.446353502001573,89.15823516845703,87.9350975036621,87.83318435668946,,0.29589140157692356,93.6458740234375,86.03004455566406,68.54424602004707,1.339777337844808,0.5459118998125465
103,2021-01-25,95.63700103759766,96.09100341796875,92.95800018310547,94.71399688720703,94.14935302734375,50586000,0,0.0,33.0,33.0,94.0638656616211,86.8416748046875,88.21096801757812,94.62799835205078,87.36250305175781,88.73999786376953,0.0009088225868814082,0.09088225868814082,89.63760986328126,88.34774742126464,87.98881088256836,,0.29623917224882296,94.0638656616211,85.86602020263672,68.71573182001508,1.5967988383531093,0.7560892875206591
104,2021-01-26,94.29949951171875,95.7874984741211,93.80650329589844,95.39749908447266,94.82878112792969,31462000,0,0.0,33.0,36.0,94.14935302734375,86.03004455566406,87.09069061279297,94.71399688720703,86.5459976196289,87.61299896240234,0.007216492506205707,0.7216492506205707,90.39139022827149,88.77963256835938,88.1485725402832,,0.29631860754898826,94.14935302734375,88.69159698486328,70.1104108267789,1.834171214714317,0.9717056729593907
105,2021-01-27,93.74549865722656,94.02349853515625,89.86399841308594,90.9469985961914,90.40480041503906,82512000,0,0.0,33.0,36.0,94.82878112792969,85.86602020263672,87.529052734375,95.39749908447266,86.38099670410156,88.05400085449219,-0.04665229965280704,-4.665229965280703,90.7965103149414,88.89141159057617,88.22423858642578,,0.3400160902702575,94.82878112792969,93.4430923461914,53.41298519481701,1.6463343448554184,1.1066314073385963
106,2021-01-28,91.55000305175781,94.39949798583984,91.55000305175781,92.66000366210938,92.10760498046875,55278000,0,0.0,0.0,36.0,90.40480041503906,88.69159698486328,87.3357162475586,90.9469985961914,89.22350311279297,87.8594970703125,0.018835333495702544,1.8835333495702544,91.32310333251954,89.12858963012695,88.30469604492187,,0.34293044317699944,90.40480041503906,93.6458740234375,57.598812353682156,1.6162433227512025,1.2085537904211177
107,2021-01-29,91.70099639892578,92.37699890136719,90.0780029296875,91.36799621582031,90.82329559326172,44530000,0,0.0,0.0,36.0,92.10760498046875,93.4430923461914,86.5066909790039,92.66000366210938,94.00350189208984,87.02549743652344,-0.013943575967254485,-1.3943575967254485,91.8024284362793,89.35500640869141,88.35770812988281,,0.3439792503590646,92.10760498046875,94.0638656616211,53.68114368704803,1.4717969774194017,1.2612024278207745
108,2021-02-01,92.22949981689453,95.7770004272461,92.22949981689453,94.65350341796875,94.08921813964844,40252000,56,0.0,0.0,36.0,90.82329559326172,93.6458740234375,85.79645538330078,91.36799621582031,94.2074966430664,86.31099700927734,0.03595908434123163,3.595908434123163,92.62474822998047,89.70398826599121,88.48833465576172,,0.3631335983871005,90.82329559326172,94.14935302734375,60.95409351588173,1.602383582612859,1.3294386587791913
109,2021-02-02,95.65650177001953,97.46849822998047,95.31849670410156,95.95600128173828,95.38394927978516,66332000,56,56.0,0.0,33.0,94.08921813964844,94.0638656616211,86.21095275878906,94.65350341796875,94.62799835205078,86.72799682617188,0.013760674875787249,1.3760674875787249,93.29398345947266,90.18358688354492,88.66575057983398,,0.357269431265393,94.08921813964844,94.82878112792969,63.40714919146998,1.7897176396543841,1.42149445495423
110,2021-02-03,103.28050231933594,105.33100128173828,100.67749786376953,102.94400024414062,102.33029174804688,97882000,56,56.0,0.0,33.0,95.38394927978516,94.14935302734375,85.49824523925781,95.95600128173828,94.71399688720703,86.01100158691406,0.0728250666984478,7.282506669844779,94.18270339965821,90.97591018676758,88.96427047729492,,0.42988324195702715,95.38394927978516,90.40480041503906,73.15249259387377,2.470217879651898,1.6312391398937638
111,2021-02-04,103.03099822998047,103.46499633789062,101.75499725341797,102.68150329589844,102.0693588256836,48596000,56,56.0,0.0,33.0,102.33029174804688,94.82878112792969,85.89635467529297,102.94400024414062,95.39749908447266,86.4114990234375,-0.002549908906795073,-0.2549908906795073,95.02505187988281,91.797855758667,89.27962921142579,,0.42644171999302316,102.33029174804688,92.10760498046875,72.37278181362973,2.9544075453343623,1.8958728209818836
112,2021-02-05,102.97799682617188,104.7969970703125,102.5,104.44149780273438,103.81886291503906,29866000,56,56.0,0.0,33.0,102.0693588256836,90.40480041503906,86.19107818603516,102.68150329589844,90.9469985961914,86.70800018310547,0.01714034563833522,1.714034563833522,96.00055160522462,92.57939338684082,89.63874542236329,,0.4205958064263039,102.0693588256836,90.82329559326172,74.34707678034383,3.4396515407283488,2.204628564931177
113,2021-02-08,105.0,105.75,103.1675033569336,104.22599792480469,103.60465240478516,28828000,48,56.0,0.0,41.0,103.81886291503906,92.10760498046875,88.16921997070312,104.44149780273438,92.66000366210938,88.697998046875,-0.002063310117634498,-0.2063310117634498,96.94608154296876,93.291845703125,89.95745422363281,,0.42182454336620456,103.81886291503906,94.08921813964844,73.65305018223681,3.76354213412813,2.5164112787705677
114,2021-02-09,103.73999786376953,104.92549896240234,103.5,103.76950073242188,103.15087890625,21892000,48,48.0,0.0,41.0,103.60465240478516,90.82329559326172,87.36404418945312,104.22599792480469,91.36799621582031,87.88800048828125,-0.004379856386779402,-0.43798563867794016,97.77829132080078,94.08484077453613,90.2668588256836,,0.4086865332016479,103.60465240478516,95.38394927978516,72.11725105095933,3.9382147457789642,2.8007719721722473
115,2021-02-10,104.15699768066406,104.94400024414062,102.61199951171875,104.3239974975586,103.70206451416016,25102000,48,48.0,56.0,41.0,103.15087890625,94.08921813964844,86.29496002197266,103.76950073242188,94.65350341796875,86.8125,0.005343489204887142,0.5343489204887142,99.10801773071289,94.95226402282715,90.56453353881835,,0.40248554480832827,103.15087890625,102.33029174804688,72.85759815293436,4.074155789204454,3.055448735578689
116,2021-02-11,104.55000305175781,104.69999694824219,103.44300079345703,104.4375,103.81488800048828,20480000,48,48.0,56.0,41.0,103.70206451416016,95.38394927978516,87.10958099365234,104.3239974975586,95.95600128173828,87.63200378417969,0.0010879579577967036,0.10879579577967036,100.27874603271485,95.8009246826172,90.89689041137696,,0.4033886780380959,103.70206451416016,102.0693588256836,73.01554095492145,4.143233343057375,3.2730056570744264
117,2021-02-12,103.9885025024414,104.9749984741211,103.67849731445312,104.75150299072266,104.12701416015625,18990000,48,48.0,56.0,55.0,103.81488800048828,102.33029174804688,85.79197692871094,104.4375,102.94400024414062,86.30650329589844,0.003006564527300748,0.3006564527300748,101.6091178894043,96.7057731628418,91.19477371215821,,0.3981782552390977,103.81488800048828,103.81886291503906,73.47539064230463,4.175036552197071,3.4534118360989554
118,2021-02-16,104.5875015258789,107.25700378417969,104.5875015258789,105.53500366210938,104.90584564208984,31004000,31,48.0,56.0,55.0,104.12701416015625,102.0693588256836,86.48382568359375,104.75150299072266,102.68150329589844,87.00250244140625,0.0074796294526959795,0.747962945269598,102.69078063964844,97.65776443481445,91.4788005065918,,0.39587886993851634,104.12701416015625,103.60465240478516,74.63684837572983,4.214503839373037,3.6056302367537723
119,2021-02-17,104.6989974975586,106.12200164794922,104.4175033569336,105.93099975585938,105.29948425292969,20294000,31,31.0,56.0,55.0,104.90584564208984,103.81886291503906,85.63044738769531,105.53500366210938,104.44149780273438,86.14399719238281,0.0037523038723965563,0.3752303872396556,103.6823341369629,98.48815879821777,91.77381118774414,,0.3872837881481352,104.90584564208984,103.15087890625,75.22727651071358,4.22879833999815,3.730263857402648
120,2021-02-18,105.25,106.09950256347656,104.66649627685547,105.29049682617188,104.66279602050781,22546000,31,31.0,48.0,55.0,105.29948425292969,103.60465240478516,88.1881103515625,105.93099975585938,104.22599792480469,88.71700286865234,-0.006046451575133505,-0.6046451575133505,103.91558456420898,99.0491439819336,92.05417953491211,,0.35230665708209286,105.29948425292969,103.70206451416016,72.29577216159134,4.141016356534067,3.8124143572289317
121,2021-02-19,105.3895034790039,105.92900085449219,104.17150115966797,104.44049835205078,103.81787109375,37938000,31,31.0,48.0,55.0,104.66279602050781,103.15087890625,89.35560607910156,105.29049682617188,103.76950073242188,89.8915023803711,-0.008072829686226357,-0.8072829686226357,104.09043579101562,99.55774383544922,92.3243391418457,,0.3556116558482836,104.66279602050781,103.81488800048828,68.48189287799116,3.9576488100155984,3.8414612477862655
122,2021-02-22,102.68000030517578,104.0165023803711,102.4000015258789,102.71299743652344,102.10066223144531,29466000,40,31.0,48.0,33.0,103.81787109375,103.70206451416016,87.29097747802734,104.44049835205078,104.3239974975586,87.81449890136719,-0.016540590210658457,-1.6540590210658457,103.91861572265626,99.95958366394044,92.56582092285156,,0.3640634225437992,103.81787109375,104.12701416015625,61.393231695879464,3.63189804455358,3.799548607139729
123,2021-02-23,100.69950103759766,103.625,99.5114974975586,103.00599670410156,102.39191436767578,34658000,40,40.0,48.0,33.0,102.10066223144531,103.81488800048828,86.35359954833984,102.71299743652344,104.4375,86.87149810791016,0.0028525979152833614,0.28525979152833614,103.7973419189453,100.37171173095703,92.8463981628418,,0.3638848415768208,102.10066223144531,104.90584564208984,62.109619382250486,3.3585248455056558,3.711343854812914
124,2021-02-24,101.50199890136719,104.41600036621094,101.37650299072266,104.19049835205078,103.5693588256836,22608000,40,40.0,48.0,33.0,102.39191436767578,104.12701416015625,86.8416748046875,103.00599670410156,104.75150299072266,87.36250305175781,0.011499389041401908,1.1499389041401908,103.83918991088868,100.80874061584473,93.16067337036132,,0.3646334339262802,102.39191436767578,105.29948425292969,64.94185626601919,3.199996970018532,3.609074477854038
125,2021-02-25,102.79650115966797,104.1500015258789,100.32450103759766,100.79750061035156,100.19659423828125,41548000,40,40.0,31.0,33.0,103.5693588256836,104.90584564208984,86.03004455566406,104.19049835205078,105.53500366210938,86.5459976196289,-0.03256527437887302,-3.256527437887302,103.48864288330078,101.29833030700684,93.4003858947754,,0.34100142215335694,103.5693588256836,104.66279602050781,52.77316141070719,2.770274570912264,3.441314496465683
126,2021-02-26,101.49749755859375,102.82599639892578,100.05049896240234,101.09549713134766,100.49280548095703,40042000,40,40.0,31.0,33.0,100.19659423828125,105.29948425292969,85.86602020263672,100.79750061035156,105.93099975585938,86.38099670410156,0.00295630051028839,0.295630051028839,103.15643463134765,101.71759033203125,93.66842819213868,,0.33732300443142454,100.19659423828125,103.81787109375,53.59555381181957,2.425656783895306,3.238182953951608
127,2021-03-01,102.4000015258789,103.8115005493164,101.72100067138672,103.48300170898438,102.8660888671875,26060000,0,40.0,31.0,0.0,100.49280548095703,104.66279602050781,88.69159698486328,101.09549713134766,105.29049682617188,89.22350311279297,0.02361645069885321,2.361645069885321,103.03034210205078,102.31972999572754,93.97516891479492,,0.33632075942507295,100.49280548095703,102.10066223144531,59.65718073561972,2.3173360324685603,3.0540135696549986
128,2021-03-02,103.24199676513672,104.73699951171875,102.83350372314453,103.2239990234375,102.60862731933594,25564000,0,0.0,31.0,0.0,102.8660888671875,103.81787109375,93.4430923461914,103.48300170898438,104.44049835205078,94.00350189208984,-0.002502880693597498,-0.2502880693597498,102.8006202697754,102.74570045471191,94.28062713623046,,0.31882204422091753,102.8660888671875,102.39191436767578,58.760449741703965,2.18552271590994,2.880315398905987
129,2021-03-03,102.59750366210938,103.79949951171875,99.69999694824219,100.57050323486328,99.97093963623047,33892000,0,0.0,40.0,0.0,102.60862731933594,102.10066223144531,93.6458740234375,103.2239990234375,102.71299743652344,94.2074966430664,-0.025706295386805245,-2.5706295386805245,102.26776580810547,102.97504997253418,94.549912109375,,0.3340809004174009,102.60862731933594,103.5693588256836,50.40171657499688,1.8469301003993621,2.673638339204662
130,2021-03-04,100.74349975585938,103.72949981689453,100.27149963378906,101.69650268554688,101.09022521972656,49216000,0,0.0,40.0,0.0,99.97093963623047,102.39191436767578,94.0638656616211,100.57050323486328,103.00599670410156,94.62799835205078,0.011196109465099635,1.1196109465099635,101.91050872802734,102.91304664611816,94.85578750610351,,0.2111691109075509,99.97093963623047,100.19659423828125,53.42913125141414,1.649891088065715,2.4688888889768728
131,2021-03-05,103.05750274658203,105.30999755859375,101.38899993896484,104.85350036621094,104.22840118408203,53100000,0,0.0,40.0,0.0,101.09022521972656,103.5693588256836,94.14935302734375,101.69650268554688,104.19049835205078,94.71399688720703,0.031043317566405992,3.1043317566405992,101.95156173706054,103.02099876403808,95.21613647460937,,0.2387613505428607,101.09022521972656,100.49280548095703,60.67647375656988,1.7270524392279185,2.320521599027082
132,2021-03-08,104.2030029296875,105.68699645996094,100.2594985961914,100.375,99.77660369873047,36868000,36,0.0,40.0,0.0,104.22840118408203,100.19659423828125,94.82878112792969,104.85350036621094,100.79750061035156,95.39749908447266,-0.042711942568216754,-4.271194256821675,101.71915588378906,102.81888580322266,95.50170364379883,,0.2770638400317558,104.22840118408203,102.8660888671875,49.02187868118907,1.4126958358742172,2.1389564463965094
133,2021-03-09,102.48750305175781,103.19599914550781,101.77999877929688,102.01799774169922,101.4098129272461,33920000,36,36.0,40.0,0.0,99.77660369873047,100.49280548095703,90.40480041503906,100.375,101.09549713134766,90.9469985961914,0.01636865926452069,1.636865926452069,101.62094573974609,102.7091438293457,95.8119728088379,,0.2844904007564676,99.77660369873047,102.60862731933594,52.61759225830946,1.2805904487878053,1.9672832468747685
134,2021-03-10,103.06999969482422,103.06999969482422,100.96649932861328,101.80950164794922,101.20255279541016,27100000,36,36.0,0.0,0.0,101.4098129272461,102.8660888671875,92.10760498046875,102.01799774169922,103.48300170898438,92.66000366210938,-0.0020437877346705102,-0.20437877346705102,101.38426513671875,102.61172752380371,96.11220230102539,,0.28423390654127534,101.4098129272461,99.97093963623047,52.11522135420412,1.145961882020515,1.803018973903918
135,2021-03-11,102.91100311279297,105.5634994506836,102.82250213623047,105.0270004272461,104.40087127685547,27702000,36,36.0,0.0,0.0,101.20255279541016,102.60862731933594,90.82329559326172,101.80950164794922,103.2239990234375,91.36799621582031,0.031603140366537996,3.1603140366537996,101.80469284057617,102.64666786193848,96.43683532714844,,0.30619670956783757,101.20255279541016,101.09022521972656,58.67249509540694,1.282560782565767,1.698927335636288
136,2021-03-12,103.82050323486328,103.88050079345703,101.62100219726562,102.5,101.88893127441406,33818000,36,36.0,0.0,56.0,104.40087127685547,99.97093963623047,94.08921813964844,105.0270004272461,100.57050323486328,94.65350341796875,-0.024060527194070258,-2.406052719407026,101.94430541992188,102.55037002563476,96.72733306884766,,0.3183427530384832,104.40087127685547,104.22840118408203,52.58221904823301,1.1745839576407633,1.594058660037183
137,2021-03-15,102.2490005493164,102.74949645996094,101.3895034790039,102.72200012207031,102.10961151123047,26168000,25,36.0,0.0,56.0,101.88893127441406,101.09022521972656,95.38394927978516,102.5,101.69650268554688,95.95600128173828,0.0021658901909771267,0.21658901909771267,101.86865768432617,102.44949989318847,97.04362609863281,,0.3182253604281353,101.88893127441406,99.77660369873047,53.043364841932124,1.094205279424017,1.4940879839145498
138,2021-03-16,103.29949951171875,105.68399810791016,102.9645004272461,104.19450378417969,103.57333374023438,31900000,25,25.0,0.0,56.0,102.10961151123047,104.22840118408203,102.33029174804688,102.72200012207031,104.85350036621094,102.94400024414062,0.014334813416099657,1.4334813416099657,101.96512832641602,102.3828742980957,97.37290115356446,,0.3215004114019687,102.10961151123047,101.4098129272461,56.093412465618535,1.1355251221157516,1.4223754115547902
139,2021-03-17,103.42350006103516,104.94999694824219,102.20600128173828,104.11100006103516,103.49034118652344,26382000,25,25.0,36.0,56.0,103.57333374023438,99.77660369873047,102.0693588256836,104.19450378417969,100.375,102.68150329589844,-0.0008012926755750494,-0.08012926755750494,102.31706848144532,102.29241714477538,97.7268684387207,,0.3211183855316683,103.57333374023438,101.20255279541016,55.87181358415533,1.1483372723945564,1.3675677837227433
140,2021-03-18,102.40899658203125,103.4375,100.95899963378906,101.06700134277344,100.46446990966797,31700000,25,25.0,36.0,56.0,103.49034118652344,101.4098129272461,103.81886291503906,104.11100006103516,102.01799774169922,104.44149780273438,-0.02923819983743081,-2.923819983743081,102.25449295043946,102.0825008392334,98.00648132324218,,0.3364537092703205,103.49034118652344,104.40087127685547,48.369079875060145,0.9039087723522243,1.2748359814486396
141,2021-03-19,101.48650360107422,101.85199737548828,100.14649963378906,101.3479995727539,100.74380493164062,46072000,25,25.0,36.0,48.0,100.46446990966797,101.20255279541016,103.60465240478516,101.06700134277344,101.80950164794922,104.22599792480469,0.0027804359314673732,0.2780435931467373,101.90603332519531,101.92879753112793,98.30874847412109,,0.3359882471036212,100.46446990966797,101.88893127441406,49.0492800090892,0.7243871427630069,1.164746213711513
142,2021-03-22,101.38150024414062,102.41699981689453,100.69999694824219,101.53450012207031,100.92919921875,33536000,30,25.0,36.0,48.0,100.74380493164062,104.40087127685547,103.15087890625,101.3479995727539,105.0270004272461,103.76950073242188,0.001840254963917376,0.1840254963917376,102.02129287719727,101.87022438049317,98.56357025146484,,0.3312221741985421,100.74380493164062,102.10961151123047,49.52457417254313,0.5902704570962527,1.049851062388461
143,2021-03-23,101.99749755859375,103.20549774169922,101.4000015258789,102.06649780273438,101.45801544189453,28510000,30,30.0,36.0,48.0,100.92919921875,101.88893127441406,103.70206451416016,101.53450012207031,102.5,104.3239974975586,0.0052394770516150935,0.5239477051615093,102.0261131286621,101.8235294342041,98.8056184387207,,0.33163815592062607,100.92919921875,103.57333374023438,50.930671480998875,0.5206513227980025,0.9440111144703693
144,2021-03-24,102.58799743652344,103.37999725341797,101.44999694824219,101.62650299072266,101.02064514160156,25218000,30,30.0,25.0,48.0,101.45801544189453,102.10961151123047,103.81488800048828,102.06649780273438,102.72200012207031,104.4375,-0.004310850142179801,-0.43108501421798007,102.00792236328125,101.69609375,99.08021179199218,,0.3289470432986197,101.45801544189453,103.49034118652344,49.69756744458869,0.4252831301159006,0.8402655175994757
145,2021-03-25,101.45249938964844,102.28199768066406,99.80449676513672,101.62300109863281,101.01716613769531,35616000,30,30.0,25.0,48.0,101.02064514160156,103.57333374023438,104.12701416015625,101.62650299072266,104.19450378417969,104.75150299072266,-3.4438543738968264e-05,-0.0034438543738968264,101.66955184936523,101.7371223449707,99.3734831237793,,0.307141854047395,101.02064514160156,100.46446990966797,49.68726226187727,0.3454404018611399,0.7413004944518086
146,2021-03-26,101.5895004272461,101.96949768066406,100.19249725341797,101.23650360107422,100.63297271728516,27978000,30,30.0,25.0,31.0,101.01716613769531,103.49034118652344,104.90584564208984,101.62300109863281,104.11100006103516,105.53500366210938,-0.003803248844720719,-0.3803248844720719,101.54395599365235,101.7441307067871,99.64930908203125,,0.307387302507753,101.01716613769531,100.74380493164062,48.49144348958919,0.24830100684978618,0.642700596931404
147,2021-03-29,101.10800170898438,102.46050262451172,100.27249908447266,102.28949737548828,101.67969512939453,26492000,0,30.0,25.0,31.0,100.63297271728516,100.46446990966797,105.29948425292969,101.23650360107422,101.06700134277344,105.93099975585938,0.01040138618432751,1.040138618432751,101.50096435546875,101.68481101989747,99.96230209350585,,0.29748263205899184,100.63297271728516,100.92919921875,51.88873897926983,0.2528642258912299,0.5647333227233693
148,2021-03-30,102.64900207519531,103.13349914550781,101.80750274658203,102.32350158691406,101.7135009765625,27312000,0,0.0,25.0,31.0,101.67969512939453,100.74380493164062,104.66279602050781,102.28949737548828,101.3479995727539,105.29049682617188,0.0003324739233820928,0.03324739233820928,101.31498107910156,101.64005470275879,100.27925170898438,,0.2973885545401323,101.67969512939453,101.45801544189453,51.99885500385711,0.2562545166420449,0.5030375615071044
149,2021-03-31,102.72000122070312,104.31300354003906,102.3499984741211,103.1259994506836,102.5112075805664,42570000,0,0.0,30.0,31.0,101.7135009765625,100.92919921875,103.81787109375,102.32350158691406,101.53450012207031,104.44049835205078,0.007842681613994484,0.7842681613994484,101.21706771850586,101.76706809997559,100.55564392089843,,0.2828168013320873,101.7135009765625,101.02064514160156,54.637246504128136,0.31962516280161424,0.46635508176600643
150,2021-04-01,104.61250305175781,106.7874984741211,104.57150268554688,106.48899841308594,105.85415649414062,39880000,0,0.0,30.0,40.0,102.5112075805664,101.45801544189453,102.10066223144531,103.1259994506836,102.06649780273438,102.71299743652344,0.03261057002910528,3.261057002910528,101.75603637695312,102.0052646636963,100.80386520385743,,0.30219859062778903,102.5112075805664,101.01716613769531,63.653422834234924,0.6323060648607424,0.49954527838495366
151,2021-04-05,107.35749816894531,111.44950103759766,107.260498046875,110.947998046875,110.28656768798828,48510000,39,0.0,30.0,40.0,105.85415649414062,101.02064514160156,102.39191436767578,106.48899841308594,101.62650299072266,103.00599670410156,0.041872811995748105,4.1872811995748105,102.71031265258789,102.3081729888916,101.13667907714844,,0.31781687924846447,105.85415649414062,100.63297271728516,71.68836745821983,1.2236608717967812,0.6443683970673192
152,2021-04-06,110.5459976196289,111.4000015258789,110.0895004272461,110.46299743652344,109.80445861816406,35240000,39,39.0,30.0,40.0,110.28656768798828,101.01716613769531,103.5693588256836,110.947998046875,101.62300109863281,104.19049835205078,-0.0043714214698217235,-0.43714214698217235,103.5978385925293,102.80956573486328,101.4514909362793,,0.27022069335876586,110.28656768798828,101.67969512939453,69.87888134086738,1.6345693460564519,0.8424085868651457
153,2021-04-07,110.65499877929688,112.2249984741211,110.65499877929688,111.95149993896484,111.28409576416016,24134000,39,39.0,30.0,40.0,109.80445861816406,100.63297271728516,100.19659423828125,110.46299743652344,101.23650360107422,100.79750061035156,0.0134752009582908,1.34752009582908,104.58044662475587,103.30327987670898,101.79418579101562,,0.26878849862045373,109.80445861816406,101.7135009765625,72.19826735909174,2.0559123464127964,1.085109338774676
154,2021-04-08,113.19999694824219,113.5895004272461,112.15049743652344,112.52149963378906,111.85069274902344,28664000,39,39.0,0.0,40.0,111.28409576416016,101.67969512939453,100.49280548095703,111.95149993896484,102.28949737548828,101.09549713134766,0.005091446185302662,0.5091446185302662,105.66345138549805,103.83568687438965,102.1346240234375,,0.2675723582872868,111.28409576416016,102.5112075805664,73.05392716930355,2.4077938030752364,1.3496462316347881
155,2021-04-09,112.27200317382812,113.69850158691406,111.86299896240234,113.53350067138672,112.85665893554688,26146000,39,39.0,0.0,0.0,111.85069274902344,101.7135009765625,102.8660888671875,112.52149963378906,102.32350158691406,103.48300170898438,0.008993830630809496,0.8993830630809496,106.8474006652832,104.25847625732422,102.58366119384766,,0.24933895301404377,111.85069274902344,105.85415649414062,74.55149125687282,2.7362931722847037,1.6269756197647713
156,2021-04-12,112.70600128173828,112.84449768066406,111.39099884033203,112.23100280761719,111.56192779541016,25024000,51,39.0,0.0,0.0,112.85665893554688,102.5112075805664,102.60862731933594,113.53350067138672,103.1259994506836,103.2239990234375,-0.011472350434156953,-1.1472350434156953,107.9402961730957,104.74212608337402,102.97274765014649,,0.23407390121780866,112.85665893554688,110.28656768798828,69.21938759352135,2.859198248978828,1.8734201456075827
157,2021-04-13,112.54949951171875,113.17350006103516,112.15249633789062,112.72149658203125,112.04949951171875,25682000,51,51.0,0.0,0.0,111.56192779541016,105.85415649414062,99.97093963623047,112.23100280761719,106.48899841308594,100.57050323486328,0.00437041315028841,0.437041315028841,108.97727661132812,105.23912048339844,103.39727172851562,,0.23389465262612114,111.56192779541016,109.80445861816406,70.08703894766532,2.9618025542540636,2.0910966273368787
158,2021-04-14,113.37149810791016,113.37149810791016,111.8010025024414,112.09549713134766,111.42723083496094,21002000,51,51.0,39.0,0.0,112.04949951171875,110.28656768798828,101.09022521972656,112.72149658203125,110.947998046875,101.69650268554688,-0.005553515896719707,-0.5553515896719707,109.94864959716797,105.63181533813477,103.74403198242187,,0.23374781755985485,112.04949951171875,111.28409576416016,67.47294160109352,2.9587981405345687,2.264636929976417
159,2021-04-15,113.09750366210938,114.80000305175781,112.55850219726562,114.26249694824219,113.58131408691406,29174000,51,51.0,39.0,0.0,111.42723083496094,109.80445861816406,104.22840118408203,112.09549713134766,110.46299743652344,104.85350036621094,0.019331748943340665,1.9331748943340665,111.05566024780273,106.1363639831543,104.10797927856446,,0.2393900200609873,111.42723083496094,111.85069274902344,71.44355346198682,3.0945614588242876,2.430621835745991
160,2021-04-16,114.46199798583984,114.71199798583984,113.5459976196289,114.13749694824219,113.4570541381836,26282000,51,51.0,39.0,36.0,113.58131408691406,111.28409576416016,99.77660369873047,114.26249694824219,111.95149993896484,100.375,-0.0010940175303428834,-0.10940175303428834,111.81595001220703,106.78599319458007,104.33051452636718,,0.20469200127500478,113.58131408691406,112.85665893554688,70.90584354828357,3.155750598795578,2.5756475883559085
161,2021-04-19,113.50900268554688,115.20449829101562,113.50900268554688,114.48799896240234,113.80546569824219,30290000,41,51.0,39.0,36.0,113.4570541381836,111.85069274902344,101.4098129272461,114.13749694824219,112.52149963378906,102.01799774169922,0.0030708673224870697,0.307086732248707,112.16783981323242,107.43907623291015,104.56523666381835,,0.2046306665789723,113.4570541381836,111.56192779541016,71.55235669345194,3.195521353150454,2.699622341314818
162,2021-04-20,114.87449645996094,114.94999694824219,112.85600280761719,113.95050048828125,113.27117919921875,22288000,41,41.0,39.0,36.0,113.80546569824219,112.85665893554688,101.20255279541016,114.48799896240234,113.53350067138672,101.80950164794922,-0.004694734965015712,-0.4694734965015712,112.51451187133789,108.0561752319336,104.75428298950196,,0.20776457862743836,113.80546569824219,112.04949951171875,69.01950502263679,3.1476434331001144,2.789226559671877
163,2021-04-21,113.60250091552734,114.0,112.24099731445312,113.9175033569336,113.23836517333984,23204000,41,41.0,51.0,36.0,113.27117919921875,111.56192779541016,104.40087127685547,113.95050048828125,112.23100280761719,105.0270004272461,-0.00028969439632298144,-0.028969439632298144,112.70993881225586,108.64519271850585,104.94695724487305,,0.20890920591026274,113.27117919921875,111.42723083496094,68.85828757823029,3.071644018653245,2.845710051468151
164,2021-04-22,113.7699966430664,114.44400024414062,112.01599884033203,112.6259994506836,111.9545669555664,24146000,41,41.0,51.0,36.0,113.23836517333984,112.04949951171875,101.88893127441406,113.9175033569336,112.72149658203125,102.5,-0.011337131331843775,-1.1337131331843775,112.72032623291015,109.1918888092041,105.12303100585937,,0.2147327349488767,113.23836517333984,113.58131408691406,62.68876132924816,2.8746845737952356,2.851504955933568
165,2021-04-23,113.3499984741211,115.30599975585938,113.0625,114.99649810791016,114.3109359741211,29066000,41,41.0,51.0,25.0,111.9545669555664,111.42723083496094,102.10961151123047,112.6259994506836,112.09549713134766,102.72200012207031,0.021047547077645445,2.1047547077645445,112.86575393676758,109.8565773010254,105.33520843505859,,0.22082166009939605,111.9545669555664,113.4570541381836,68.30249600333406,2.8755841375798354,2.8563207922628218
166,2021-04-26,115.22599792480469,116.22650146484375,114.86599731445312,115.49649810791016,114.8079605102539,32038000,52,41.0,51.0,25.0,114.3109359741211,113.58131408691406,103.57333374023438,114.99649810791016,114.26249694824219,104.19450378417969,0.0043480051308943946,0.43480051308943946,113.19035720825195,110.56532669067383,105.5550698852539,,0.21775382417009723,114.3109359741211,113.80546569824219,69.35001449158923,2.8831674153638005,2.8616901168830178
167,2021-04-27,115.88150024414062,115.92250061035156,114.30799865722656,114.54900360107422,113.86610412597656,44386000,52,52.0,51.0,25.0,114.8079605102539,113.4570541381836,103.49034118652344,115.49649810791016,114.13749694824219,104.11100006103516,-0.008203755036596316,-0.8203755036596316,113.37201766967773,111.17464714050293,105.74985168457032,,0.2234970133093108,114.8079605102539,113.27117919921875,64.96843611178885,2.7811182785243744,2.845575749211289
168,2021-04-28,119.625,121.56900024414062,117.66100311279297,117.9520034790039,117.24881744384766,81106000,52,52.0,41.0,25.0,113.86610412597656,113.80546569824219,100.46446990966797,114.54900360107422,114.48799896240234,101.06700134277344,0.029707816420315947,2.9707816420315947,113.95417633056641,111.95141296386718,105.99671112060547,,0.23788168113258165,113.86610412597656,113.23836517333984,71.84796900467357,2.939317672129647,2.8643241337949608
169,2021-04-29,119.46150207519531,120.20800018310547,118.69249725341797,119.63800048828125,118.92476654052734,41234000,52,52.0,41.0,25.0,117.24881744384766,113.27117919921875,100.74380493164062,117.9520034790039,113.95050048828125,101.3479995727539,0.014293953092382683,1.4293953092382683,114.48852157592773,112.77209091186523,106.26921676635742,,0.23919800941189776,117.24881744384766,111.9545669555664,74.51798301672105,3.163460513326143,2.9241514097011976
170,2021-04-30,118.4010009765625,119.09249877929688,117.3280029296875,117.67500305175781,116.97347259521484,44856000,52,52.0,41.0,30.0,118.92476654052734,113.23836517333984,100.92919921875,119.63800048828125,113.9175033569336,101.53450012207031,-0.01640780135269415,-1.6407801352694151,114.84016342163086,113.32805671691895,106.51543029785157,,0.2343462080885594,118.92476654052734,114.3109359741211,66.59820695349487,3.1473613931181177,2.968793406384582
171,2021-05-03,118.24549865722656,119.07749938964844,116.7750015258789,117.15399932861328,116.45557403564453,28242000,33,52.0,41.0,30.0,116.97347259521484,111.9545669555664,101.45801544189453,117.67500305175781,112.6259994506836,102.06649780273438,-0.004427487259119789,-0.4427487259119789,115.1051742553711,113.63650703430176,106.76818435668946,,0.19177198869304043,116.97347259521484,114.8079605102539,64.63473600724379,3.0575669107886227,2.98654810726539
172,2021-05-04,115.67749786376953,116.24949645996094,112.83399963378906,115.34149932861328,114.65388488769531,44818000,33,33.0,41.0,30.0,116.45557403564453,114.3109359741211,101.02064514160156,117.15399932861328,114.99649810791016,101.62650299072266,-0.015471042608898755,-1.5471042608898755,115.24344482421876,113.87897834777831,107.01924880981446,,0.20109338511078162,116.45557403564453,113.86610412597656,58.20568074954819,2.8086465505996046,2.950967795932233
173,2021-05-05,116.43150329589844,116.75,115.41400146484375,115.7385025024414,115.04852294921875,26636000,33,33.0,52.0,30.0,114.65388488769531,114.8079605102539,101.01716613769531,115.34149932861328,115.49649810791016,101.62300109863281,0.003441994677371829,0.3441994677371829,115.42446060180664,114.06719970703125,107.27238098144531,,0.19676502388323774,114.65388488769531,117.24881744384766,59.163823119218826,2.6130972072044045,2.883393678186667
174,2021-05-06,115.31649780273438,116.86750030517578,114.6520004272461,116.86750030517578,116.17078399658203,25190000,33,33.0,52.0,30.0,115.04852294921875,113.86610412597656,100.63297271728516,115.7385025024414,114.54900360107422,101.23650360107422,0.009754675841067817,0.9754675841067817,115.8460823059082,114.28320426940918,107.52440948486328,,0.1985078643316763,115.04852294921875,118.92476654052734,61.842799571450456,2.519635244422844,2.8106419914339025
175,2021-05-07,118.19450378417969,118.5625,117.30799865722656,117.59649658203125,116.89543914794922,28898000,33,33.0,52.0,0.0,116.17078399658203,117.24881744384766,101.67969512939453,116.86750030517578,117.9520034790039,102.28949737548828,0.006237843340960003,0.6237843340960003,116.10453262329102,114.48514328002929,107.85838638305664,,0.1974528390642315,116.17078399658203,116.97347259521484,63.507549575581116,2.4755035164902495,2.743614296445172
176,2021-05-10,116.40699768066406,116.55000305175781,114.22699737548828,114.5875015258789,113.90436553955078,30914000,0,33.0,52.0,0.0,116.89543914794922,118.92476654052734,101.7135009765625,117.59649658203125,119.63800048828125,102.32350158691406,-0.02558759888495543,-2.558759888495543,116.0141731262207,114.60226516723633,108.12661758422851,,0.21559171798521468,116.89543914794922,116.45557403564453,53.1918633024848,2.1741123475940185,2.6297139066749415
177,2021-05-11,112.15350341796875,114.01399993896484,111.69599914550781,113.50299835205078,112.82633972167969,34186000,0,0.0,52.0,0.0,113.90436553955078,116.97347259521484,102.5112075805664,114.5875015258789,117.67500305175781,103.1259994506836,-0.009464306418499602,-0.9464306418499602,115.91019668579102,114.64110717773437,108.32582260131836,,0.21840582826099464,113.90436553955078,114.65388488769531,50.03720341825864,1.8272070947813859,2.4692125442962305
178,2021-05-12,111.30950164794922,112.39900207519531,109.68099975585938,110.01249694824219,109.35665130615234,46376000,0,0.0,33.0,0.0,112.82633972167969,116.45557403564453,105.85415649414062,113.50299835205078,117.15399932861328,106.48899841308594,-0.03075246812124177,-3.075246812124177,115.12098007202148,114.53757820129394,108.46078308105469,,0.2443460512489114,112.82633972167969,115.04852294921875,41.50512134058149,1.2578080960994384,2.2269316546568723
179,2021-05-13,111.30599975585938,111.97200012207031,110.33599853515625,111.4520034790039,110.7875747680664,33204000,0,0.0,33.0,39.0,109.35665130615234,114.65388488769531,110.28656768798828,110.01249694824219,115.34149932861328,110.947998046875,0.013084923914761015,1.3084923914761015,114.3072608947754,114.39789123535157,108.6771157836914,,0.23844629942492693,109.35665130615234,116.17078399658203,45.623126099400814,0.9115115146511812,1.963847626655734
180,2021-05-14,112.927001953125,114.23600006103516,112.5,113.91899871826172,113.23985290527344,31996000,0,0.0,33.0,39.0,110.7875747680664,115.04852294921875,109.80445861816406,111.4520034790039,115.7385025024414,110.46299743652344,0.02213495640048868,2.213495640048868,113.93389892578125,114.38703117370605,108.92010833740234,,0.252352869586205,110.7875747680664,116.89543914794922,51.87586050573324,0.8254322607620708,1.7361645534770016
181,2021-05-17,113.17849731445312,114.48899841308594,112.77549743652344,114.44599914550781,113.76372528076172,21598000,35,0.0,33.0,39.0,113.23985290527344,116.17078399658203,111.28409576416016,113.91899871826172,116.86750030517578,111.95149993896484,0.004626219145008159,0.4626219145008159,113.66471405029297,114.38494415283203,109.11081481933594,,0.25266211638139974,113.23985290527344,113.90436553955078,53.116139992553606,0.7903750033578518,1.5470066434531717
182,2021-05-18,115.11750030517578,115.38400268554688,113.1094970703125,113.12349700927734,112.44910430908203,22204000,35,35.0,33.0,39.0,113.76372528076172,116.89543914794922,111.85069274902344,114.44599914550781,117.59649658203125,112.52149963378906,-0.01155571311009096,-1.155571311009096,113.44423599243164,114.34384040832519,109.36426483154297,,0.255547004264328,113.76372528076172,112.82633972167969,49.657531138607276,0.6490313195782846,1.3674115786781944
183,2021-05-19,111.42150115966797,113.74949645996094,111.27200317382812,113.57499694824219,112.89791107177734,23684000,35,35.0,0.0,39.0,112.44910430908203,113.90436553955078,112.85665893554688,113.12349700927734,114.5875015258789,113.53350067138672,0.003991199089160347,0.39911990891603466,113.2291748046875,114.32681770324707,109.59402679443359,,0.25598758706595814,112.44910430908203,109.35665130615234,50.834536918905314,0.5666978467514241,1.2072688322928404
184,2021-05-20,114.55000305175781,115.5999984741211,114.1760025024414,115.34750366210938,114.65985107421875,32352000,35,35.0,0.0,51.0,112.89791107177734,112.82633972167969,111.56192779541016,113.57499694824219,113.50299835205078,112.23100280761719,0.015606488957277564,1.5606488957277564,113.07808151245118,114.46208190917969,109.86317276000976,,0.2580564634709926,112.89791107177734,110.7875747680664,55.25719810051993,0.6362870879308389,1.0930724834204402
185,2021-05-21,115.87049865722656,115.94450378417969,114.46499633789062,114.70649719238281,114.02266693115234,40632000,35,35.0,0.0,51.0,114.65985107421875,109.35665130615234,112.04949951171875,115.34750366210938,110.01249694824219,112.72149658203125,-0.005557168765673359,-0.5557168765673359,112.79080429077149,114.44766845703126,110.0556086730957,,0.24817236560344977,114.65985107421875,113.23985290527344,53.3868753129275,0.6327279339899547,1.0010035735343432
186,2021-05-24,115.74449920654297,118.27749633789062,115.5979995727539,118.052001953125,117.34822082519531,31832000,0,35.0,0.0,51.0,114.02266693115234,110.7875747680664,111.42723083496094,114.70649719238281,111.4520034790039,112.09549713134766,0.02916572628537928,2.916572628537928,113.13518981933593,114.57468147277832,110.36479446411133,,0.2687360332836029,114.02266693115234,113.76372528076172,60.837343482181055,0.8880151988432345,0.9784058985961215
187,2021-05-25,118.5999984741211,119.19999694824219,117.75,118.14350128173828,117.43917083740234,22440000,0,0.0,0.0,51.0,117.34822082519531,113.23985290527344,113.58131408691406,118.052001953125,113.91899871826172,114.26249694824219,0.0007750438103575341,0.07750438103575341,113.5964729309082,114.7533348083496,110.67138565063476,,0.2664352709250185,117.34822082519531,112.44910430908203,61.020841451002596,1.085162028988762,0.9997571246746496
188,2021-05-26,118.32599639892578,119.44950103759766,118.322998046875,119.0155029296875,118.30598449707031,21572000,0,0.0,35.0,51.0,117.43917083740234,113.76372528076172,113.4570541381836,118.14350128173828,114.44599914550781,114.13749694824219,0.007380958614465083,0.7380958614465083,114.49140625,114.80619316101074,110.96603866577148,,0.2463111330739897,117.43917083740234,112.89791107177734,62.809387463019654,1.2964028057544823,1.0590862608906162
189,2021-05-27,119.45249938964844,119.45249938964844,117.81300354003906,118.13400268554688,117.42974090576172,35224000,0,0.0,35.0,41.0,118.30598449707031,112.44910430908203,113.80546569824219,119.0155029296875,113.12349700927734,114.48799896240234,-0.007406587207177906,-0.7406587207177906,115.15562286376954,114.73144187927247,111.24482666015625,,0.24227868355335677,118.30598449707031,114.65985107421875,59.821208320167436,1.3772312440191996,1.122715257516333
190,2021-05-28,118.72100067138672,118.80349731445312,117.64250183105469,117.84249877929688,117.13996887207031,21482000,0,0.0,35.0,41.0,117.42974090576172,112.89791107177734,113.27117919921875,118.13400268554688,113.57499694824219,113.95050048828125,-0.0024676204806067803,-0.24676204806067803,115.54563446044922,114.73976669311523,111.5783366394043,,0.2351021937192549,117.42974090576172,114.02266693115234,58.82452588393391,1.401747707276627,1.1785217474683918
191,2021-06-01,118.72200012207031,119.2854995727539,117.71399688720703,119.05899810791016,118.34921264648438,23354000,33,0.0,35.0,41.0,117.13996887207031,114.65985107421875,113.23836517333984,117.84249877929688,115.34750366210938,113.9175033569336,0.010323067233650063,1.0323067233650063,116.00418319702149,114.83444862365722,111.93044479370117,,0.2370938365664351,117.13996887207031,117.34822082519531,61.69282122385712,1.5014453205253062,1.2431064620797747
192,2021-06-02,119.4574966430664,119.68199920654297,117.61799621582031,118.52950286865234,117.82288360595703,21158000,33,33.0,35.0,41.0,118.34921264648438,114.02266693115234,111.9545669555664,119.05899810791016,114.70649719238281,112.6259994506836,-0.004447254263528766,-0.4447254263528766,116.54156112670898,114.9928985595703,112.2683184814453,,0.23011660123534514,118.34921264648438,117.43917083740234,59.742105696176665,1.5204591359854476,1.2985769968609093
193,2021-06-03,117.2864990234375,117.85099792480469,116.47599792480469,117.37899780273438,116.67923736572266,18696000,33,33.0,0.0,41.0,117.82288360595703,117.34822082519531,114.3109359741211,118.52950286865234,118.052001953125,114.99649810791016,-0.009706486594396657,-0.9706486594396657,116.91969375610351,115.07443428039551,112.57274291992188,,0.23332843869011496,117.82288360595703,118.30598449707031,55.62626755828627,1.4267977912020768,1.3242211557291428
194,2021-06-04,118.4635009765625,119.95149993896484,118.12049865722656,119.67849731445312,118.96501922607422,24458000,33,33.0,0.0,52.0,116.67923736572266,117.43917083740234,114.8079605102539,117.37899780273438,118.14350128173828,115.49649810791016,0.01959030511304194,1.959030511304194,117.35021057128907,115.21414604187012,112.93163040161133,,0.24082277372495042,116.67923736572266,117.42974090576172,61.35661186145562,1.519498164733733,1.3632765575300607
195,2021-06-07,119.47200012207031,120.22550201416016,119.05000305175781,120.11499786376953,119.39892578125,24120000,30,33.0,0.0,52.0,118.96501922607422,118.30598449707031,113.86610412597656,119.67849731445312,119.0155029296875,114.54900360107422,0.0036473457323720204,0.36473457323720204,117.88783645629883,115.33932037353516,113.29926559448242,,0.24029305951761132,118.96501922607422,117.13996887207031,62.350550334918196,1.6094240724465294,1.4125060605133544
196,2021-06-08,120.60050201416016,120.97599792480469,119.73899841308594,119.9219970703125,119.20707702636719,24240000,30,30.0,0.0,52.0,119.39892578125,117.42974090576172,117.24881744384766,120.11499786376953,118.13400268554688,117.9520034790039,-0.0016067879474418456,-0.16067879474418456,118.07372207641602,115.60445594787598,113.67074768066406,,0.21901197339551934,119.39892578125,118.34921264648438,61.59617838810396,1.6462336541972888,1.4592515792501413
197,2021-06-09,120.57150268554688,120.64399719238281,119.84500122070312,120.39700317382812,119.67924499511719,17942000,30,30.0,0.0,52.0,119.20707702636719,117.13996887207031,118.92476654052734,119.9219970703125,117.84249877929688,119.63800048828125,0.00396090551440631,0.396090551440631,118.2977294921875,115.94710121154785,114.03073867797852,,0.214530770792783,119.20707702636719,117.82288360595703,62.78943466367124,1.6939783934841017,1.5061969420969334
198,2021-06-10,120.34600067138672,121.80000305175781,120.18900299072266,121.75650024414062,121.03063201904297,25904000,30,30.0,33.0,52.0,119.67924499511719,118.34921264648438,116.97347259521484,120.39700317382812,119.05899810791016,117.67500305175781,0.011291740886073542,1.1291740886073542,118.57019424438477,116.53080024719239,114.41708129882812,,0.1749554055369501,119.67924499511719,116.67923736572266,66.04161225040639,1.819883596902514,1.5689342730580496
199,2021-06-11,122.0,122.08599853515625,120.947998046875,121.51000213623047,120.78561401367188,21958000,30,30.0,33.0,33.0,121.03063201904297,117.82288360595703,116.45557403564453,121.75650024414062,118.52950286865234,117.15399932861328,-0.0020244296942326656,-0.20244296942326656,118.90578155517578,117.03070220947265,114.78256942749023,94.89034530639648,0.17407532024645012,121.03063201904297,118.96501922607422,64.93351008615412,1.8782422647146433,1.6307958713893684
200,2021-06-14,121.61299896240234,122.44599914550781,120.9000015258789,122.44550323486328,121.71554565429688,22098000,39,30.0,33.0,33.0,120.78561401367188,116.67923736572266,114.65388488769531,121.51000213623047,117.37899780273438,115.34149932861328,0.007699026479426108,0.7699026479426108,119.36333923339843,117.45448684692383,115.09979721069335,95.09034091949462,0.16165209609664885,120.78561401367188,119.39892578125,67.18404081397208,1.9767429784667172,1.6999852928048385
201,2021-06-15,122.44999694824219,122.77549743652344,121.05599975585938,121.41950225830078,120.69564819335938,21562000,39,39.0,33.0,33.0,121.71554565429688,118.96501922607422,115.04852294921875,122.44550323486328,119.67849731445312,115.7385025024414,-0.008379352493183334,-0.8379352493183334,119.59798278808594,117.80108299255372,115.30797882080078,95.28911632537842,0.16712502229346768,121.71554565429688,119.20707702636719,62.450169562439264,1.9500295752236951,1.74999414928861
202,2021-06-16,121.5719985961914,121.88600158691406,119.47000122070312,120.77249908447266,120.0525131225586,26472000,39,39.0,30.0,33.0,120.69564819335938,119.39892578125,116.17078399658203,121.41950225830078,120.11499786376953,116.86750030517578,-0.005328568845916037,-0.5328568845916037,119.8209457397461,118.18125343322754,115.51293991088868,95.48196479797363,0.16128450716828555,120.69564819335938,119.67924499511719,59.598394624518036,1.8555734892546099,1.77111001728181
203,2021-06-17,120.69750213623047,122.52249908447266,120.5,121.74349975585938,121.01770782470703,25842000,39,39.0,30.0,33.0,120.0525131225586,119.20707702636719,116.89543914794922,120.77249908447266,119.9219970703125,117.59649658203125,0.008039770905612809,0.8039770905612809,120.25479278564453,118.58724327087403,115.70761215209961,95.68209945678711,0.16214414281896905,120.0525131225586,121.03063201904297,62.37524647345023,1.837418885441636,1.7843717909137753
204,2021-06-18,121.36699676513672,121.60299682617188,120.01499938964844,120.11100006103516,119.39495086669922,46116000,39,39.0,30.0,0.0,121.01770782470703,119.67924499511719,113.90436553955078,121.74349975585938,120.39700317382812,114.5875015258789,-0.01340925214315214,-1.340925214315214,120.29778594970703,118.82399826049804,115.85849731445313,95.86777095794677,0.1661387992112667,121.01770782470703,120.78561401367188,55.4720315805055,1.6728052489329173,1.7620584825176038
205,2021-06-21,120.50050354003906,122.0,119.89849853515625,121.8125,121.0863037109375,27414000,0,39.0,30.0,0.0,119.39495086669922,121.03063201904297,112.82633972167969,120.11100006103516,121.75650024414062,113.50299835205078,0.014166033253170118,1.4166033253170118,120.46652374267578,119.1771800994873,116.02309020996094,96.046414604187,0.16884749250600628,119.39495086669922,121.71554565429688,60.39225331839489,1.6596938774316357,1.7415855615004103
206,2021-06-22,121.75,122.4000015258789,121.06400299072266,122.33049774169922,121.6012191772461,22390000,0,0.0,30.0,0.0,121.0863037109375,120.78561401367188,109.35665130615234,121.8125,121.51000213623047,110.01249694824219,0.004252466633532848,0.42524666335328476,120.70593795776367,119.38983001708985,116.22387603759766,96.24947177886963,0.13812991471566546,121.0863037109375,120.69564819335938,61.77697733428861,1.671583422685373,1.727585133737403
207,2021-06-23,122.09349822998047,123.09549713134766,121.83450317382812,122.12699890136719,121.39894104003906,19148000,0,0.0,39.0,0.0,121.6012191772461,121.71554565429688,110.7875747680664,122.33049774169922,122.44550323486328,111.4520034790039,-0.001663454845071799,-0.1663454845071799,120.87790756225586,119.58781852722169,116.41086486816407,96.46352066040039,0.13864425015314186,121.6012191772461,120.0525131225586,60.876586483688065,1.6457130620364637,1.7112107193972153
208,2021-06-24,122.69999694824219,123.05549621582031,122.30000305175781,122.5,121.76970672607422,21362000,0,0.0,39.0,0.0,121.39894104003906,120.69564819335938,113.23985290527344,122.12699890136719,121.41950225830078,113.91899871826172,0.0030541097217056112,0.3054109721705611,120.95181503295899,119.76100463867188,116.61771438598633,96.69373996734619,0.13713344029715072,121.39894104003906,121.01770782470703,61.9706893186609,1.6362664460318825,1.6962218647241487
209,2021-06-25,122.0,122.63300323486328,121.56500244140625,122.50849914550781,121.77816009521484,34594000,0,0.0,39.0,35.0,121.76970672607422,120.0525131225586,113.76372528076172,122.5,120.77249908447266,114.44599914550781,6.942095343664967e-05,0.006942095343664967,121.05106964111329,119.97842559814453,116.78165130615234,96.91812923431397,0.13322028608167763,121.76970672607422,119.39495086669922,61.99678428457314,1.6108926829280392,1.679156028364927
210,2021-06-28,122.67849731445312,122.78500366210938,121.40550231933594,122.53600311279297,121.80549621582031,28526000,0,0.0,39.0,35.0,121.77816009521484,121.01770782470703,112.44910430908203,122.50849914550781,121.74349975585938,113.12349700927734,0.000224474738196756,0.0224474738196756,121.06006469726563,120.21170196533203,116.94862014770507,97.1479186630249,0.1324024797106082,121.77816009521484,121.0863037109375,62.08738127998384,1.5748358618217253,1.6582919950562867
211,2021-06-29,122.67050170898438,123.02100372314453,121.69100189208984,122.27249908447266,121.54357147216797,23108000,0,0.0,39.0,35.0,121.80549621582031,119.39495086669922,112.89791107177734,122.53600311279297,120.11100006103516,113.57499694824219,-0.002150352420782875,-0.2150352420782875,121.14485702514648,120.37141990661621,117.10338226318359,97.37895561218262,0.1293554494726527,121.80549621582031,121.6012191772461,60.59676045568638,1.507745086682732,1.628182613381576
212,2021-06-30,121.99449920654297,122.25700378417969,121.35449981689453,122.0895004272461,121.36164855957031,24474000,0,0.0,0.0,35.0,121.54357147216797,121.0863037109375,114.65985107421875,122.27249908447266,121.8125,115.34750366210938,-0.0014967711611083567,-0.14967711611083567,121.27577056884766,120.54835815429688,117.26519165039062,97.61080513000488,0.1280144548212764,121.54357147216797,121.39894104003906,59.52775746562559,1.4234864397804756,1.587243378661356
213,2021-07-01,121.7249984741211,122.58699798583984,121.53150177001953,122.44450378417969,121.71454620361328,18110000,0,0.0,0.0,35.0,121.36164855957031,121.6012191772461,114.02266693115234,122.0895004272461,122.33049774169922,114.70649719238281,0.0029078184766890836,0.29078184766890836,121.34545440673828,120.80012359619141,117.4347152709961,97.83788581848144,0.1209915567448991,121.36164855957031,121.76970672607422,60.966276255132286,1.369401141706291,1.543674931270343
214,2021-07-02,123.1500015258789,125.40399932861328,123.05950164794922,125.25749969482422,124.5107650756836,25982000,0,0.0,0.0,0.0,121.71454620361328,121.39894104003906,117.34822082519531,122.44450378417969,122.12699890136719,118.052001953125,0.02297358006324557,2.297358006324557,121.85703582763672,121.07741088867188,117.68583923339844,98.08467079162598,0.12786350459703347,121.71454620361328,121.77816009521484,70.04997216498647,1.5344811043294868,1.541836165882172
215,2021-07-06,125.64849853515625,126.4280014038086,124.5824966430664,126.19000244140625,125.43771362304688,26404000,0,0.0,0.0,0.0,124.5107650756836,121.76970672607422,117.43917083740234,125.25749969482422,122.5,118.14350128173828,0.0074447261391401565,0.7444726139140156,122.29217681884765,121.37935028076171,117.90837478637695,98.34231563568115,0.12909431021745854,124.5107650756836,121.80549621582031,72.34733086484803,1.7202749066948257,1.5775239140447028
216,2021-07-07,127.16200256347656,127.28399658203125,126.15299987792969,126.4739990234375,125.72000122070312,24060000,0,0.0,0.0,0.0,125.43771362304688,121.77816009521484,118.30598449707031,126.19000244140625,122.50849914550781,119.0155029296875,0.0022504204636937253,0.22504204636937253,122.70405502319336,121.70499649047852,118.12661560058594,98.61030582427979,0.12818923364645063,125.43771362304688,121.54357147216797,73.02590806786554,1.868754247885903,1.635769980812943
217,2021-07-08,124.0260009765625,125.59549713134766,124.02200317382812,125.04399871826172,124.29853820800781,23790000,0,0.0,0.0,0.0,125.72000122070312,121.80549621582031,117.42974090576172,126.4739990234375,122.53600311279297,118.13400268554688,-0.011306578101283327,-1.1306578101283327,122.99401473999023,121.93596115112305,118.33526428222656,98.87639499664307,0.13731879906609562,125.72000122070312,121.36164855957031,64.44941681443959,1.8503948105085044,1.6786949467520553
218,2021-07-09,125.0250015258789,125.7344970703125,124.55149841308594,125.51850128173828,124.77021026611328,18632000,0,0.0,0.0,0.0,124.29853820800781,121.54357147216797,117.13996887207031,125.04399871826172,122.27249908447266,117.84249877929688,0.003794670998593208,0.3794670998593208,123.29406509399413,122.12294006347656,118.48569213867188,99.13746677398682,0.13305273493951114,124.29853820800781,121.71454620361328,65.88132163748617,1.8525497766228227,1.7134659127262089
219,2021-07-12,126.1780014038086,127.06950378417969,125.61100006103516,126.97550201416016,126.2185287475586,17668000,0,0.0,0.0,33.0,124.77021026611328,121.36164855957031,118.34921264648438,125.51850128173828,122.0895004272461,119.05899810791016,0.011607886837381232,1.1607886837381232,123.73810195922852,122.3945858001709,118.6315673828125,99.41831245422364,0.13693033963034015,124.77021026611328,124.5107650756836,69.89151189075716,1.9486618394587651,1.7605050980727202
220,2021-07-13,127.03849792480469,128.0574951171875,126.67449951171875,127.34149932861328,126.58233642578125,19240000,0,0.0,0.0,33.0,126.2185287475586,121.71454620361328,117.82288360595703,126.97550201416016,122.44450378417969,118.52950286865234,0.002882363483655226,0.2882363483655226,124.21578598022461,122.63792533874512,118.82374465942382,99.697629737854,0.13544161607872474,126.2185287475586,125.43771362304688,70.81932516151227,2.030778035790064,1.814559685616189
221,2021-07-14,127.95800018310547,129.32650756835938,127.91449737548828,128.23699951171875,127.47250366210938,23742000,0,0.0,0.0,33.0,126.58233642578125,124.5107650756836,116.67923736572266,127.34149932861328,125.25749969482422,117.37899780273438,0.007032317947852418,0.7032317947852418,124.80867919921874,122.97676811218261,119.04408325195313,99.97737197875976,0.13074901890372587,126.58233642578125,125.72000122070312,73.0108447259451,2.142981809195021,1.8802441103319556
222,2021-07-15,128.6490020751953,128.6999969482422,126.52999877929688,127.00499725341797,126.24784088134766,24218000,0,0.0,0.0,33.0,127.47250366210938,125.43771362304688,118.96501922607422,128.23699951171875,126.19000244140625,119.67849731445312,-0.009607270160849168,-0.9607270160849168,125.29729843139648,123.28653450012207,119.27596237182617,100.24612018585205,0.13507345752946748,127.47250366210938,124.29853820800781,65.70034192735218,2.108775406312546,1.9259503695280737
223,2021-07-16,127.66300201416016,127.8115005493164,126.15350341796875,126.97000122070312,126.21305847167969,20424000,0,0.0,0.0,30.0,126.24784088134766,125.72000122070312,119.39892578125,127.00499725341797,126.4739990234375,120.11499786376953,-0.0002755089467285643,-0.02755089467285643,125.74714965820313,123.5463020324707,119.49925308227539,100.51286540985107,0.13381287162427885,126.24784088134766,124.77021026611328,65.49974360134166,2.0551692242936497,1.951794140481189
224,2021-07-19,126.0895004272461,126.20500183105469,123.50499725341797,124.5780029296875,123.8353271484375,27968000,0,0.0,0.0,30.0,126.21305847167969,124.29853820800781,119.20707702636719,126.97000122070312,125.04399871826172,119.9219970703125,-0.018839027847310397,-1.8839027847310397,125.67960586547852,123.76832084655761,119.6525439453125,100.76782634735108,0.14323617052412138,126.21305847167969,126.2185287475586,53.47901321672621,1.8000727741422082,1.9214498672133928
225,2021-07-20,125.52749633789062,127.04299926757812,124.35050201416016,126.20950317382812,125.45709228515625,26312000,0,0.0,0.0,30.0,123.8353271484375,124.77021026611328,119.67924499511719,124.5780029296875,125.51850128173828,120.39700317382812,0.013096142870239191,1.3096142870239191,125.68154373168946,123.98686027526855,119.82377700805664,101.02535438537598,0.1420631802829688,123.8353271484375,126.58233642578125,59.00524858612708,1.709068811008052,1.8789736559723247
226,2021-07-21,126.13349914550781,127.59600067138672,126.02349853515625,127.54900360107422,126.78861236572266,20746000,0,0.0,0.0,30.0,125.45709228515625,126.2185287475586,121.03063201904297,126.20950317382812,126.97550201416016,121.75650024414062,0.0106133503998318,1.06133503998318,125.78840484619141,124.24622993469238,120.08146194458008,101.29756690979004,0.14527022833828993,125.45709228515625,127.47250366210938,62.90177832771859,1.7245109681303745,1.8480811184039347
227,2021-07-22,127.84400177001953,128.48300170898438,127.4990005493164,128.42149353027344,127.65589904785156,14302000,0,0.0,0.0,30.0,126.78861236572266,126.58233642578125,120.78561401367188,127.54900360107422,127.34149932861328,121.51000213623047,0.006840414655120641,0.6840414655120641,126.12414093017578,124.559077835083,120.37805313110351,101.5673488998413,0.14546052974202092,126.78861236572266,126.24784088134766,65.22062059010895,1.7861422400270328,1.8356933427285544
228,2021-07-23,130.4304962158203,133.3990020751953,129.80050659179688,133.01499938964844,132.22201538085938,41506000,0,0.0,0.0,39.0,127.65589904785156,127.47250366210938,121.71554565429688,128.42149353027344,128.23699951171875,122.44550323486328,0.03576894109136486,3.576894109136486,126.86932144165038,125.08169326782226,120.83536041259765,101.86786659240722,0.18728713534177013,127.65589904785156,126.21305847167969,74.32108820550253,2.178322548105939,1.9042191838040314
229,2021-07-26,133.32850646972656,134.23699951171875,132.30149841308594,134.03500366210938,133.23594665527344,30572000,0,0.0,0.0,39.0,132.22201538085938,126.24784088134766,120.69564819335938,133.01499938964844,127.00499725341797,121.41950225830078,0.0076683997857200925,0.7668399785720093,127.57106323242188,125.65458259582519,121.2843278503418,102.17143604278564,0.18701107384564553,132.22201538085938,123.8353271484375,75.833276538409,2.5416455401653764,2.0317044550763006
230,2021-07-27,134.25050354003906,134.3990020751953,130.10400390625,131.89999389648438,131.11366271972656,54710000,0,0.0,0.0,39.0,133.23594665527344,126.21305847167969,120.0525131225586,134.03500366210938,126.97000122070312,120.77249908447266,-0.015928763887105846,-1.5928763887105846,128.0241958618164,126.1199909210205,121.64180404663085,102.45835777282714,0.20030841840503952,133.23594665527344,125.45709228515625,66.94663484005464,2.6280366810781146,2.1509709002766635
231,2021-07-28,136.31199645996094,138.2969970703125,135.27749633789062,136.093994140625,135.2826690673828,95130000,0,0.0,0.0,39.0,131.11366271972656,123.8353271484375,121.01770782470703,131.89999389648438,124.5780029296875,121.74349975585938,0.03179688722881657,3.1796887228816573,128.80521240234376,126.80694580078125,122.07218292236328,102.75940979003906,0.22207699650835389,131.11366271972656,126.78861236572266,73.51299204256097,2.9983432188589205,2.320445363993115
232,2021-07-29,136.14999389648438,136.66099548339844,135.54299926757812,135.77749633789062,134.9680633544922,31716000,0,0.0,0.0,39.0,135.2826690673828,125.45709228515625,119.39495086669922,136.093994140625,126.20950317382812,120.11100006103516,-0.0023255433608714293,-0.23255433608714293,129.6772346496582,127.48726654052734,122.52256210327148,103.04543445587159,0.22244058261705274,135.2826690673828,127.65589904785156,72.34501008037414,3.2292035181562113,2.5021969948257343
233,2021-07-30,135.03500366210938,135.30450439453125,134.2550048828125,134.72650146484375,133.92332458496094,25576000,0,0.0,0.0,0.0,134.9680633544922,126.78861236572266,121.0863037109375,135.77749633789062,127.54900360107422,121.8125,-0.007740636885240404,-0.7740636885240404,130.44826126098633,128.09770545959472,122.94307037353515,103.32561912536622,0.22719607380058082,134.9680633544922,132.22201538085938,68.45540447433072,3.2899359474646275,2.659744785353513
234,2021-08-02,135.11700439453125,135.3365020751953,133.79400634765625,134.85450744628906,134.05055236816406,21634000,0,0.0,0.0,0.0,133.92332458496094,127.65589904785156,121.6012191772461,134.72650146484375,128.42149353027344,122.33049774169922,0.0009500046657100469,0.0950004665710047,131.46978378295898,128.57469482421874,123.33088439941406,103.60734203338623,0.21717152865173442,133.92332458496094,133.23594665527344,68.67627073563756,3.3101754124209037,2.7898309107669914
235,2021-08-03,135.13499450683594,135.73199462890625,133.3195037841797,135.6300048828125,134.82144165039062,20762000,0,0.0,0.0,0.0,134.05055236816406,132.22201538085938,121.39894104003906,134.85450744628906,133.01499938964844,122.12699890136719,0.0057507355889840905,0.575073558898409,132.4062187194824,129.04388122558595,123.74685989379883,103.89490001678467,0.2168760728866827,134.05055236816406,131.11366271972656,70.0448520809897,3.3498051876791237,2.9018257661494182
236,2021-08-04,135.34950256347656,135.64950561523438,134.48699951171875,135.12550354003906,134.3199462890625,19676000,0,0.0,0.0,0.0,134.82144165039062,133.23594665527344,121.76970672607422,135.6300048828125,134.03500366210938,122.5,-0.0037197003324483946,-0.37197003324483946,133.15935211181642,129.4738784790039,124.08629440307617,104.17691123962402,0.21843561724996338,134.82144165039062,135.2826690673828,67.9644905417343,3.3026744108361186,2.9819954950867587
237,2021-08-05,135.6804962158203,136.35000610351562,134.8459930419922,136.25149536132812,135.439208984375,17870000,0,0.0,0.0,0.0,134.3199462890625,131.11366271972656,121.77816009521484,135.12550354003906,131.89999389648438,122.50849914550781,0.008332810771855215,0.8332810771855215,133.93768310546875,130.03091201782226,124.44629516601563,104.47390003204346,0.21192197172451546,134.3199462890625,134.9680633544922,70.09900006999834,3.3173971863163842,3.049075833332684
238,2021-08-06,136.04200744628906,136.47250366210938,135.2100067138672,135.73849487304688,134.92929077148438,20488000,0,0.0,0.0,0.0,135.439208984375,135.2826690673828,121.80549621582031,136.25149536132812,136.093994140625,122.53600311279297,-0.0037649231468078748,-0.3764923146807875,134.20841064453126,130.53886604309082,124.77876129150391,104.76308826446534,0.21389095925597904,135.439208984375,133.92332458496094,67.87997942288129,3.2504497918744164,3.0893506250410305
239,2021-08-09,135.9425048828125,137.1840057373047,135.33949279785156,136.91299438476562,136.09678649902344,17760000,28,0.0,0.0,0.0,134.92929077148438,134.9680633544922,121.54357147216797,135.73849487304688,135.77749633789062,122.27249908447266,0.008652648515853567,0.8652648515853567,134.49449462890624,131.03277893066405,125.15210220336914,105.04943843841552,0.212752282621946,134.92929077148438,134.05055236816406,70.20552431082177,3.2540895290027834,3.1222984058333814
240,2021-08-10,137.3419952392578,137.7725067138672,136.364501953125,136.8070068359375,135.99142456054688,19414000,28,28.0,0.0,0.0,136.09678649902344,133.92332458496094,121.36164855957031,136.91299438476562,134.72650146484375,122.0895004272461,-0.0007741691864070477,-0.07741691864070477,134.98227081298828,131.50323333740235,125.52913131713868,105.33012512207031,0.21336997106660457,136.09678649902344,134.82144165039062,69.71496888289218,3.211452592583811,3.140129243183467
241,2021-08-11,137.18150329589844,137.6824951171875,136.27149963378906,136.2790069580078,135.46656799316406,15352000,28,28.0,0.0,0.0,135.99142456054688,134.05055236816406,121.71454620361328,136.8070068359375,134.85450744628906,122.44450378417969,-0.0038594828245889223,-0.38594828245889223,135.00066070556642,131.90293655395507,125.87147842407227,105.60164669036865,0.21459705672377327,135.99142456054688,134.3199462890625,67.19611748862451,3.099580935112982,3.13201958156937
242,2021-08-12,135.97549438476562,137.3000030517578,135.42550659179688,137.19400024414062,136.37611389160156,16506000,28,28.0,0.0,0.0,135.46656799316406,134.82144165039062,124.5107650756836,136.2790069580078,135.6300048828125,125.25749969482422,0.006714172447946032,0.6714172447946032,135.14146575927734,132.40935020446778,126.24254302978515,105.88981601715088,0.2095067245375565,135.46656799316406,135.439208984375,69.26831679122928,3.049165708934396,3.1154488070423754
243,2021-08-13,137.25,137.85650634765625,137.0330047607422,137.7274932861328,136.90643310546875,15948000,28,28.0,0.0,0.0,136.37611389160156,134.3199462890625,125.43771362304688,137.19400024414062,135.12550354003906,126.19000244140625,0.0038886517494456374,0.38886517494456374,135.4397766113281,132.94401893615722,126.64708694458008,106.17701114654541,0.20891396408615084,136.37611389160156,134.92929077148438,70.44077337169654,3.0172229395709564,3.095803633548092
244,2021-08-16,137.52499389648438,138.3625030517578,135.2989959716797,138.3094940185547,137.48497009277344,22384000,28,28.0,0.0,0.0,136.90643310546875,135.439208984375,125.72000122070312,137.7274932861328,136.25149536132812,126.4739990234375,0.004225783801254934,0.4225783801254934,135.78321838378906,133.62650108337402,127.01748596191406,106.48898769378663,0.19047076769004276,136.90643310546875,136.09678649902344,71.70883316197632,3.003963345016274,3.0774355758417284
245,2021-08-17,137.75,138.2655029296875,136.08200073242188,136.6614990234375,135.8468017578125,21716000,28,28.0,0.0,0.0,137.48497009277344,134.92929077148438,124.29853820800781,138.3094940185547,135.73849487304688,125.04399871826172,-0.011915253964528083,-1.1915253964528083,135.88575439453126,134.14598655700684,127.3464434814453,106.78132202148437,0.19747158129085585,137.48497009277344,135.99142456054688,63.41338791399832,2.8286614781743538,3.027680756308254
246,2021-08-18,136.5,137.10450744628906,135.32150268554688,135.44900512695312,134.6415252685547,19258000,28,28.0,28.0,0.0,135.8468017578125,136.09678649902344,124.77021026611328,136.6614990234375,136.91299438476562,125.51850128173828,-0.008872321421350637,-0.8872321421350637,135.91791229248048,134.53863220214845,127.65513244628906,107.05291080474854,0.20097551511889905,135.8468017578125,135.46656799316406,58.088953975543944,2.562933840016399,2.934731373049883
247,2021-08-19,134.4355010986328,136.3524932861328,134.25,135.67999267578125,134.87112426757812,21782000,28,28.0,28.0,0.0,134.6415252685547,135.99142456054688,126.2185287475586,135.44900512695312,136.8070068359375,126.97550201416016,0.001705261423364579,0.1705261423364579,135.8611038208008,134.89939346313477,127.95897003173827,107.32360725402832,0.2005287752338573,134.6415252685547,136.37611389160156,58.798649275800074,2.3438510369370533,2.8165553058273174
248,2021-08-20,136.0,137.5540008544922,135.25,137.42950439453125,136.61019897460938,31194000,28,28.0,28.0,0.0,134.87112426757812,135.46656799316406,126.58233642578125,135.67999267578125,136.2790069580078,127.34149932861328,0.012894344259939627,1.2894344259939627,136.0291946411133,135.11880264282226,128.2705613708496,107.59769592285156,0.163757879226238,134.87112426757812,136.90643310546875,63.79896420385762,2.284224019279833,2.7100890485178204
249,2021-08-23,137.96949768066406,140.87449645996094,137.6074981689453,140.04150390625,139.20663452148438,28454000,25,28.0,28.0,0.0,136.61019897460938,136.37611389160156,127.47250366210938,137.42950439453125,137.19400024414062,128.23699951171875,0.01900616181195658,1.900616181195658,136.34017944335938,135.4173370361328,128.63898178100587,107.85986854553222,0.17388538506286988,136.61019897460938,137.48497009277344,69.70960801092028,2.4185997155180985,2.651791181917876
250,2021-08-24,140.6114959716797,142.0800018310547,140.3385009765625,141.26150512695312,140.4193572998047,19268000,25,25.0,28.0,0.0,139.20663452148438,136.90643310546875,126.24784088134766,140.04150390625,137.7274932861328,127.00499725341797,0.008711673710732226,0.8711673710732226,136.78297271728516,135.88262176513672,129.013058013916,108.12396717071533,0.16125657486613637,139.20663452148438,135.8468017578125,72.00845141861814,2.5930588477016556,2.640044715074632
251,2021-08-25,141.625,142.1894989013672,141.37600708007812,142.07899475097656,141.2319793701172,15848000,25,25.0,28.0,0.0,140.4193572998047,137.48497009277344,126.21305847167969,141.26150512695312,138.3094940185547,126.97000122070312,0.005787108600543656,0.5787108600543656,137.35951385498046,136.18008728027343,129.42378463745118,108.39281723022461,0.12244429712285705,140.4193572998047,134.6415252685547,73.46185688437018,2.7650173774122493,2.6650392475421554
252,2021-08-26,141.75,142.41749572753906,141.35699462890625,141.4405059814453,140.5972900390625,20610000,25,25.0,28.0,0.0,141.2319793701172,135.8468017578125,123.8353271484375,142.07899475097656,136.6614990234375,124.5780029296875,-0.004493949131672226,-0.4493949131672226,137.78163146972656,136.46154861450196,129.83468017578124,108.65807384490967,0.12373821166904958,141.2319793701172,134.87112426757812,70.38778220971605,2.8176020637120587,2.695551810776136
253,2021-08-27,141.65249633789062,144.5124969482422,141.4969940185547,144.00399780273438,143.14549255371094,28780000,25,25.0,28.0,0.0,140.5972900390625,134.6415252685547,125.45709228515625,141.4405059814453,135.44900512695312,126.20950317382812,0.018124122548453636,1.8124122548453636,138.4055374145508,136.92265701293945,130.27723587036132,108.94196117401123,0.13040940213703642,140.5972900390625,136.61019897460938,74.9246572238927,3.029966881056083,2.7624348248321255
254,2021-08-30,144.39999389648438,145.9705047607422,144.16299438476562,144.5904998779297,143.728515625,24434000,0,25.0,28.0,0.0,143.14549255371094,134.87112426757812,126.78861236572266,144.00399780273438,135.67999267578125,127.54900360107422,0.004072940480960741,0.40729404809607406,139.02989196777344,137.40655517578125,130.76390716552734,109.22640026092529,0.1301124799882842,143.14549255371094,139.20663452148438,75.83682831497597,3.208328998553185,2.8516136595763375
255,2021-08-31,145.14700317382812,145.17149353027344,144.281005859375,144.69749450683594,143.83486938476562,22448000,0,0.0,28.0,0.0,143.728515625,136.61019897460938,127.65589904785156,144.5904998779297,137.42950439453125,128.42149353027344,0.0007399628341191455,0.07399628341191455,139.82869873046874,137.8572265625,131.2188784790039,109.51246711730957,0.13019045877274,143.728515625,140.4193572998047,76.00828033015688,3.3199933050800325,2.9452895886770767
256,2021-09-01,145.0,146.25399780273438,144.8834991455078,145.2154998779297,144.3497772216797,21936000,0,0.0,25.0,0.0,143.83486938476562,139.20663452148438,132.22201538085938,144.69749450683594,140.04150390625,133.01499938964844,0.0035798540306430926,0.35798540306430926,140.79952392578124,138.35871810913085,131.67384963989258,109.79379234313964,0.12754202943634999,143.83486938476562,141.2319793701172,76.86420286299055,3.41072017262465,3.0383757054665916
257,2021-09-02,145.21600341796875,145.51950073242188,143.18499755859375,143.28700256347656,142.4327850341797,32342000,0,0.0,25.0,0.0,144.3497772216797,140.4193572998047,133.23594665527344,145.2154998779297,141.26150512695312,134.03500366210938,-0.013280188057069542,-1.3280188057069542,141.5556900024414,138.7083969116211,132.0945265197754,110.06509281158448,0.1395025944114822,144.3497772216797,140.5972900390625,67.24559060192892,3.2900114165969114,3.0887028476926557
258,2021-09-03,143.08050537109375,144.15499877929688,142.40049743652344,143.739501953125,142.882568359375,19850000,0,0.0,25.0,0.0,142.4327850341797,141.2319793701172,131.11366271972656,143.28700256347656,142.07899475097656,131.89999389648438,0.003157863725597787,0.3157863725597787,142.18292694091798,139.10606079101564,132.5167837524414,110.34171619415284,0.13749135854939462,142.4327850341797,143.14549255371094,68.24952695799549,3.193826173096795,3.1097275127734836
259,2021-09-07,143.83450317382812,144.56500244140625,143.61900329589844,144.28050231933594,143.4203643798828,20124000,0,0.0,25.0,0.0,142.882568359375,140.5972900390625,135.2826690673828,143.739501953125,141.4405059814453,136.093994140625,0.003763902249819262,0.3763902249819262,142.60429992675782,139.47223968505858,132.94962783813477,110.62625225067139,0.1358654790821228,142.882568359375,143.728515625,69.45504793976903,3.1249715916702883,3.1127763285528447
260,2021-09-08,144.10000610351562,144.39999389648438,143.0,143.6909942626953,142.83436584472656,18344000,0,0.0,25.0,0.0,143.4203643798828,143.14549255371094,134.9680633544922,144.28050231933594,144.00399780273438,135.77749633789062,-0.004085880953447418,-0.40858809534474183,142.84580078125,139.81438674926758,133.37020523071288,110.90340259552002,0.1374743533025621,143.4203643798828,143.83486938476562,66.49252953043305,2.988667160777567,3.0879544949977893
261,2021-09-09,143.8404998779297,144.3105010986328,143.17750549316406,143.54100036621094,142.6852569580078,15314000,0,0.0,0.0,0.0,142.83436584472656,143.728515625,133.92332458496094,143.6909942626953,144.5904998779297,134.72650146484375,-0.001043928650061976,-0.1043928650061976,142.99112854003906,140.17532119750976,133.79303894042968,111.18532176971435,0.13610518508853633,142.83436584472656,144.3497772216797,65.72432815855927,2.8359223289635054,3.0375480617909325
262,2021-09-10,144.21249389648438,144.718505859375,140.73800659179688,140.87600708007812,140.03614807128906,36840000,0,0.0,0.0,0.0,142.6852569580078,143.83486938476562,134.05055236816406,143.54100036621094,144.69749450683594,134.85450744628906,-0.018566100963734344,-1.8566100963734344,142.9350143432617,140.35832290649415,134.16652893066407,111.45618724822998,0.15440550430390262,142.6852569580078,142.4327850341797,53.82623888278769,2.47260732357077,2.9245599141469003
263,2021-09-13,141.94949340820312,142.9499969482422,141.25,142.33250427246094,141.4839630126953,22094000,35,0.0,0.0,0.0,140.03614807128906,144.3497772216797,134.82144165039062,140.87600708007812,145.2154998779297,135.6300048828125,0.010338865795346042,1.0338865795346042,142.76886138916015,140.58719940185546,134.5619172668457,111.72526100158692,0.15746818199422496,140.03614807128906,142.882568359375,58.27228163490267,2.2752761628360076,2.794703163884722
264,2021-09-14,142.99549865722656,143.36300659179688,141.75,142.54449462890625,141.69468688964844,19674000,35,35.0,0.0,0.0,141.4839630126953,142.4327850341797,134.3199462890625,142.33250427246094,143.28700256347656,135.12550354003906,0.0014893834782832016,0.14893834782832016,142.565478515625,140.7976852416992,134.905595703125,111.99533119201661,0.15718363150526343,141.4839630126953,143.4203643798828,58.89269728012337,2.1115527859165866,2.658073088291095
265,2021-09-15,142.77149963378906,144.45050048828125,141.34750366210938,144.42950439453125,143.56846618652344,27408000,35,35.0,0.0,0.0,141.69468688964844,142.882568359375,135.439208984375,142.54449462890625,143.739501953125,136.25149536132812,0.01322406180504343,1.322406180504343,142.5388381958008,141.18376846313475,135.26821075439454,112.2690818786621,0.15390439110182655,141.69468688964844,142.83436584472656,64.0160711965533,2.108691476845337,2.548196766001943
266,2021-09-16,143.95050048828125,144.3000030517578,142.40150451660156,143.61000061035156,142.75384521484375,26190000,35,35.0,0.0,0.0,143.56846618652344,143.4203643798828,134.92929077148438,144.42950439453125,144.28050231933594,135.73849487304688,-0.005674093993741858,-0.5674093993741858,142.37924499511718,141.58938446044922,135.60888763427735,112.54686588287353,0.15107654340519622,143.56846618652344,142.6852569580078,60.48653521764787,2.017435029241369,2.4420444186498287
267,2021-09-17,143.03050231933594,143.4499969482422,140.47000122070312,140.8000030517578,139.9606170654297,53384000,35,35.0,0.0,28.0,142.75384521484375,142.83436584472656,136.09678649902344,143.61000061035156,143.6909942626953,136.91299438476562,-0.019566745436595867,-1.9566745436595867,142.13202819824218,141.8438591003418,135.92212921142578,112.80050472259522,0.17099912542284992,142.75384521484375,140.03614807128906,50.25494955444313,1.7001254811169986,2.293660631143263
268,2021-09-20,138.1614990234375,139.0,136.32200622558594,138.71949768066406,137.8925018310547,46518000,38,35.0,0.0,28.0,139.9606170654297,142.6852569580078,135.99142456054688,140.8000030517578,143.54100036621094,136.8070068359375,-0.014776408376423356,-1.4776408376423356,141.63302154541014,141.90797424316406,136.18457504272462,113.03644470214844,0.17557006948336523,139.9606170654297,141.4839630126953,44.28229539126636,1.2671686314840258,2.0883622312114154
269,2021-09-21,139.74949645996094,140.01150512695312,138.2779998779297,139.0330047607422,138.20416259765625,25332000,38,38.0,0.0,28.0,137.8925018310547,140.03614807128906,135.46656799316406,138.71949768066406,140.87600708007812,136.2790069580078,0.002260171963399449,0.22601719633994488,141.1114013671875,141.85785064697265,136.42428771972655,113.27472076416015,0.16170630591531057,137.8925018310547,141.69468688964844,45.33662654900146,0.9383785838767267,1.8583655017444778
270,2021-09-22,139.3040008544922,140.88699340820312,138.55149841308594,140.2834930419922,139.4471893310547,25056000,38,38.0,35.0,28.0,138.20416259765625,141.4839630126953,136.37611389160156,139.0330047607422,142.33250427246094,137.19400024414062,0.008994133823719608,0.8994133823719608,140.7726837158203,141.80924224853516,136.68158477783203,113.51873481750488,0.16191832719411886,138.20416259765625,143.56846618652344,49.44553408977936,0.7692445984284291,1.640541321081268
271,2021-09-23,140.9875030517578,141.69650268554688,140.40150451660156,141.21600341796875,140.3741455078125,20952000,38,38.0,35.0,28.0,139.4471893310547,141.69468688964844,136.90643310546875,140.2834930419922,142.54449462890625,137.7274932861328,0.006647363645008175,0.6647363645008175,140.54157257080078,141.76635055541993,136.93961761474608,113.7690560913086,0.16237525022901678,139.4471893310547,142.75384521484375,52.32357547245202,0.7019111185344968,1.452815280571914
272,2021-09-24,140.5384979248047,142.33050537109375,140.24099731445312,142.21499633789062,141.36715698242188,22984000,38,38.0,35.0,28.0,140.3741455078125,143.56846618652344,137.48497009277344,141.21600341796875,144.42950439453125,138.3094940185547,0.007074033975537963,0.7074033975537963,140.67467346191407,141.8048439025879,137.2420039367676,114.02575901031494,0.16355733849362553,140.3741455078125,139.9606170654297,55.261868452091285,0.7203725710817253,1.3063267386738762
273,2021-09-27,140.80450439453125,141.93850708007812,140.0675048828125,141.07200622558594,140.23098754882812,21882000,53,38.0,35.0,28.0,141.36715698242188,142.75384521484375,135.8468017578125,142.21499633789062,143.61000061035156,136.6614990234375,-0.008037011268006378,-0.8037011268006378,140.54937591552735,141.65911865234375,137.52236251831056,114.28509868621826,0.15172912283365603,141.36715698242188,137.8925018310547,51.36152503594319,0.6359926993596332,1.1722599308110275
274,2021-09-28,138.65499877929688,139.09649658203125,135.36000061035156,135.8300018310547,135.02024841308594,45772000,53,53.0,35.0,28.0,140.23098754882812,139.9606170654297,134.6415252685547,141.07200622558594,140.8000030517578,135.44900512695312,-0.0371582574352749,-3.71582574352749,139.8819320678711,141.22370529174805,137.7460609436035,114.52092193603515,0.19725772713040965,140.23098754882812,138.20416259765625,38.08527796396726,0.1469638351949527,0.9672007116878126
275,2021-09-29,136.97999572753906,137.1510009765625,133.86500549316406,134.35350036621094,133.5525360107422,30848000,53,53.0,38.0,28.0,135.02024841308594,137.8925018310547,134.87112426757812,135.8300018310547,138.71949768066406,135.67999267578125,-0.010870313301849177,-1.0870313301849177,138.88033905029297,140.70958862304687,137.90796981811525,114.74762977600098,0.19860285644879108,135.02024841308594,139.4471893310547,35.31618512742564,-0.3549357096816834,0.7027734274139135
276,2021-09-30,134.26150512695312,135.54249572753906,133.55599975585938,133.67599487304688,132.87908935546875,37996000,53,53.0,38.0,28.0,133.5525360107422,138.20416259765625,136.61019897460938,134.35350036621094,139.0330047607422,137.42950439453125,-0.005042559844908312,-0.5042559844908312,137.89286346435546,140.13605422973632,138.02977935791014,114.97657176971435,0.19680350337789243,133.5525360107422,140.3741455078125,34.0913666822006,-0.7978392377443697,0.40265089438225676
277,2021-10-01,134.44749450683594,136.91050720214844,134.072998046875,136.54299926757812,135.72897338867188,35360000,53,53.0,38.0,25.0,132.87908935546875,139.4471893310547,139.20663452148438,133.67599487304688,140.2834930419922,140.04150390625,0.02144719720030075,2.144719720030075,137.46969909667968,139.80086364746094,138.19124084472656,115.21757137298584,0.21314629625330508,132.87908935546875,141.36715698242188,43.086755659915546,-0.9084100649140794,0.14043870252298957
278,2021-10-04,135.9604949951172,135.9604949951172,131.0500030517578,133.6595001220703,132.86268615722656,51202000,50,53.0,38.0,25.0,135.72897338867188,140.3741455078125,140.4193572998047,136.54299926757812,141.21600341796875,141.26150512695312,-0.021117725713856617,-2.1117725713856617,136.9667175292969,139.29986953735352,138.2040542602539,115.44520622253418,0.22209990475134261,135.72897338867188,140.23098754882812,37.53766188608178,-1.2133370725849772,-0.1303164524986038
279,2021-10-05,134.04100036621094,137.22450256347656,134.04100036621094,136.0229949951172,135.21206665039062,32404000,50,50.0,38.0,25.0,132.86268615722656,141.36715698242188,141.2319793701172,133.6595001220703,142.21499633789062,142.07899475097656,0.017682771296553934,1.7682771296553934,136.66750793457032,138.88945465087892,138.24357666015624,115.68873310089111,0.23337587664463247,132.86268615722656,135.02024841308594,43.91373281387751,-1.250997827600827,-0.35445272751904844
280,2021-10-06,134.75,137.75,134.5500030517578,137.56500244140625,136.74488830566406,24364000,50,50.0,53.0,25.0,135.21206665039062,140.23098754882812,140.5972900390625,136.0229949951172,141.07200622558594,141.4405059814453,0.011336426498359531,1.133642649835953,136.39727783203125,138.5849807739258,138.356201171875,115.94347526550293,0.23864430691840582,135.21206665039062,133.5525360107422,47.667193573931115,-1.1439713602825634,-0.5123564540717515
281,2021-10-07,138.89199829101562,140.04200744628906,138.6510009765625,139.22500610351562,138.39498901367188,25110000,50,50.0,53.0,25.0,136.74488830566406,135.02024841308594,143.14549255371094,137.56500244140625,135.8300018310547,144.00399780273438,0.012067001029825386,1.2067001029825386,136.1993621826172,138.37046737670897,138.4184475708008,116.20439544677734,0.24387114457082734,136.74488830566406,132.87908935546875,51.435109984193495,-0.9154500389780935,-0.5929751710530199
282,2021-10-08,139.57699584960938,140.33099365234375,139.21749877929688,139.78550720214844,138.9521484375,26526000,50,50.0,53.0,0.0,138.39498901367188,133.5525360107422,143.728515625,139.22500610351562,134.35350036621094,144.5904998779297,0.004025864142906732,0.4025864142906732,135.957861328125,138.31626739501954,138.49812927246094,116.47166496276856,0.23584790171857617,138.39498901367188,135.72897338867188,52.67413342518303,-0.6815308726480964,-0.6106863113720352
283,2021-10-11,139.29200744628906,140.71200561523438,138.85899353027344,138.91400146484375,138.08584594726562,17954000,45,50.0,53.0,0.0,138.9521484375,132.87908935546875,143.83486938476562,139.78550720214844,133.67599487304688,144.69749450683594,-0.006234538292324676,-0.6234538292324676,135.74334716796875,138.14636154174804,138.58137969970704,116.73261241912842,0.23327142619334756,138.9521484375,132.86268615722656,50.516083196354494,-0.5596008883040042,-0.6004692267584291
284,2021-10-12,139.47999572753906,139.5070037841797,135.75999450683594,136.44900512695312,135.63555908203125,36332000,45,45.0,53.0,0.0,138.08584594726562,135.72897338867188,144.3497772216797,138.91400146484375,136.54299926757812,145.2154998779297,-0.017744663462250343,-1.7744663462250343,135.80487823486328,137.8434051513672,138.6130798339844,116.9798348236084,0.240312165350017,138.08584594726562,135.21206665039062,44.911380198162504,-0.6531589594684419,-0.6110071733004316
285,2021-10-13,137.40249633789062,138.0,136.5189971923828,137.58200073242188,136.76181030273438,19654000,45,45.0,50.0,0.0,135.63555908203125,132.86268615722656,142.4327850341797,136.44900512695312,133.6595001220703,143.28700256347656,0.008303509996386627,0.8303509996386627,136.1258056640625,137.50307235717773,138.65188720703125,117.22279777526856,0.23676644398397004,135.63555908203125,136.74488830566406,47.77931030586552,-0.6291726334076486,-0.614640265321875
286,2021-10-14,139.4739990234375,141.33749389648438,138.8249969482422,141.1510009765625,140.3095245361328,31894000,45,45.0,50.0,0.0,136.76181030273438,135.21206665039062,142.882568359375,137.58200073242188,136.0229949951172,143.739501953125,0.025940825333806705,2.5940825333806705,136.8688491821289,137.3808563232422,138.77167877197266,117.48752517700196,0.25659028819371277,136.76181030273438,138.39498901367188,55.61751077788408,-0.3202013264688901,-0.555752477551278
287,2021-10-15,141.614501953125,141.71800231933594,140.7550048828125,141.3679962158203,140.52520751953125,30274000,45,45.0,50.0,0.0,140.3095245361328,136.74488830566406,143.4203643798828,141.1510009765625,137.56500244140625,144.28050231933594,0.0015371941720385696,0.15371941720385696,137.34847259521484,137.40908584594726,138.8733987426758,117.75867641448974,0.2467996174377542,140.3095245361328,138.9521484375,56.04941786512271,-0.057275291570931586,-0.4560570403552087
288,2021-10-18,141.07650756835938,142.79600524902344,141.0695037841797,142.7779998779297,141.9268341064453,20396000,41,45.0,50.0,0.0,140.52520751953125,138.39498901367188,142.83436584472656,141.3679962158203,139.22500610351562,143.6909942626953,0.009974200441719816,0.9974200441719816,138.25488739013673,137.6108024597168,139.013349609375,118.03276268005371,0.24232089978884377,140.52520751953125,138.08584594726562,58.851819867563,0.26118426739438405,-0.3126087788052902
289,2021-10-19,143.3874969482422,143.66250610351562,142.60000610351562,143.23699951171875,142.38308715820312,20164000,41,41.0,50.0,0.0,141.9268341064453,138.9521484375,142.6852569580078,142.7779998779297,139.78550720214844,143.54100036621094,0.0032147060464662314,0.32147060464662314,138.97198944091798,137.81974868774415,139.1390756225586,118.31571823120117,0.24238145994629345,141.9268341064453,135.63555908203125,59.751470641753414,0.5441094158134376,-0.14126513988154465
290,2021-10-20,143.33799743652344,143.54600524902344,141.37649536132812,141.7689971923828,140.923828125,23288000,41,41.0,45.0,0.0,142.38308715820312,138.08584594726562,140.03614807128906,143.23699951171875,138.91400146484375,140.87600708007812,-0.010248822822486847,-1.0248822822486847,139.38988342285157,137.8935806274414,139.23772369384767,118.5879182434082,0.24421542067818078,142.38308715820312,136.76181030273438,55.5669010568515,0.6431656130279748,0.015621010700359247
291,2021-10-21,141.7689971923828,142.156005859375,140.5,141.88600158691406,141.04014587402344,26292000,41,41.0,45.0,35.0,140.923828125,135.63555908203125,141.4839630126953,141.7689971923828,136.44900512695312,142.33250427246094,0.0008253944742422359,0.08253944742422359,139.6543991088867,137.92688064575196,139.34919525146483,118.86496673583984,0.24318816093753903,140.923828125,140.3095245361328,55.83242520882496,0.7227231308471858,0.15704143472972457
292,2021-10-22,139.14999389648438,140.58299255371094,136.05599975585938,137.56649780273438,136.7463836669922,50588000,41,41.0,45.0,35.0,141.04014587402344,136.76181030273438,141.69468688964844,141.88600158691406,137.58200073242188,142.54449462890625,-0.030443546271332056,-3.0443546271332056,139.43382263183594,137.69584197998046,139.35660064697265,119.107758102417,0.26492043410766886,141.04014587402344,140.52520751953125,45.114908067758726,0.4342960171150594,0.21249235120679155
293,2021-10-25,137.5500030517578,138.0,135.4239959716797,137.44700622558594,136.6276092529297,34412000,37,41.0,45.0,35.0,136.7463836669922,140.3095245361328,143.56846618652344,137.56649780273438,141.1510009765625,144.42950439453125,-0.0008685744432682663,-0.08685744432682663,139.28799896240236,137.51567306518555,139.35102416992189,119.34411811828613,0.26380378195115173,136.7463836669922,141.9268341064453,44.85838823379493,0.19389623381434262,0.20877312772830178
294,2021-10-26,139.2635040283203,140.08299255371094,138.30450439453125,139.30850219726562,138.47799682617188,49236000,37,37.0,45.0,35.0,136.6276092529297,140.52520751953125,142.75384521484375,137.44700622558594,141.3679962158203,143.61000061035156,0.013543291750181208,1.3543291750181208,139.5722427368164,137.68856048583984,139.37088470458986,119.60005321502686,0.231472063574316,136.6276092529297,142.38308715820312,49.660520159488435,0.15094844665716778,0.197208191514075
295,2021-10-27,139.40499877929688,148.64999389648438,139.40499877929688,146.21749877929688,145.34580993652344,85782000,37,37.0,41.0,35.0,138.47799682617188,141.9268341064453,139.9606170654297,139.30850219726562,142.7779998779297,140.8000030517578,0.049594977308724086,4.959497730872409,140.4306427001953,138.2782241821289,139.56086486816406,119.89501426696778,0.28287606160146506,138.47799682617188,140.923828125,62.65874376646984,0.663439420546041,0.2904544373204682
296,2021-10-28,147.13450622558594,147.1580047607422,144.6269989013672,145.8489990234375,144.9794921875,36206000,37,37.0,41.0,38.0,145.34580993652344,142.38308715820312,137.8925018310547,146.21749877929688,143.23699951171875,138.71949768066406,-0.0025203186055615667,-0.2520318605561567,140.89763946533202,138.88324432373048,139.76762420654296,120.18570335388183,0.2819006113086769,145.34580993652344,141.04014587402344,61.74297254567575,1.0281811959437732,0.43799978904512926
297,2021-10-29,145.0780029296875,148.24200439453125,144.64950561523438,148.04600524902344,147.16342163085938,43320000,37,37.0,41.0,38.0,144.9794921875,140.923828125,138.20416259765625,145.8489990234375,141.7689971923828,139.0330047607422,0.01506371287695596,1.506371287695596,141.56146087646485,139.45496673583983,140.01347015380858,120.49137023925782,0.27769476857755887,144.9794921875,136.7463836669922,65.0249042872268,1.4764469733359533,0.645689225903294
298,2021-11-01,148.04600524902344,148.04600524902344,143.22549438476562,143.4969940185547,142.6415252685547,46924000,32,37.0,41.0,38.0,147.16342163085938,141.04014587402344,139.4471893310547,148.04600524902344,141.88600158691406,140.2834930419922,-0.030727040131258154,-3.0727040131258154,141.63292999267577,139.94390869140625,140.1340966796875,120.7752477645874,0.2910849793087251,147.16342163085938,136.6276092529297,54.583752786466604,1.4501056706151019,0.8065725148456557
299,2021-11-02,144.57949829101562,146.60899353027344,144.3354949951172,145.4324951171875,144.56549072265625,33482000,32,32.0,41.0,38.0,142.6415252685547,136.7463836669922,140.3741455078125,143.4969940185547,137.56649780273438,141.21600341796875,0.01348811610419376,1.348811610419376,141.8511703491211,140.41157989501954,140.24127380371092,121.05461723327636,0.2887873125295774,142.6415252685547,138.47799682617188,57.69624946653837,1.5664212027636495,0.9585422524292546
300,2021-11-03,145.90049743652344,146.66900634765625,144.59100341796875,146.59800720214844,145.72406005859375,27494000,32,32.0,37.0,38.0,144.56549072265625,136.6276092529297,141.36715698242188,145.4324951171875,137.44700622558594,142.21499633789062,0.008014148675081545,0.8014148675081545,142.33119354248046,140.86053848266602,140.3473678588867,121.31602207183838,0.28783179214291227,144.56549072265625,145.34580993652344,59.49636784246595,1.7321221370544038,1.1132582293542845
301,2021-11-04,147.12449645996094,149.73350524902344,146.30799865722656,148.2675018310547,147.3835906982422,38412000,32,32.0,37.0,53.0,145.72406005859375,138.47799682617188,140.23098754882812,146.59800720214844,139.30850219726562,141.07200622558594,0.011388171857009466,1.1388171857009466,142.96553802490234,141.30996856689453,140.47040008544923,121.5847106552124,0.28756878476886333,145.72406005859375,144.9794921875,61.991269793000676,1.9745897333275764,1.285524530148943
302,2021-11-05,149.16949462890625,150.32749938964844,148.19700622558594,148.8520050048828,147.964599609375,38354000,32,32.0,37.0,53.0,147.3835906982422,145.34580993652344,135.02024841308594,148.2675018310547,146.21749877929688,135.8300018310547,0.003942154675294907,0.39421546752949066,144.0873596191406,141.76059112548828,140.61774627685546,121.85421432495117,0.28756616027940896,147.3835906982422,147.16342163085938,62.85395877284033,2.188403065388968,1.4661002371969483
303,2021-11-08,149.8249969482422,150.61500549316406,148.4304962158203,149.031005859375,148.1425323486328,23052000,37,32.0,37.0,53.0,147.964599609375,144.9794921875,133.5525360107422,148.8520050048828,145.8489990234375,134.35350036621094,0.0012025358749832016,0.12025358749832016,145.23885192871094,142.26342544555663,140.7176870727539,122.12418022155762,0.2854992538467916,147.964599609375,142.6415252685547,63.129954474178035,2.3451756316412116,1.641915316085801
304,2021-11-09,149.23300170898438,149.83450317382812,147.2449951171875,148.9185028076172,148.03070068359375,19530000,37,37.0,37.0,53.0,148.1425323486328,147.16342163085938,132.87908935546875,149.031005859375,148.04600524902344,133.67599487304688,-0.0007548923544514752,-0.07548923544514752,146.19412231445312,142.88318252563477,140.8037307739258,122.39018981933594,0.2747616521698993,148.1425323486328,144.56549072265625,62.81406128299989,2.4323564480848177,1.8000035424856047
305,2021-11-10,147.5,148.07000732421875,144.53750610351562,145.89349365234375,145.02374267578125,29970000,37,37.0,32.0,53.0,148.03070068359375,142.6415252685547,135.72897338867188,148.9185028076172,143.4969940185547,136.54299926757812,-0.02031307015319528,-2.031307015319528,146.16191558837892,143.2962791442871,140.8275082397461,122.66328453063964,0.2879979651210738,148.03070068359375,145.72406005859375,54.86449506716713,2.2330700506799985,1.8866168441244835
306,2021-11-11,146.489501953125,147.53550720214844,145.60049438476562,145.76649475097656,144.8975067138672,16518000,37,37.0,32.0,50.0,145.02374267578125,144.56549072265625,132.86268615722656,145.89349365234375,145.4324951171875,133.6595001220703,-0.000870450310996862,-0.0870450310996862,146.15371704101562,143.52567825317382,140.83846282958984,122.92723403930664,0.27522818256553694,145.02374267578125,147.3835906982422,54.55236146368345,2.04141578736764,1.9175766327731147
307,2021-11-12,146.61549377441406,148.85000610351562,145.41099548339844,148.67799377441406,147.7916259765625,22360000,37,37.0,32.0,50.0,144.8975067138672,145.72406005859375,135.21206665039062,145.76649475097656,146.59800720214844,136.0229949951172,0.01997356150793128,1.9973561507931281,146.21653747558594,143.88899917602538,140.9456396484375,123.21207569122315,0.28271574275267297,144.8975067138672,147.964599609375,60.149894083163815,2.09886522837931,1.9538343518943537
308,2021-11-15,148.90049743652344,149.54949951171875,147.5749969482422,148.45199584960938,147.56698608398438,23508000,28,37.0,32.0,50.0,147.7916259765625,147.3835906982422,136.74488830566406,148.67799377441406,148.2675018310547,137.56500244140625,-0.001519977137363293,-0.1519977137363293,146.7090835571289,144.17100677490234,141.0393280029297,123.47946453094482,0.28172151116176225,147.7916259765625,148.1425323486328,59.53694136846294,2.102036790694143,1.9834748396543116
309,2021-11-16,148.14950561523438,148.7624969482422,147.3125,147.87600708007812,146.9944305419922,18904000,28,28.0,32.0,50.0,147.56698608398438,147.964599609375,138.39498901367188,148.45199584960938,148.8520050048828,139.22500610351562,-0.003879970426897028,-0.3879970426897028,146.9519775390625,144.4015739440918,141.11080932617188,123.73751693725586,0.2824735228371354,147.56698608398438,148.03070068359375,57.916948142843246,2.0348928513722626,1.993758441997902
310,2021-11-17,148.02749633789062,148.5594940185547,147.24000549316406,148.0469970703125,147.16441345214844,19594000,28,28.0,37.0,50.0,146.9944305419922,148.1425323486328,138.9521484375,147.87600708007812,149.031005859375,139.78550720214844,0.0011563901402895649,0.11563901402895649,147.09601287841798,144.7136032104492,141.19741027832032,123.96168754577637,0.2789298384879912,146.9944305419922,145.02374267578125,58.279896120471754,1.9726574290513668,1.989538239408595
311,2021-11-18,148.2415008544922,150.58050537109375,147.88450622558594,149.8385009765625,148.9452362060547,35608000,28,28.0,37.0,45.0,147.16441345214844,148.03070068359375,138.08584594726562,148.0469970703125,148.9185028076172,138.91400146484375,0.012100906137102907,1.2100906137102907,147.2521774291992,145.10885772705078,141.32260986328126,124.19606693267822,0.28099524172405266,147.16441345214844,144.8975067138672,61.97949899469967,2.0434769910312127,2.0003259897331187
312,2021-11-19,149.97549438476562,150.9665069580078,148.8990020751953,148.92649841308594,148.0386505126953,33682000,28,28.0,37.0,45.0,148.9452362060547,145.02374267578125,135.63555908203125,149.8385009765625,145.89349365234375,136.44900512695312,-0.006086704861813619,-0.6086704861813619,147.25958251953125,145.67347106933593,141.48265991210937,124.41716587066651,0.254762754066855,148.9452362060547,147.7916259765625,59.10598046795255,2.0033546895106156,2.0009317296886184
313,2021-11-22,149.33250427246094,149.82949829101562,146.1475067138672,146.302001953125,145.4298095703125,30594000,26,28.0,37.0,45.0,148.0386505126953,144.8975067138672,136.76181030273438,148.92649841308594,145.76649475097656,137.58200073242188,-0.017622701459029333,-1.7622701459029333,146.98831024169922,146.11358108520508,141.56157684326172,124.62629165649415,0.2657958384620873,148.0386505126953,147.56698608398438,51.680626914872185,1.7409769172515723,1.9489407672012093
314,2021-11-23,146.1529998779297,146.66000366210938,144.11500549316406,145.78199768066406,144.91290283203125,27218000,26,26.0,37.0,45.0,145.4298095703125,147.7916259765625,140.3095245361328,146.302001953125,148.67799377441406,141.1510009765625,-0.0035543382736215046,-0.35543382736215046,146.67653045654296,146.43532638549806,141.62594116210937,124.83510177612305,0.2639437478201609,145.4298095703125,146.9944305419922,50.33143327744668,1.4743353682142128,1.85401968740381
315,2021-11-24,145.47349548339844,146.24949645996094,144.3730010986328,146.1199951171875,145.24888610839844,18040000,26,26.0,28.0,45.0,144.91290283203125,147.56698608398438,140.52520751953125,145.78199768066406,148.45199584960938,141.3679962158203,0.002318518708831707,0.23185187088317072,146.69904479980468,146.43048019409179,141.65954956054688,125.04283588409425,0.19658840419448737,144.91290283203125,147.16441345214844,51.222794178607266,1.2754287137416895,1.738301492671386
316,2021-11-26,144.34849548339844,144.5574951171875,141.84249877929688,142.18299865722656,141.33535766601562,30470000,26,26.0,28.0,41.0,145.24888610839844,146.9944305419922,141.9268341064453,146.1199951171875,147.87600708007812,142.7779998779297,-0.02694360381849792,-2.694360381849792,146.34282989501952,146.24827346801757,141.6311798095703,125.23043823242188,0.21868138500294887,145.24888610839844,148.9452362060547,41.8105470891763,0.7928650635376187,1.5492142068446326
317,2021-11-29,144.0,146.29750061035156,143.89349365234375,145.53050231933594,144.66290283203125,32596000,37,26.0,28.0,41.0,141.33535766601562,147.16441345214844,142.38308715820312,142.18299865722656,148.0469970703125,143.23699951171875,0.023543614428590542,2.3543614428590542,146.02995758056642,146.12324752807618,141.72522552490236,125.43311767578125,0.22887058289698822,141.33535766601562,148.0386505126953,50.19117401031302,0.6711978287460738,1.373610931224921
318,2021-11-30,145.0084991455078,146.0,141.60150146484375,141.8975067138672,141.05157470703125,42068000,37,37.0,28.0,41.0,144.66290283203125,148.9452362060547,140.923828125,145.53050231933594,149.8385009765625,141.7689971923828,-0.024963747127299984,-2.4963747127299984,145.3784164428711,146.04375,141.78840698242186,125.61384632110595,0.21958712922766882,144.66290283203125,145.4298095703125,42.959780974407906,0.2801423632684248,1.1549172176336218
319,2021-12-01,144.0,145.95050048828125,140.91200256347656,141.05149841308594,140.21060180664062,34020000,37,37.0,28.0,41.0,141.05157470703125,148.0386505126953,141.04014587402344,141.8975067138672,148.92649841308594,141.88600158691406,-0.0059621659817507,-0.59621659817507,144.70003356933594,145.8260055541992,141.82853576660156,125.7884019088745,0.21397225925003532,141.05157470703125,144.91290283203125,41.46167948137418,-0.09651878678960202,0.904630016748977
320,2021-12-02,141.25,143.864501953125,140.21449279785156,142.96600341796875,142.1136932373047,29194000,37,37.0,26.0,41.0,140.21060180664062,145.4298095703125,136.7463836669922,141.05149841308594,146.302001953125,137.56649780273438,0.013573092235126039,1.3573092235126039,144.19496154785156,145.64548721313477,141.88186584472658,125.97565639495849,0.21810047416865191,140.21060180664062,145.24888610839844,46.04687752262205,-0.2387101858215317,0.6759619762348753
321,2021-12-03,143.68099975585938,144.39999389648438,140.30099487304688,142.00149536132812,141.15493774414062,41230000,37,37.0,26.0,37.0,142.1136932373047,144.91290283203125,136.6276092529297,142.96600341796875,145.78199768066406,137.44700622558594,-0.00674639769978469,-0.674639769978469,143.41593170166016,145.33405456542968,141.89748168945312,126.16234172821045,0.2137136483674999,142.1136932373047,141.33535766601562,44.169825047659664,-0.4238752792662126,0.45599452513465777
322,2021-12-06,143.04049682617188,143.8524932861328,140.14999389648438,143.15499877929688,142.3015594482422,30618000,46,37.0,26.0,37.0,141.15493774414062,145.24888610839844,138.47799682617188,142.00149536132812,146.1199951171875,139.30850219726562,0.008123142714142606,0.8123142714142606,142.84222259521485,145.05090255737304,141.91616973876953,126.36334621429444,0.2157790659234477,141.15493774414062,144.66290283203125,46.95478782811683,-0.47264876036419423,0.2702658680348874
323,2021-12-07,145.59649658203125,147.531005859375,145.2274932861328,147.26950073242188,146.39154052734375,32240000,46,46.0,26.0,37.0,142.3015594482422,141.33535766601562,145.34580993652344,143.15499877929688,142.18299865722656,146.21749877929688,0.028741646226225326,2.8741646226225326,142.93839569091796,144.9633529663086,142.03938079833983,126.58334434509277,0.24156707906228939,142.3015594482422,141.05157470703125,55.48471608396987,-0.17920899411242885,0.18037089560542413
324,2021-12-08,147.59649658203125,148.39300537109375,146.406005859375,148.18649291992188,147.30307006835938,24270000,46,46.0,37.0,37.0,146.39154052734375,144.66290283203125,144.9794921875,147.26950073242188,145.53050231933594,145.8489990234375,0.006226654475607329,0.6226654475607329,143.1774124145508,144.92697143554688,142.2850372314453,126.80201290130616,0.24273174738680137,146.39154052734375,140.21060180664062,57.138947085364684,0.12545083165429105,0.16938688281519754
325,2021-12-09,147.59100341796875,149.10000610351562,147.11500549316406,147.6385040283203,146.75833129882812,23270000,46,46.0,37.0,37.0,147.30307006835938,141.05157470703125,147.16342163085938,148.18649291992188,141.8975067138672,148.04600524902344,-0.003698081576157586,-0.3698081576157586,143.32835693359374,145.01370086669922,142.54915313720704,127.03482158660889,0.23130928026652156,147.30307006835938,142.1136932373047,55.804328658856136,0.3192598436552885,0.19936147498321574
326,2021-12-10,148.6999969482422,148.9774932861328,146.70399475097656,148.00149536132812,147.11917114257812,24458000,46,46.0,37.0,32.0,146.75833129882812,140.21060180664062,142.6415252685547,147.6385040283203,141.05149841308594,143.4969940185547,0.0024587349866718178,0.24587349866718178,143.90673828125,145.12478408813476,142.83395477294923,127.26795341491699,0.231312228280121,146.75833129882812,141.15493774414062,56.528662489868786,0.49625116716146067,0.25873941341886475
327,2021-12-13,147.781494140625,147.97000122070312,145.5175018310547,145.82650756835938,144.95713806152344,27070000,28,46.0,37.0,32.0,147.11917114257812,142.1136932373047,144.56549072265625,148.00149536132812,142.96600341796875,145.4324951171875,-0.014695794329614542,-1.4695794329614542,143.93616180419923,144.98305969238282,143.01851806640624,127.47840866088868,0.22599574726203414,147.11917114257812,142.3015594482422,51.122336137508306,0.45679442364581746,0.2983504154642553
328,2021-12-14,143.96800231933594,144.47999572753906,141.21499633789062,143.90699768066406,143.04910278320312,38446000,28,28.0,37.0,32.0,144.95713806152344,141.15493774414062,145.72406005859375,145.82650756835938,142.00149536132812,146.59800720214844,-0.01316275489317742,-1.316275489317742,144.13591461181642,144.75716552734374,143.2222463989258,127.68061103820801,0.23017889830415308,144.95713806152344,146.39154052734375,46.86272606088872,0.2684674437188903,0.2923738211151823
329,2021-12-15,143.40899658203125,146.7209930419922,141.67799377441406,146.4409942626953,145.56797790527344,36370000,28,28.0,46.0,32.0,143.04910278320312,142.3015594482422,147.3835906982422,143.90699768066406,143.15499877929688,148.2675018310547,0.017608465016993202,1.7608465016993202,144.6716522216797,144.68584289550782,143.42936462402344,127.90859622955323,0.2396192869224083,143.04910278320312,147.30307006835938,52.4905914161863,0.31879426469663485,0.29765790983147283
330,2021-12-16,147.17050170898438,147.677001953125,143.60699462890625,144.44500732421875,143.5838623046875,33650000,28,28.0,46.0,32.0,145.56797790527344,146.39154052734375,147.964599609375,146.4409942626953,147.26950073242188,148.8520050048828,-0.013630165295536845,-1.3630165295536845,144.81866912841798,144.50681533813477,143.5661441040039,128.12106441497804,0.24406958785514762,145.56797790527344,146.75833129882812,48.163395639968904,0.1963140991515786,0.277389147695494
331,2021-12-17,142.5,143.83450317382812,141.3000030517578,141.72500610351562,140.88011169433594,50416000,28,28.0,46.0,37.0,143.5838623046875,147.30307006835938,148.1425323486328,144.44500732421875,148.18649291992188,149.031005859375,-0.018830463026646815,-1.8830463026646815,144.7911865234375,144.10355911254882,143.61584655761717,128.3043229675293,0.24653291780097747,143.5838623046875,147.11917114257812,42.965481476991826,-0.11756715159299347,0.1983978878377965
332,2021-12-20,140.0,141.77450561523438,139.3209991455078,141.60699462890625,140.7627716064453,27192000,0,28.0,46.0,37.0,140.88011169433594,146.75833129882812,148.03070068359375,141.72500610351562,147.6385040283203,148.9185028076172,-0.0008329074024672201,-0.083290740246722,144.6373077392578,143.73976516723633,143.6520590209961,128.50925380706786,0.2462710474116103,140.88011169433594,144.95713806152344,42.74985054102432,-0.37150617669078656,0.08441707493207988
333,2021-12-21,142.05349731445312,143.86900329589844,140.50250244140625,143.47250366210938,142.61717224121094,28756000,0,0.0,46.0,37.0,140.7627716064453,147.11917114257812,145.02374267578125,141.60699462890625,148.00149536132812,145.89349365234375,0.013173942325818144,1.3173942325818144,144.25987091064454,143.59913330078126,143.742685546875,128.7152906036377,0.24528747959451205,140.7627716064453,143.04910278320312,47.25505084332752,-0.4182981693451495,-0.01612597392336601
334,2021-12-22,143.0675048828125,146.5,143.0675048828125,146.4149932861328,145.54212951660156,26322000,0,0.0,28.0,37.0,142.61717224121094,144.95713806152344,144.8975067138672,143.47250366210938,145.82650756835938,145.76649475097656,0.020509152084740467,2.0509152084740467,144.08377685546876,143.63059463500977,143.94081695556642,128.93698848724364,0.2564056120693085,142.61717224121094,145.56797790527344,53.474212622512134,-0.21686170664324322,-0.05627312046734145
335,2021-12-23,146.5,148.24349975585938,146.45199584960938,146.91650390625,146.0406494140625,26384000,0,0.0,28.0,37.0,145.54212951660156,143.04910278320312,147.7916259765625,146.4149932861328,143.90699768066406,148.67799377441406,0.00342526180643854,0.342526180643854,144.0120086669922,143.67018280029296,144.12639373779297,129.1451873779297,0.2565489045163691,145.54212951660156,143.5838623046875,54.45979651398132,-0.016801788698785458,-0.04837885411363026
336,2021-12-27,147.25599670410156,148.343994140625,147.16949462890625,147.906494140625,147.0247344970703,15976000,0,0.0,28.0,28.0,146.0406494140625,145.56797790527344,147.56698608398438,146.91650390625,146.4409942626953,148.45199584960938,0.006738432668959682,0.6738432668959682,144.0025650024414,143.95465164184571,144.2606979370117,129.37086639404296,0.2359767734562246,146.0406494140625,140.88011169433594,56.42225056769924,0.2186342993745427,0.005023776584004332
337,2021-12-28,148.23599243164062,148.2989959716797,146.05450439453125,146.68699645996094,145.8125,18200000,0,0.0,28.0,28.0,147.0247344970703,143.5838623046875,146.9944305419922,147.906494140625,144.44500732421875,147.87600708007812,-0.008245105840299694,-0.8245105840299694,144.08810119628907,144.01213150024415,144.3664437866211,129.5893808364868,0.2243182614259663,147.0247344970703,140.7627716064453,53.3711949090469,0.3038987469662686,0.0647987706604572
338,2021-12-29,146.64450073242188,147.41700744628906,145.6475067138672,146.65499877929688,145.7807159423828,17788000,0,0.0,28.0,28.0,145.8125,140.88011169433594,147.16441345214844,146.68699645996094,141.72500610351562,148.0469970703125,-0.0002179789635126106,-0.02179789635126106,144.36126251220702,144.24858856201172,144.44352142333983,129.80041774749756,0.20328741751924573,145.8125,142.61717224121094,53.28982732485482,0.36470266288245057,0.12477954910485588
339,2021-12-30,146.69400024414062,147.3000030517578,145.9945068359375,146.20050048828125,145.32891845703125,15688000,0,0.0,0.0,28.0,145.7807159423828,140.7627716064453,148.9452362060547,146.65499877929688,141.60699462890625,149.8385009765625,-0.0030991580911848837,-0.3099158091184884,144.3373565673828,144.50450439453124,144.5024380493164,130.0096106338501,0.2021015497818149,145.7807159423828,145.54212951660156,52.0745123180827,0.37214407779862313,0.17425245484360935
340,2021-12-31,146.0500030517578,146.69850158691406,144.8520050048828,144.8520050048828,143.98846435546875,18136000,0,0.0,0.0,28.0,145.32891845703125,142.61717224121094,148.0386505126953,146.20050048828125,143.47250366210938,148.92649841308594,-0.00922358822864855,-0.9223588228648549,144.37781677246093,144.59824295043944,144.56373077392578,130.2272306060791,0.2007902133848136,145.32891845703125,146.0406494140625,48.53766547619196,0.26680247650804745,0.19276245917649698
341,2022-01-03,145.05499267578125,145.8509979248047,143.71299743652344,144.9915008544922,144.1271209716797,28646000,0,0.0,0.0,26.0,143.98846435546875,145.54212951660156,145.4298095703125,144.8520050048828,146.4149932861328,146.302001953125,0.0009629703103759546,0.09629703103759546,144.7025177001953,144.7468521118164,144.6254702758789,130.4441471862793,0.1988376607452444,143.98846435546875,147.0247344970703,48.92410396001347,0.192290325490859,0.19266803243936942
342,2022-01-04,145.39599609375,146.48500061035156,143.7165069580078,144.39950561523438,143.53866577148438,28400000,0,0.0,0.0,26.0,144.1271209716797,146.0406494140625,144.91290283203125,144.9915008544922,146.91650390625,145.78199768066406,-0.004082890133571326,-0.40828901335713264,144.98010711669923,144.8087074279785,144.76131591796874,130.65719451904297,0.19785114380243915,144.1271209716797,145.8125,47.30073851082056,0.08477822168126181,0.1710900702877479
343,2022-01-05,144.4199981689453,144.49949645996094,137.68800354003906,137.77499389648438,136.95362854003906,54618000,0,0.0,0.0,26.0,143.53866577148438,147.0247344970703,145.24888610839844,144.39950561523438,147.906494140625,146.1199951171875,-0.04587639989582171,-4.58763998958217,144.41375274658202,144.3368118286133,144.76783630371094,130.83467258453368,0.23111177971715371,143.53866577148438,145.7807159423828,33.78928807012221,-0.5257231569934504,0.03172742483150824
344,2022-01-06,136.99850463867188,139.94000244140625,136.55850219726562,137.74749755859375,136.92630004882812,37348000,0,0.0,0.0,26.0,136.95362854003906,145.8125,141.33535766601562,137.77499389648438,146.68699645996094,142.18299865722656,-0.00019954557978685283,-0.019954557978685283,143.5521697998047,143.8179733276367,144.73680236816406,131.01420085906983,0.22873979673668002,136.95362854003906,145.32891845703125,33.74620554971101,-1.0002251064563836,-0.17466308142607015
345,2022-01-07,138.14549255371094,138.44850158691406,135.76649475097656,137.01699829101562,136.20016479492188,29760000,0,0.0,0.0,37.0,136.92630004882812,145.7807159423828,144.66290283203125,137.74749755859375,146.65499877929688,145.53050231933594,-0.0053031101669095415,-0.5303110166909542,142.56812133789063,143.2900650024414,144.55388946533202,131.19011585235594,0.22882489627793515,136.92630004882812,143.98846435546875,32.558330557021065,-1.4185126357608056,-0.42343299229301723
346,2022-01-10,135.0780029296875,138.8195037841797,133.1645050048828,138.66949462890625,137.8428192138672,44408000,30,0.0,0.0,37.0,136.20016479492188,145.32891845703125,141.05157470703125,137.01699829101562,146.20050048828125,141.8975067138672,0.012060590539069382,1.2060590539069382,141.64992980957032,142.82624740600585,144.41115600585937,131.37616508483887,0.23467494185378,136.20016479492188,144.1271209716797,37.88499889808426,-1.5990274399921418,-0.6585518818328422
347,2022-01-11,138.0070037841797,140.21600341796875,136.6925048828125,139.73599243164062,138.90293884277344,28730000,30,30.0,0.0,37.0,137.8428192138672,143.98846435546875,140.21060180664062,138.66949462890625,144.8520050048828,141.05149841308594,0.007690786034065589,0.7690786034065589,140.95897369384767,142.52353744506837,144.24594635009765,131.56228130340577,0.23351297133953142,137.8428192138672,143.53866577148438,41.117276033520355,-1.6376659351325031,-0.8543746924927744
348,2022-01-12,141.14999389648438,142.60800170898438,140.6945037841797,141.4304962158203,140.58734130859375,26108000,30,30.0,0.0,37.0,138.90293884277344,144.1271209716797,142.1136932373047,139.73599243164062,144.9915008544922,142.96600341796875,0.01212647104412179,1.212647104412179,140.43963623046875,142.40044937133788,144.20486267089845,131.75665050506592,0.23476837555487257,138.90293884277344,136.95362854003906,45.931559033283726,-1.5149071128536207,-0.9864811765649437
349,2022-01-13,141.5399932861328,142.85000610351562,138.40899658203125,138.58700561523438,137.7608184814453,31436000,30,30.0,0.0,37.0,140.58734130859375,143.53866577148438,141.15493774414062,141.4304962158203,144.39950561523438,142.00149536132812,-0.020105101930508296,-2.0105101930508296,139.68282623291014,142.01009140014648,144.0687692260742,131.9328985595703,0.23379312176280775,140.58734130859375,136.92630004882812,40.01869422655935,-1.626942254113004,-1.114573392074556
350,2022-01-14,137.07899475097656,140.74200439453125,136.99850463867188,139.48049926757812,138.64895629882812,29662000,30,30.0,0.0,46.0,137.7608184814453,136.95362854003906,142.3015594482422,138.58700561523438,137.77499389648438,143.15499877929688,0.006446955144233879,0.6446955144233879,139.14887542724608,141.76334609985352,143.92726715087892,132.09687255859376,0.23214077956062404,137.7608184814453,136.20016479492188,42.52248091425085,-1.6253298209026354,-1.216724677840172
351,2022-01-18,136.1750030517578,137.13150024414062,135.43850708007812,135.9980010986328,135.18722534179688,34872000,0,30.0,0.0,46.0,138.64895629882812,136.92630004882812,146.39154052734375,139.48049926757812,137.74749755859375,147.26950073242188,-0.024967594776337365,-2.4967594776337365,138.2548858642578,141.47870178222655,143.68333984375,132.2213758468628,0.23908529402422857,138.64895629882812,137.8428192138672,36.18262840800332,-1.8816937194223158,-1.3497184861566007
352,2022-01-19,136.52349853515625,137.95950317382812,135.0155029296875,135.1165008544922,134.3109893798828,28648000,0,0.0,0.0,46.0,135.18722534179688,136.20016479492188,147.30307006835938,135.9980010986328,137.01699829101562,148.18649291992188,-0.0064816476534572676,-0.6481647653457268,137.33211822509764,141.15611267089844,143.41026763916017,132.34390850067138,0.23957523980814086,135.18722534179688,138.90293884277344,34.76953182215989,-2.1310039876525764,-1.505975586455796
353,2022-01-20,136.25,137.62600708007812,132.96449279785156,133.3074951171875,132.5127716064453,29908000,0,0.0,30.0,46.0,134.3109893798828,137.8428192138672,146.75833129882812,135.1165008544922,138.66949462890625,147.6385040283203,-0.013388463458871902,-1.3388463458871902,136.88803253173828,140.65089263916016,143.0976724243164,132.4500518798828,0.23543646429602572,134.3109893798828,140.58734130859375,32.00691034129805,-2.445495171324808,-1.6938795034295984
354,2022-01-21,132.593505859375,134.86549377441406,130.0865020751953,130.35150146484375,129.57440185546875,55652000,0,0.0,30.0,46.0,132.5127716064453,138.90293884277344,147.11917114257812,133.3074951171875,139.73599243164062,148.00149536132812,-0.022174238115729272,-2.2174238115729272,136.15284271240233,139.8525062561035,142.7285464477539,132.53867042541503,0.2261245821178707,132.5127716064453,137.7608184814453,28.080654388797413,-2.8984223731821146,-1.9347880773801016
355,2022-01-24,125.97799682617188,131.2030029296875,124.5,130.8040008544922,130.02420043945312,76622000,39,0.0,30.0,28.0,129.57440185546875,140.58734130859375,144.95713806152344,130.35150146484375,141.4304962158203,145.82650756835938,0.003471353736103744,0.3471353736103744,135.53524627685547,139.05168380737305,142.42855560302735,132.62450813293458,0.2261492982576256,129.57440185546875,138.64895629882812,29.506203159271166,-3.184368044596539,-2.1847040708233894
356,2022-01-25,128.74000549316406,129.3990020751953,126.50050354003906,126.93499755859375,126.17827606201172,46960000,39,39.0,30.0,28.0,130.02420043945312,137.7608184814453,143.04910278320312,130.8040008544922,138.58700561523438,143.90699768066406,-0.029578527415996647,-2.9578527415996647,134.36879196166993,138.0093608856201,142.05417098999024,132.69758987426758,0.23618992901774055,130.02420043945312,135.18722534179688,24.952029670437895,-3.6789078452488297,-2.483544825708478
357,2022-01-26,131.11900329589844,133.0,127.14199829101562,129.23300170898438,128.46255493164062,49130000,39,39.0,30.0,28.0,126.17827606201172,138.64895629882812,145.56797790527344,126.93499755859375,139.48049926757812,146.4409942626953,0.018103582810929053,1.8103582810929053,133.32475357055665,137.14186363220216,141.6675895690918,132.7796551513672,0.2530196312408851,126.17827606201172,134.3109893798828,31.69543178972083,-3.842221251085789,-2.75528011078394
358,2022-01-27,131.3040008544922,132.65249633789062,128.9324951171875,129.0050048828125,128.2359161376953,31950000,39,39.0,0.0,28.0,128.46255493164062,135.18722534179688,143.5838623046875,129.23300170898438,135.9980010986328,144.44500732421875,-0.0017642401248045836,-0.17642401248045836,132.0896110534668,136.26462364196777,141.280968170166,132.86369857788085,0.25259460502091585,128.46255493164062,132.5127716064453,31.3940223282371,-3.9444668004626635,-2.993117448719685
359,2022-01-28,129.65899658203125,133.35650634765625,128.48500061035156,133.3509979248047,132.55601501464844,34362000,39,39.0,0.0,28.0,128.2359161376953,134.3109893798828,140.88011169433594,129.0050048828125,135.1165008544922,141.72500610351562,0.033688681042480795,3.3688681042480795,131.56913070678712,135.62597846984863,140.99219985961915,132.95857208251954,0.2897404830374138,128.2359161376953,129.57440185546875,42.599276123523744,-3.634999251522771,-3.1214938092803024
360,2022-01-31,134.16200256347656,135.47300720214844,132.20950317382812,135.30349731445312,134.49685668945312,39986000,44,39.0,0.0,0.0,132.55601501464844,132.5127716064453,140.7627716064453,133.3509979248047,133.3074951171875,141.60699462890625,0.01464167185917753,1.464167185917753,131.1539207458496,135.15139808654786,140.73884872436523,133.06377109527588,0.2968014111421987,132.55601501464844,130.02420043945312,46.80294443046029,-3.1962894513544313,-3.136452937695128
361,2022-02-01,137.59449768066406,137.79299926757812,134.36849975585938,137.6439971923828,136.8234100341797,68644000,44,44.0,0.0,0.0,134.49685668945312,129.57440185546875,142.61717224121094,135.30349731445312,130.35150146484375,143.47250366210938,0.017298198649344343,1.7298198649344343,131.3175392150879,134.78621253967285,140.49641220092772,133.17886081695556,0.30540614976532826,134.49685668945312,126.17827606201172,51.397826328566325,-2.6305519969269255,-3.035272749541488
362,2022-02-02,151.25,151.54649353027344,145.5225067138672,148.0,147.11769104003906,123200000,44,44.0,39.0,0.0,136.8234100341797,130.02420043945312,145.54212951660156,137.6439971923828,130.8040008544922,146.4149932861328,0.07523771701997317,7.523771701997317,132.59820938110352,134.96516380310058,140.4779930114746,133.34809337615968,0.4111563320380993,136.8234100341797,128.46255493164062,65.56895982153773,-1.3361363954473404,-2.6954454787226587
363,2022-02-03,145.70550537109375,149.6750030517578,142.66549682617188,143.08999633789062,142.2369384765625,71518000,44,44.0,39.0,0.0,147.11769104003906,126.17827606201172,146.0406494140625,148.0,126.93499755859375,146.91650390625,-0.033175837174797884,-3.3175837174797884,133.57062606811525,135.22932929992675,140.4141355895996,133.4930862426758,0.39383407369068174,147.11769104003906,128.2359161376953,57.07227453388513,-0.6961142751871421,-2.2955792380155557
364,2022-02-04,143.4445037841797,144.875,140.51499938964844,143.29299926757812,142.43875122070312,57998000,44,44.0,39.0,0.0,142.2369384765625,128.46255493164062,147.0247344970703,143.08999633789062,129.23300170898438,147.906494140625,0.0014188490437305745,0.14188490437305745,134.85706100463867,135.5049518585205,140.36465255737303,133.64550716400146,0.39374619499094776,142.2369384765625,132.55601501464844,57.31855887118486,-0.17064049453688312,-1.8705914893198214
365,2022-02-07,144.25,144.25,138.89999389648438,139.2010040283203,138.3711395263672,54974000,0,44.0,39.0,0.0,142.43875122070312,128.2359161376953,145.8125,143.29299926757812,129.0050048828125,146.68699645996094,-0.028556917689016692,-2.855691768901669,135.69175491333007,135.61350059509277,140.22709762573243,133.7658081817627,0.4080637435772418,142.43875122070312,134.49685668945312,50.97111807991933,-0.08148173608796583,-1.5127695386734505
366,2022-02-08,139.02650451660156,140.0,137.01400756835938,139.3990020751953,138.56796264648438,54284000,0,0.0,39.0,0.0,138.3711395263672,132.55601501464844,145.7807159423828,139.2010040283203,133.3509979248047,146.65499877929688,0.0014224289891004993,0.14224289891004993,136.93072357177735,135.64975776672364,140.17174972534178,133.88460819244384,0.4060158562481927,138.3711395263672,136.8234100341797,51.25242326398554,0.005001548473501316,-1.2092153212440604
367,2022-02-09,140.9635009765625,142.52450561523438,140.18699645996094,141.5919952392578,140.74789428710938,40144000,0,0.0,44.0,0.0,138.56796264648438,134.49685668945312,145.32891845703125,139.3990020751953,135.30349731445312,146.20050048828125,0.015731858930382536,1.5731858930382536,138.1592575073242,135.74200553894042,140.09344955444337,134.0190171432495,0.4088800927538714,138.56796264648438,147.11769104003906,54.37477760034621,0.24659979063309834,-0.9180522988686286
368,2022-02-10,139.70350646972656,141.4844970703125,137.95700073242188,138.6199951171875,137.79359436035156,39330000,0,0.0,44.0,0.0,140.74789428710938,136.8234100341797,143.98846435546875,141.5919952392578,137.6439971923828,144.8520050048828,-0.020990011550235943,-2.0990011550235943,139.11502532958986,135.60231819152833,140.02828994750976,134.12174102783203,0.41376401848405203,140.74789428710938,142.2369384765625,49.72629069558871,0.19740525924316898,-0.6949607872462691
369,2022-02-11,138.60000610351562,139.156494140625,133.39999389648438,134.28250122070312,133.48196411132812,39958000,0,0.0,44.0,0.0,137.79359436035156,147.11769104003906,144.1271209716797,138.6199951171875,148.0,144.9915008544922,-0.031290498437451686,-3.1290498437451686,139.2076202392578,135.38837547302245,139.89371719360352,134.19452701568605,0.4225385892760039,137.79359436035156,142.43875122070312,43.836240104925814,-0.18733480953704884,-0.5934355917044251
370,2022-02-14,133.25650024414062,136.3000030517578,133.25650024414062,135.5260009765625,134.71804809570312,34302000,30,0.0,44.0,0.0,133.48196411132812,142.2369384765625,143.53866577148438,134.28250122070312,143.08999633789062,144.39950561523438,0.009260307132910262,0.9260307132910262,139.2297393798828,135.19183006286622,139.74580429077147,134.28324989318847,0.423335147240826,133.48196411132812,138.3711395263672,45.817683552388935,-0.3880294765282599,-0.5523543686691921
371,2022-02-15,137.57049560546875,138.10850524902344,135.82150268554688,136.60850524902344,135.7941131591797,26680000,30,30.0,44.0,0.0,134.71804809570312,142.43875122070312,136.95362854003906,135.5260009765625,143.29299926757812,137.77499389648438,0.007987534548541841,0.7987534548541841,139.1268096923828,135.22217445373536,139.63858779907227,134.37994258880616,0.4147725964586689,134.71804809570312,138.56796264648438,47.55239175053941,-0.4550069515685209,-0.5328848852490579
372,2022-02-16,136.64649963378906,138.08599853515625,134.9239959716797,137.73800659179688,136.9168701171875,25022000,30,30.0,0.0,0.0,135.7941131591797,138.3711395263672,136.92630004882812,136.60850524902344,139.2010040283203,137.74749755859375,0.008268082701727186,0.8268082701727186,138.10672760009766,135.3524684906006,139.53089401245117,134.49125751495362,0.41476381618114405,135.7941131591797,140.74789428710938,49.37367370097951,-0.41273225927673707,-0.5088543600545937
373,2022-02-17,136.2429962158203,137.11349487304688,132.47850036621094,132.53900146484375,131.7488555908203,38950000,30,30.0,0.0,0.0,136.9168701171875,138.56796264648438,136.20016479492188,137.73800659179688,139.3990020751953,137.01699829101562,-0.03774563734873482,-3.7745637348734817,137.05791931152345,135.31427268981935,139.23804031372072,134.57475917816163,0.4347206062320911,136.9168701171875,137.79359436035156,42.12278517084786,-0.787170827142603,-0.5645176534721956
374,2022-02-18,133.4669952392578,134.07000732421875,130.19650268554688,130.4029998779297,129.62559509277344,45620000,30,30.0,0.0,30.0,131.7488555908203,140.74789428710938,137.8428192138672,132.53900146484375,141.5919952392578,138.66949462890625,-0.016115969194003488,-1.6115969194003488,135.77660369873047,135.31683235168458,138.884490814209,134.64203323364256,0.43112747609614255,131.7488555908203,133.48196411132812,39.552763106128424,-1.240940675575274,-0.6998022578928114
375,2022-02-22,129.83799743652344,132.1804962158203,128.22349548339844,129.81350708007812,129.03961181640625,44990000,32,30.0,0.0,30.0,129.62559509277344,137.79359436035156,138.90293884277344,130.4029998779297,138.6199951171875,139.73599243164062,-0.004520583114374865,-0.45205831143748654,134.84345092773438,135.26760292053223,138.53011642456056,134.70275409698488,0.4312971982591421,129.62559509277344,134.71804809570312,38.84829973980804,-1.629061693680569,-0.8856541450503629
376,2022-02-23,131.64849853515625,132.05099487304688,127.52749633789062,127.58799743652344,126.82736206054688,32786000,32,32.0,0.0,30.0,129.03961181640625,133.48196411132812,140.58734130859375,129.81350708007812,134.28250122070312,141.4304962158203,-0.017143958546674054,-1.7143958546674054,133.6693908691406,135.300057220459,138.12428024291992,134.76736907958986,0.42216156923288056,129.03961181640625,135.7941131591797,36.225136972525966,-2.0910560707982313,-1.1267345301999367
377,2022-02-24,124.95349884033203,133.0,124.95349884033203,132.6909942626953,131.8999481201172,54456000,32,32.0,30.0,30.0,126.82736206054688,134.71804809570312,137.7608184814453,127.58799743652344,135.5260009765625,138.58700561523438,0.03999599122111119,3.9995991221111193,132.78459625244142,135.4719268798828,137.8631364440918,134.86273712158203,0.4409434895981683,126.82736206054688,136.9168701171875,45.33914839363879,-2.024537038764578,-1.306295031912865
378,2022-02-25,133.552001953125,135.27149963378906,131.75149536132812,134.45950317382812,133.6579132080078,36406000,32,32.0,30.0,30.0,131.8999481201172,135.7941131591797,138.64895629882812,132.6909942626953,136.60850524902344,139.48049926757812,0.013328019555320036,1.3328019555320036,132.37102813720702,135.74302673339844,137.67531265258788,134.9842434310913,0.4426299968524981,131.8999481201172,131.7488555908203,48.10694866541135,-1.8091128096328362,-1.4068585874568593
379,2022-02-28,133.0500030517578,135.75149536132812,132.59249877929688,135.0570068359375,134.25186157226562,38864000,31,32.0,30.0,0.0,133.6579132080078,136.9168701171875,135.18722534179688,134.45950317382812,137.73800659179688,135.9980010986328,0.00444379498379166,0.444379498379166,132.4480178833008,135.82781906127929,137.44899032592772,135.1015648651123,0.4271461743105881,133.6579132080078,129.62559509277344,49.0457249481884,-1.5723359764448332,-1.439954065254454
380,2022-03-01,134.8784942626953,136.2554931640625,133.218505859375,134.06149291992188,133.2622833251953,26496000,31,31.0,30.0,0.0,134.25186157226562,131.7488555908203,134.3109893798828,135.0570068359375,132.53900146484375,135.1165008544922,-0.007371057916672807,-0.7371057916672807,132.30244140625,135.7660903930664,137.2425587463379,135.20167701721192,0.4249458460020498,134.25186157226562,129.03961181640625,47.50378572834891,-1.4478494177140533,-1.4415331357463739
381,2022-03-02,134.6280059814453,135.2624969482422,133.07150268554688,134.57150268554688,133.76925659179688,23520000,31,31.0,30.0,0.0,133.2622833251953,129.62559509277344,132.5127716064453,134.06149291992188,130.4029998779297,133.3074951171875,0.0038043267303502493,0.3804326730350249,132.0999557495117,135.61338272094727,137.1003416442871,135.3017046737671,0.4202813513162715,133.2622833251953,126.82736206054688,48.39883148000151,-1.2933751932506254,-1.4119015472472243
382,2022-03-03,136.00999450683594,136.4394989013672,133.02549743652344,133.89950561523438,133.10125732421875,24604000,31,31.0,32.0,0.0,133.76925659179688,129.03961181640625,129.57440185546875,134.57150268554688,129.81350708007812,130.35150146484375,-0.004993668086356817,-0.4993668086356817,131.71839447021483,134.91256103515624,136.9471113586426,135.40496543884277,0.3097024180303474,133.76925659179688,131.8999481201172,47.25556924044907,-1.2108967516316511,-1.3717005881241098
383,2022-03-04,132.92750549316406,133.85150146484375,130.33749389648438,131.906494140625,131.1201171875,30430000,31,31.0,32.0,39.0,133.10125732421875,126.82736206054688,130.02420043945312,133.89950561523438,127.58799743652344,130.8040008544922,-0.014884458468284234,-1.4884458468284234,131.6555206298828,134.35671997070312,136.71717025756837,135.49607646942138,0.2938861728969662,133.10125732421875,133.6579132080078,43.94044841618397,-1.2905171658093764,-1.355463903661163
384,2022-03-07,131.48800659179688,131.73500061035156,126.29499816894531,126.37850189208984,125.62507629394531,45112000,26,31.0,32.0,39.0,131.1201171875,131.8999481201172,126.17827606201172,131.906494140625,132.6909942626953,126.93499755859375,-0.041908450140391906,-4.190845014039191,131.25546875,133.51603622436522,136.31882919311522,135.55090259552003,0.3223542327935653,131.1201171875,134.25186157226562,36.327943423150096,-1.7765419243711165,-1.439679507803154
385,2022-03-08,126.25,131.25,125.67449951171875,127.10449981689453,126.34675598144531,40428000,26,26.0,32.0,39.0,125.62507629394531,133.6579132080078,128.46255493164062,126.37850189208984,134.45950317382812,129.23300170898438,0.005744710441499601,0.5744710441499601,130.9861831665039,132.91481704711913,135.92495132446288,135.6125230407715,0.31348232699343703,125.62507629394531,133.2622833251953,37.85079274969287,-2.0795151712571283,-1.5676466404939489
386,2022-03-09,131.25,133.73550415039062,129.90049743652344,133.4199981689453,132.62460327148438,37026000,26,26.0,31.0,39.0,126.34675598144531,134.25186157226562,128.2359161376953,127.10449981689453,135.0570068359375,129.0050048828125,0.04968744342720588,4.968744342720588,131.56590728759767,132.61764907836914,135.63694869995118,135.68890495300292,0.3674397353522156,126.34675598144531,133.76925659179688,49.22687880310988,-1.7923922598256183,-1.6125957643602828
387,2022-03-10,131.26600646972656,133.27200317382812,130.91250610351562,132.42950439453125,131.6400146484375,27102000,26,26.0,31.0,39.0,132.62460327148438,133.2622833251953,132.55601501464844,133.4199981689453,134.06149291992188,133.3509979248047,-0.007423876104129867,-0.7423876104129867,131.5399139404297,132.16225509643556,135.35349899291992,135.75990917205812,0.3618230597595298,132.62460327148438,133.10125732421875,47.75061162779608,-1.6255549713992252,-1.6151876057680714
388,2022-03-11,133.48849487304688,133.79550170898438,129.63150024414062,129.87049865722656,129.0962677001953,31526000,26,26.0,31.0,44.0,131.6400146484375,133.76925659179688,134.49685668945312,132.42950439453125,134.57150268554688,135.30349731445312,-0.019323508547424595,-1.9323508547424595,131.08374938964843,131.72738876342774,135.01981002807617,135.81386058807374,0.36077663268033794,131.6400146484375,131.1201171875,44.07320955134624,-1.67923713763264,-1.627997512140985
389,2022-03-14,130.25,130.40899658203125,125.2750015258789,125.95099639892578,125.20013427734375,38812000,28,26.0,31.0,44.0,129.0962677001953,133.10125732421875,136.8234100341797,129.87049865722656,133.89950561523438,137.6439971923828,-0.030180062462376478,-3.018006246237648,130.17857666015624,131.31329727172852,134.61723434448243,135.85271255493163,0.3596418961694475,129.0962677001953,125.62507629394531,39.10561748544448,-2.0129618755343586,-1.7049903848196597
390,2022-03-15,126.97599792480469,129.85450744628906,125.72049713134766,129.197998046875,128.4277801513672,30920000,28,28.0,31.0,44.0,125.20013427734375,131.1201171875,147.11769104003906,125.95099639892578,131.906494140625,148.0,0.025779891472588634,2.5779891472588634,129.69512634277345,130.99878387451173,134.30602066040038,135.90915161132813,0.37166300276686887,125.20013427734375,126.34675598144531,44.669437514276915,-1.99401136541519,-1.762794580938766
391,2022-03-16,130.73300170898438,133.33299255371094,128.7344970703125,133.28050231933594,132.48593139648438,35576000,28,28.0,26.0,44.0,128.4277801513672,125.62507629394531,142.2369384765625,129.197998046875,126.37850189208984,143.08999633789062,0.03159870271318388,3.159870271318388,129.5667938232422,130.83337478637696,134.07319686889647,135.97983520507813,0.38922181277009527,128.4277801513672,132.62460327148438,50.76104239254455,-1.6327131585556174,-1.7367782964621363
392,2022-03-17,133.1490020751953,134.08050537109375,132.18499755859375,133.83900451660156,133.04110717773438,28264000,28,28.0,26.0,44.0,132.48593139648438,126.34675598144531,142.43875122070312,133.28050231933594,127.10449981689453,143.29299926757812,0.004190450830500181,0.4190450830500181,129.56077880859374,130.63958663940429,133.86324569702148,136.055926322937,0.38820904919687715,132.48593139648438,131.6400146484375,51.54695576019025,-1.286750818397195,-1.6467728008491482
393,2022-03-18,133.42449951171875,136.24400329589844,132.2584991455078,136.12550354003906,135.31398010253906,44566000,28,28.0,26.0,0.0,133.04110717773438,132.62460327148438,138.3711395263672,133.83900451660156,133.4199981689453,139.2010040283203,0.017083989851108816,1.7083989851108816,129.98016510009765,130.81784286499024,133.8304527282715,136.1491000366211,0.36791647300006564,133.04110717773438,129.0962677001953,54.73248643933974,-0.8197220756288459,-1.4813626558050879
394,2022-03-21,136.1634979248047,137.0500030517578,134.09249877929688,136.10150146484375,135.2901153564453,26832000,31,28.0,26.0,0.0,135.31398010253906,131.6400146484375,138.56796264648438,136.12550354003906,132.42950439453125,139.3990020751953,-0.00017636570940904317,-0.017636570940904317,130.94666900634766,131.10106887817383,133.79772903442384,136.23072551727296,0.3620463791466934,135.31398010253906,125.20013427734375,54.691828111806224,-0.4463785437964134,-1.274365833403353
395,2022-03-22,136.10150146484375,141.0500030517578,136.10150146484375,139.8679962158203,139.03416442871094,35496000,31,31.0,26.0,0.0,135.2901153564453,129.0962677001953,140.74789428710938,136.10150146484375,129.87049865722656,141.5919952392578,0.02767422484932669,2.767422484932669,132.2154098510742,131.60079650878907,133.85440902709962,136.32890171051025,0.3718047599222744,135.2901153564453,128.4277801513672,59.74427112700836,0.14988458854699616,-0.9895157490132832
396,2022-03-23,138.70249938964844,139.5885009765625,137.8350067138672,138.27549743652344,137.45114135742188,25154000,31,31.0,28.0,0.0,139.03416442871094,125.20013427734375,137.79359436035156,139.8679962158203,125.95099639892578,138.6199951171875,-0.01138585669064629,-1.138585669064629,132.69806365966798,132.13198547363282,133.8465754699707,136.42012203216552,0.36800482559672115,139.03416442871094,132.48593139648438,56.85730587143621,0.4890531841143968,-0.6938019623877473
397,2022-03-24,139.1999969482422,141.61900329589844,137.75050354003906,141.57200622558594,140.72801208496094,26396000,31,31.0,28.0,0.0,137.45114135742188,128.4277801513672,133.48196411132812,138.27549743652344,129.197998046875,134.28250122070312,0.023840258401478298,2.38402584014783,133.60686340332032,132.573388671875,133.88307693481445,136.52536586761474,0.3513002872641229,137.45114135742188,133.04110717773438,61.052757798526436,1.0106131026775529,-0.35291894937468726
398,2022-03-25,141.91600036621094,142.03500366210938,139.7375030517578,141.67300415039062,140.82839965820312,24126000,31,31.0,28.0,30.0,140.72801208496094,132.48593139648438,134.71804809570312,141.57200622558594,133.28050231933594,135.5260009765625,0.0007133446408777999,0.07133446408777999,134.7800765991211,132.93191299438476,133.88789810180663,136.62435470581056,0.3494572668143852,140.72801208496094,135.31398010253906,61.17731315423219,1.4157338355691422,0.0008116076140786688
399,2022-03-28,140.90049743652344,142.00250244140625,139.81149291992188,141.45550537109375,140.61221313476562,35050000,29,31.0,28.0,30.0,140.82839965820312,133.04110717773438,135.7941131591797,141.67300415039062,133.83900451660156,136.60850524902344,-0.0015351060152795082,-0.15351060152795082,136.32128448486327,133.24993057250975,133.94492599487305,136.72348770141602,0.3497389604283681,140.82839965820312,135.2901153564453,60.726911235213464,1.6997567516564516,0.3406006364225532
400,2022-03-29,142.6475067138672,143.7935028076172,142.0384979248047,142.5054931640625,141.65591430664062,34318000,29,29.0,28.0,30.0,140.61221313476562,135.31398010253906,136.9168701171875,141.45550537109375,136.12550354003906,137.73800659179688,0.007422549923701727,0.7422549923701727,137.64409790039062,133.66961212158202,134.00506515502929,136.82318954467775,0.3481133679200702,140.61221313476562,139.03416442871094,62.17476180514594,1.9861695941917503,0.6697144279763927
401,2022-03-30,142.4600067138672,142.7205047607422,141.60000610351562,141.93850708007812,141.0923309326172,19884000,29,29.0,31.0,30.0,141.65591430664062,135.2901153564453,131.7488555908203,142.5054931640625,136.10150146484375,132.53900146484375,-0.003978537548410821,-0.3978537548410821,138.5047378540039,134.03576583862304,134.1231672668457,136.92517295837402,0.34905474594687347,141.65591430664062,137.45114135742188,60.86980164286501,2.1429744911939963,0.9643664406199134
402,2022-03-31,142.05299377441406,142.10800170898438,139.02450561523438,139.0675048828125,138.2384490966797,37524000,29,29.0,31.0,30.0,141.0923309326172,139.03416442871094,129.62559509277344,141.93850708007812,139.8679962158203,130.4029998779297,-0.020227051442650357,-2.0227051442650357,139.02447204589845,134.2926254272461,134.20171646118163,137.01610263824463,0.3577034252290798,141.0923309326172,140.72801208496094,54.618307097399,2.013745879526141,1.174242328401159
403,2022-04-01,139.5,140.4709930419922,138.3074951171875,140.15049743652344,139.31497192382812,25942000,29,29.0,31.0,32.0,138.2384490966797,137.45114135742188,129.03961181640625,139.0675048828125,138.27549743652344,129.81350708007812,0.00778743420649608,0.778743420649608,139.42457122802733,134.7023681640625,134.3377604675293,137.10758895874022,0.35240945432818804,138.2384490966797,140.82839965820312,56.435843905793675,1.9754261856041921,1.3344790998417655
404,2022-04-04,140.35850524902344,143.71200561523438,140.3105010986328,142.97149658203125,142.11917114257812,25942000,33,29.0,31.0,32.0,139.31497192382812,140.72801208496094,126.82736206054688,140.15049743652344,141.57200622558594,127.58799743652344,0.020128484254249512,2.0128484254249512,140.10747680664062,135.52707290649414,134.5886558532715,137.22121006011963,0.3135915807816972,139.31497192382812,140.61221313476562,60.835925175195236,2.1465884578379644,1.4969009714410053
405,2022-04-05,142.86900329589844,142.99049377441406,140.38250732421875,140.59100341796875,139.75286865234375,21418000,33,33.0,31.0,32.0,142.11917114257812,140.82839965820312,131.8999481201172,142.97149658203125,141.67300415039062,132.6909942626953,-0.016650128699810862,-1.6650128699810862,140.1793472290039,136.19737854003907,134.7832292175293,137.31454288482666,0.32408490381039884,142.11917114257812,141.65591430664062,55.72146286907507,2.0674625356338936,1.611013284279583
406,2022-04-06,138.75,139.36050415039062,135.51699829101562,136.54800415039062,135.7339630126953,32468000,33,33.0,29.0,32.0,139.75286865234375,140.61221313476562,133.6579132080078,140.59100341796875,141.45550537109375,134.45950317382812,-0.028757231807856942,-2.875723180785694,140.00762939453125,136.35284652709962,134.97434295654296,137.3852066040039,0.30016850099340336,139.75286865234375,141.0923309326172,48.29526301558434,1.6613120038423972,1.621073028192146
407,2022-04-07,136.00999450683594,137.1645050048828,134.2274932861328,135.8885040283203,135.07838439941406,26234000,33,33.0,29.0,31.0,135.7339630126953,141.65591430664062,134.25186157226562,136.54800415039062,142.5054931640625,135.0570068359375,-0.00482987896861109,-0.482987896861109,139.44266662597656,136.52476501464844,135.10665954589842,137.4536038208008,0.29930524271894443,135.7339630126953,138.2384490966797,47.19042238022079,1.2718736977742822,1.551233162108573
408,2022-04-08,135.58349609375,135.6699981689453,132.9654998779297,133.28750610351562,132.49290466308594,25142000,33,33.0,29.0,31.0,135.07838439941406,141.0923309326172,133.2622833251953,135.8885040283203,141.93850708007812,134.06149291992188,-0.019140588243068635,-1.9140588243068635,138.60911712646484,136.69459686279296,135.19179931640625,137.50721981048585,0.29913744341889936,135.07838439941406,139.31497192382812,43.01135588723256,0.7460148328825085,1.3901894962633603
409,2022-04-11,131.82350158691406,132.09249877929688,128.6685028076172,128.82350158691406,128.05552673339844,36884000,0,33.0,29.0,31.0,132.49290466308594,138.2384490966797,133.76925659179688,133.28750610351562,139.0675048828125,134.57150268554688,-0.033491438209247826,-3.3491438209247826,137.35344848632812,136.8373664855957,135.10178955078126,137.53860664367676,0.3039757994784055,132.49290466308594,142.11917114257812,36.96150073039825,-0.02846331300926863,1.1064589344088347
410,2022-04-12,131.60000610351562,131.60000610351562,126.78900146484375,127.7145004272461,126.95311737060547,32710000,0,0.0,29.0,31.0,128.05552673339844,139.31497192382812,133.10125732421875,128.82350158691406,140.15049743652344,133.89950561523438,-0.00860883861020778,-0.8608838610207781,135.8831687927246,136.7636333465576,134.9509147644043,137.5643447494507,0.29150178981895153,128.05552673339844,139.75286865234375,35.62099389143913,-0.7228653045374926,0.7405940866195693
411,2022-04-13,128.0,130.33399963378906,127.74099731445312,129.8939971923828,129.11961364746094,27928000,0,0.0,33.0,31.0,126.95311737060547,142.11917114257812,131.1201171875,127.7145004272461,142.97149658203125,131.906494140625,0.017065325544791232,1.7065325544791232,134.68589706420897,136.59531745910644,134.79683883666993,137.60222496032713,0.2743939264776464,126.95311737060547,135.7339630126953,40.21028550500661,-1.085848753825701,0.3753055185305152
412,2022-04-14,130.47950744628906,130.47950744628906,126.60099792480469,126.7300033569336,125.9744873046875,31598000,0,0.0,33.0,26.0,129.11961364746094,139.75286865234375,125.62507629394531,129.8939971923828,140.59100341796875,126.37850189208984,-0.02435823848854346,-2.435823848854346,133.45950088500976,136.2419864654541,134.3739747619629,137.62528915405272,0.2855202825667754,129.11961364746094,135.07838439941406,36.17833831569469,-1.6087564208815763,-0.021506869351903102
413,2022-04-18,127.0,128.21249389648438,126.18199920654297,127.67649841308594,126.91534423828125,20808000,44,0.0,33.0,26.0,125.9744873046875,135.7339630126953,126.34675598144531,126.7300033569336,136.54800415039062,127.10449981689453,0.007468630781708674,0.7468630781708674,132.21953811645508,135.82205467224122,134.06754287719727,137.6512931442261,0.2786996898937847,125.9744873046875,132.49290466308594,38.17547880691115,-1.9250543941471108,-0.4022163743109447
414,2022-04-19,127.69149780273438,130.33299255371094,126.99949645996094,130.00900268554688,129.23394775390625,26490000,44,44.0,33.0,26.0,126.91534423828125,135.07838439941406,132.62460327148438,127.67649841308594,135.8885040283203,133.4199981689453,0.01826889829232825,1.826889829232825,130.9310157775879,135.51924629211425,133.80344680786132,137.67490905761719,0.2887340768451004,126.91534423828125,128.05552673339844,42.91616527044707,-1.9659684301412312,-0.7149667854770021
415,2022-04-20,130.89199829101562,131.3990020751953,127.5,128.0399932861328,127.27667236328125,31696000,44,44.0,33.0,26.0,129.23394775390625,132.49290466308594,131.6400146484375,130.00900268554688,133.28750610351562,132.42950439453125,-0.01514521087254983,-1.514521087254983,129.68339614868165,134.93137168884277,133.5815574645996,137.68410385131835,0.2694753925349355,129.23394775390625,126.95311737060547,40.119466149059676,-2.1317553165096683,-0.9983244916835354
416,2022-04-21,129.25,130.09849548339844,124.52649688720703,124.81449890136719,124.07039642333984,36446000,44,44.0,0.0,26.0,127.27667236328125,128.05552673339844,129.0962677001953,128.0399932861328,128.82350158691406,129.87049865722656,-0.025191387238580942,-2.5191387238580942,128.51703948974608,134.26233444213867,133.2916061401367,137.67585582733153,0.2786110379184831,127.27667236328125,129.11961364746094,35.9827746856822,-2.493123119369045,-1.2972842172206374
417,2022-04-22,125.0,125.4020004272461,118.92500305175781,119.635498046875,118.92228698730469,56884000,44,44.0,0.0,28.0,124.07039642333984,126.95311737060547,125.20013427734375,124.81449890136719,127.7145004272461,125.95099639892578,-0.04149345520320036,-4.149345520320036,126.90142974853515,133.17204818725585,132.85509399414062,137.64897457122802,0.2854695449869785,124.07039642333984,125.9744873046875,30.538104053265812,-3.1585097789640173,-1.6695293295693134
418,2022-04-25,119.10099792480469,123.27749633789062,118.51100158691406,123.0739974975586,122.34027862548828,46128000,50,44.0,0.0,28.0,118.92228698730469,129.11961364746094,128.4277801513672,119.635498046875,129.8939971923828,129.197998046875,0.02874138838709417,2.874138838709417,125.88616714477538,132.2476421356201,132.54602767944337,137.6368249130249,0.3131109940177335,118.92228698730469,126.91534423828125,37.319474950378535,-3.3711693983475612,-2.0098573433249634
419,2022-04-26,122.29450225830078,122.51000213623047,118.51100158691406,118.6500015258789,117.94265747070312,73054000,50,50.0,0.0,28.0,122.34027862548828,125.9744873046875,132.48593139648438,123.0739974975586,126.7300033569336,133.28050231933594,-0.03594581608112313,-3.5945816081123128,124.87488021850587,131.114164352417,132.23524154663085,137.5954455566406,0.3288288988510923,122.34027862548828,129.23394775390625,32.87276681792633,-3.8501725609431787,-2.3779203868486065
420,2022-04-27,114.46949768066406,117.24199676513672,112.73650360107422,114.29450225830078,113.61312866210938,91820000,50,50.0,44.0,28.0,117.94265747070312,126.91534423828125,133.04110717773438,118.6500015258789,127.67649841308594,133.83900451660156,-0.03670876086261832,-3.6708760862618317,123.54088134765625,129.71202507019044,131.813143157959,137.53059951782225,0.33759966750389275,117.94265747070312,127.27667236328125,29.18570218835346,-4.5269588461587205,-2.807728078710629
421,2022-04-28,116.41500091552734,119.64949798583984,114.11499786376953,118.52249908447266,117.81591796875,48884000,50,50.0,44.0,28.0,113.61312866210938,129.23394775390625,135.31398010253906,114.29450225830078,130.00900268554688,136.12550354003906,0.03699210959272059,3.699210959272059,122.41051177978515,128.54820442199707,131.45357925415038,137.48231658935546,0.37747404518659555,113.61312866210938,124.07039642333984,36.61752509909148,-4.6703499927789665,-3.1802524615242964
422,2022-04-29,116.7344970703125,117.91999816894531,113.81449890136719,114.1094970703125,113.4292221069336,42676000,50,50.0,44.0,31.0,117.81591796875,127.27667236328125,135.2901153564453,118.52249908447266,128.0399932861328,136.10150146484375,-0.037233473519087235,-3.7233473519087235,121.15598526000977,127.30774307250977,130.9838262939453,137.4182234954834,0.38900990207352093,117.81591796875,118.92228698730469,32.753684905477726,-5.0794059742043345,-3.5600831640603046
423,2022-05-02,113.40499877929688,116.74549865722656,112.5999984741211,116.58300018310547,115.88797760009766,35534000,29,50.0,44.0,31.0,113.4292221069336,124.07039642333984,139.03416442871094,114.1094970703125,124.81449890136719,139.8679962158203,0.021676561361287483,2.1676561361287483,120.05324859619141,126.13639335632324,130.66660873413085,137.3665980911255,0.4001859697890663,113.4292221069336,122.34027862548828,36.78034343432182,-5.145866422029314,-3.877239815654107
424,2022-05-03,116.43049621582031,118.44200134277344,116.03450012207031,117.33399963378906,116.6344985961914,24968000,29,29.0,44.0,31.0,115.88797760009766,118.92228698730469,137.45114135742188,116.58300018310547,119.635498046875,138.27549743652344,0.006441746689806127,0.6441746689806127,118.79330368041992,124.8621597290039,130.4067868041992,137.33059394836425,0.38985172690475833,115.88797760009766,117.94265747070312,37.99434426082341,-5.079742688619419,-4.117740390247169
425,2022-05-04,117.03150177001953,122.85449981689453,115.11599731445312,122.26100158691406,121.53213500976562,49916000,29,29.0,50.0,31.0,116.6344985961914,122.34027862548828,140.72801208496094,117.33399963378906,123.0739974975586,141.57200622558594,0.041991318799514676,4.199131879951468,118.21884994506836,123.951123046875,130.2566372680664,137.31096916198732,0.42925651234531864,116.6344985961914,113.61312866210938,45.401879715958145,-4.579352896533152,-4.210062891504366
426,2022-05-05,120.2040023803711,121.03900146484375,115.00550079345703,116.50550079345703,115.8109359741211,45840000,29,29.0,50.0,31.0,121.53213500976562,117.94265747070312,140.82839965820312,122.26100158691406,118.6500015258789,141.67300415039062,-0.047075607082725957,-4.707560708272595,117.39290390014648,122.9549716949463,130.03630874633788,137.2560807800293,0.4463738221359657,121.53213500976562,117.81591796875,39.46997122394543,-4.5915152002032045,-4.2863533532441345
427,2022-05-06,115.18450164794922,117.57150268554688,114.0155029296875,115.74649810791016,115.05646514892578,39710000,29,29.0,50.0,29.0,115.8109359741211,113.61312866210938,140.61221313476562,116.50550079345703,114.29450225830078,141.45550537109375,-0.006514676864056268,-0.6514676864056268,117.00632171630859,121.95387573242188,129.69943908691405,137.19308361053467,0.44627876307152864,115.8109359741211,113.4292221069336,38.750947837858774,-4.6089048179066765,-4.350863646176643
428,2022-05-09,113.25,115.0770034790039,112.00050354003906,112.51100158691406,111.84024810791016,40802000,30,29.0,50.0,29.0,115.05646514892578,117.81591796875,141.65591430664062,115.74649810791016,118.52249908447266,142.5054931640625,-0.02795337955892041,-2.795337955892041,115.95631866455078,120.92124290466309,129.2630857849121,137.09117477416993,0.4503755253917165,115.05646514892578,115.88797760009766,35.76030212730676,-4.826570352793482,-4.446004987500011
429,2022-05-10,115.50749969482422,116.25,112.90049743652344,114.3949966430664,113.71302032470703,39900000,30,30.0,50.0,29.0,111.84024810791016,113.4292221069336,141.0923309326172,112.51100158691406,114.1094970703125,141.93850708007812,0.016745064933957554,1.6745064933957554,115.53335494995117,120.20411758422851,128.85230895996094,136.99356014251708,0.44803880842840665,111.84024810791016,116.6344985961914,38.72571508839433,-4.792707442857264,-4.5153454785714615
430,2022-05-11,113.23650360107422,116.364501953125,113.23650360107422,113.60250091552734,112.92524719238281,37534000,30,30.0,29.0,29.0,113.71302032470703,115.88797760009766,138.2384490966797,114.3949966430664,116.58300018310547,139.0675048828125,-0.006927730264086995,-0.6927730264086995,115.46456680297851,119.50272407531739,128.44556823730468,136.90261806488036,0.44792590539451316,113.71302032470703,121.53213500976562,37.932494486572686,-4.774401225481739,-4.567156627953517
431,2022-05-12,111.37750244140625,114.29499816894531,109.82450103759766,112.84400177001953,112.17127990722656,53836000,30,30.0,29.0,29.0,112.92524719238281,116.6344985961914,139.31497192382812,113.60250091552734,117.33399963378906,140.15049743652344,-0.006676693688097646,-0.6676693688097646,114.90010299682618,118.65530738830566,128.01360870361327,136.7870611190796,0.43994909457514686,112.92524719238281,115.8109359741211,37.14821914773139,-4.765795155123271,-4.606884333387468
432,2022-05-13,114.53299713134766,117.875,113.6050033569336,116.05049896240234,115.35865783691406,35038000,30,30.0,29.0,33.0,112.17127990722656,121.53213500976562,142.11917114257812,112.84400177001953,122.26100158691406,142.97149658203125,0.028415276462243177,2.8415276462243177,115.09304656982422,118.124515914917,127.65875671386719,136.68901409149169,0.4514976606313908,112.17127990722656,115.05646514892578,42.55541379431782,-4.450477685036887,-4.575603003717352
433,2022-05-16,114.95549774169922,116.16999816894531,113.8895034790039,114.44499969482422,113.76273345947266,25990000,0,30.0,29.0,33.0,115.35865783691406,115.8109359741211,139.75286865234375,116.05049896240234,116.50550079345703,140.59100341796875,-0.013834456878803247,-1.3834456878803247,114.88052215576172,117.46688537597656,127.31160903930665,136.58821113586427,0.4506483276357176,115.35865783691406,111.84024810791016,40.66881577913489,-4.280026595448433,-4.516487722063569
434,2022-05-17,116.84049987792969,116.9000015258789,114.87000274658203,116.4729995727539,115.77864074707031,23054000,0,0.0,29.0,33.0,113.76273345947266,115.05646514892578,135.7339630126953,114.44499969482422,115.74649810791016,136.54800415039062,0.017720278216730945,1.7720278216730945,114.79493637084961,116.79412002563477,127.11468032836915,136.49685157775878,0.4502755146358298,113.76273345947266,113.71302032470703,44.04338924122979,-3.9368939456724945,-4.400568966785354
435,2022-05-18,115.0,115.4000015258789,111.55549621582031,111.89949798583984,111.23240661621094,35126000,0,0.0,30.0,33.0,115.77864074707031,111.84024810791016,135.07838439941406,116.4729995727539,112.51100158691406,135.8885040283203,-0.03926660480313515,-3.9266604803135152,113.76496353149415,115.99190673828124,126.81239334106445,136.3789064025879,0.4653035870288239,115.77864074707031,112.92524719238281,38.69788123668913,-3.9858554875328593,-4.317626270934856
436,2022-05-19,111.43150329589844,113.01000213623047,110.0,110.38400268554688,109.72593688964844,34144000,0,0.0,30.0,33.0,111.23240661621094,113.71302032470703,132.49290466308594,111.89949798583984,114.3949966430664,133.28750610351562,-0.013543442710543196,-1.3543442710543196,113.15646362304688,115.27468376159668,126.35442001342773,136.25593635559082,0.46084861028741475,111.23240661621094,112.17127990722656,37.091403137617974,-4.098967038544885,-4.273894424456861
437,2022-05-20,111.95099639892578,112.18350219726562,105.79650115966797,108.90799713134766,108.25873565673828,48962000,0,0.0,30.0,0.0,109.72593688964844,112.92524719238281,128.05552673339844,110.38400268554688,113.60250091552734,128.82350158691406,-0.013371507908706448,-1.3371507908706448,112.47669067382813,114.74150619506835,125.88679443359375,136.12003398895263,0.4423369411688781,109.72593688964844,115.35865783691406,35.54378007535047,-4.257917018304454,-4.27069894322638
438,2022-05-23,109.5875015258789,112.14749908447266,108.74099731445312,111.48799896240234,110.82335662841797,37184000,0,0.0,30.0,0.0,108.25873565673828,112.17127990722656,126.95311737060547,108.90799713134766,112.84400177001953,127.7145004272461,0.023689736963227404,2.3689736963227404,112.3750015258789,114.16566009521485,125.5213362121582,135.9995043182373,0.4376684916985341,108.25873565673828,113.76273345947266,40.237717500456704,-4.129342058628197,-4.242427566306744
439,2022-05-24,105.77200317382812,106.45850372314453,101.8844985961914,105.97000122070312,105.33824920654297,76780000,0,0.0,30.0,0.0,110.82335662841797,115.35865783691406,129.11961364746094,111.48799896240234,116.05049896240234,129.8939971923828,-0.049494146258952765,-4.949414625895276,111.5375244140625,113.53543968200684,125.12409851074219,135.8457116317749,0.45292709975215417,110.82335662841797,115.77864074707031,34.457970941383095,-4.419107089018567,-4.277763470849108
440,2022-05-25,104.9854965209961,106.5,103.85649871826172,105.80500030517578,105.17423248291016,40258000,0,0.0,0.0,0.0,105.33824920654297,113.76273345947266,125.9744873046875,105.97000122070312,114.44499969482422,126.7300033569336,-0.0015570481270408276,-0.15570481270408276,110.76242294311524,113.11349487304688,124.65902755737305,135.69162567138673,0.4374644462242304,105.33824920654297,111.23240661621094,34.29931782085343,-4.608854733642474,-4.343981723407782
441,2022-05-26,105.677001953125,108.64949798583984,105.2249984741211,107.7925033569336,107.14988708496094,37948000,0,0.0,0.0,44.0,105.17423248291016,115.77864074707031,126.91534423828125,105.80500030517578,116.4729995727539,127.67649841308594,0.018784587777921802,1.8784587777921802,110.26028366088867,112.58019332885742,124.15230667114258,135.5500422668457,0.41952448321794983,105.17423248291016,109.72593688964844,38.00222313078268,-4.547392780592858,-4.384663934844797
442,2022-05-27,109.48300170898438,112.31800079345703,109.13849639892578,112.31649780273438,111.64691925048828,37914000,0,0.0,0.0,44.0,107.14988708496094,111.23240661621094,129.23394775390625,107.7925033569336,111.89949798583984,130.00900268554688,0.04196954647242479,4.196954647242479,109.8891098022461,112.49107818603515,123.72442291259766,135.42639629364012,0.43134495135848033,107.14988708496094,108.25873565673828,45.52791424796247,-4.088679080177542,-4.325466963911346
443,2022-05-31,112.74649810791016,115.73500061035156,112.07849884033203,113.76200103759766,113.08380126953125,50012000,0,0.0,0.0,44.0,111.64691925048828,109.72593688964844,127.27667236328125,112.31649780273438,110.38400268554688,128.0399932861328,0.012869876112024281,1.286987611202428,109.82121658325195,112.35086936950684,123.2798193359375,135.30728313446045,0.42646135596687307,111.64691925048828,110.82335662841797,47.71191512073646,-3.5680703039150643,-4.17398763191209
444,2022-06-01,114.8550033569336,117.10150146484375,113.25,113.89199829101562,113.21302032470703,36606000,0,0.0,0.0,44.0,113.08380126953125,108.25873565673828,124.07039642333984,113.76200103759766,108.90799713134766,124.81449890136719,0.0011426840424986207,0.11426840424986207,109.56465454101563,112.17979545593262,122.83827743530273,135.18592338562013,0.42566888986640616,113.08380126953125,105.33824920654297,47.91416513779486,-3.1092160924257115,-3.9610333240148146
445,2022-06-02,114.0,117.89949798583984,112.94650268554688,117.62249755859375,116.92127990722656,37992000,0,0.0,0.0,44.0,113.21302032470703,110.82335662841797,118.92228698730469,113.89199829101562,111.48799896240234,119.635498046875,0.03275470941313863,3.2754709413138627,110.13354187011718,111.94925270080566,122.39601974487304,135.0912957763672,0.4143671851587212,113.21302032470703,105.17423248291016,53.47569159014346,-2.4184666883236474,-3.6525199968765816
446,2022-06-03,116.0625,116.32150268554688,113.51850128173828,114.54100036621094,113.85814666748047,26136000,0,0.0,0.0,50.0,116.92127990722656,105.33824920654297,122.34027862548828,117.62249755859375,105.97000122070312,123.0739974975586,-0.026198252723341642,-2.619825272334164,110.5467628479004,111.85161323547364,121.92415985107422,134.98737888336183,0.38988602323485494,116.92127990722656,107.14988708496094,48.83691903319296,-2.09407289297188,-3.340830576095642
447,2022-06-06,116.70449829101562,119.34700012207031,116.16400146484375,116.82050323486328,116.12406921386719,33542000,0,0.0,0.0,50.0,113.85814666748047,105.17423248291016,117.94265747070312,114.54100036621094,105.80500030517578,118.6500015258789,0.01990127727095614,1.9901277270956141,111.33329620361329,111.90499343872071,121.43208099365235,134.89364360809327,0.3957682318116108,113.85814666748047,111.64691925048828,52.144014908999964,-1.635296777323859,-2.9997238163412856
448,2022-06-07,115.48049926757812,117.69100189208984,115.052001953125,117.14949798583984,116.45110321044922,31590000,0,0.0,0.0,50.0,116.12406921386719,107.14988708496094,113.61312866210938,116.82050323486328,107.7925033569336,114.29450225830078,0.002816246440518144,0.2816246440518144,111.89607086181641,112.13553619384766,120.94453506469726,134.79284812927247,0.3809554155965197,116.12406921386719,113.08380126953125,52.62002639839177,-1.2311327579027989,-2.6460056046535887
449,2022-06-08,116.7614974975586,118.57050323486328,116.5999984741211,117.19400024414062,116.4953384399414,26108000,0,0.0,0.0,50.0,116.45110321044922,111.64691925048828,117.81591796875,117.14949798583984,112.31649780273438,118.52249908447266,0.00037986097402820107,0.03798609740282011,113.01177978515625,112.27465209960937,120.46219757080078,134.67929164886473,0.3771332889465374,116.45110321044922,113.21302032470703,52.68857636660304,-0.8969212969393254,-2.2961887431107364
450,2022-06-09,116.32749938964844,118.29900360107422,114.7760009765625,114.83550262451172,114.15089416503906,25798000,0,0.0,0.0,50.0,116.4953384399414,113.08380126953125,113.4292221069336,117.19400024414062,113.76200103759766,114.1094970703125,-0.020124790453405206,-2.0124790453405206,113.90944595336914,112.33593444824218,119.91209716796875,134.54794933319093,0.3838838381176204,116.4953384399414,116.92127990722656,48.66950527697793,-0.8118745811118231,-1.9993259107109538
451,2022-06-10,112.44499969482422,113.27899932861328,110.36599731445312,111.1614990234375,110.49879455566406,41452000,0,0.0,0.0,29.0,114.15089416503906,113.21302032470703,115.88797760009766,114.83550262451172,113.89199829101562,116.58300018310547,-0.031993613682033906,-3.1993613682033906,114.24433670043945,112.25231018066407,119.30022644042968,134.39428340911866,0.40059514822444436,114.15089416503906,113.85814666748047,43.14800241740408,-1.0273259881929988,-1.804925926207363
452,2022-06-13,106.7864990234375,108.79149627685547,106.11900329589844,106.39250183105469,105.75823211669922,47252000,24,0.0,0.0,29.0,110.49879455566406,116.92127990722656,116.6344985961914,111.1614990234375,117.62249755859375,117.33399963378906,-0.042901485559435404,-4.29014855594354,113.65546798706055,111.77228889465331,118.65062210083008,134.22008811950684,0.4122624066821464,110.49879455566406,116.12406921386719,37.2418628392426,-1.5625840545336445,-1.7564575518726193
453,2022-06-14,106.53500366210938,107.92449951171875,105.80000305175781,106.71549987792969,106.07930755615234,33706000,24,24.0,0.0,29.0,105.75823211669922,113.85814666748047,121.53213500976562,106.39250183105469,114.54100036621094,122.26100158691406,0.0030359380355264864,0.30359380355264864,112.95501861572265,111.3881175994873,117.98590881347656,134.03475719451905,0.4112798426792971,105.75823211669922,116.45110321044922,37.86224665073572,-1.9385257061600214,-1.7928711827300998
454,2022-06-15,108.54499816894531,111.42350006103516,107.66950225830078,109.7645034790039,109.11013793945312,39698000,24,24.0,0.0,29.0,106.07930755615234,116.12406921386719,115.8109359741211,106.71549987792969,116.82050323486328,116.50550079345703,0.028571362814528545,2.8571362814528545,112.54473037719727,111.05469245910645,117.32572814941406,133.8616653060913,0.420294602306777,106.07930755615234,116.4953384399414,43.536366024682195,-1.9691997820579985,-1.8281369025956797
455,2022-06-16,107.22100067138672,108.64849853515625,105.13800048828125,106.03350067138672,105.40137481689453,51684000,24,24.0,0.0,29.0,109.11013793945312,116.45110321044922,115.05646514892578,109.7645034790039,117.14949798583984,115.74649810791016,-0.03399100388468612,-3.399100388468612,111.39273986816406,110.76314086914063,116.63869827270508,133.66949783325197,0.41457299961585875,109.11013793945312,114.15089416503906,38.860102181994584,-2.2666469022156974,-1.9158389025196834
456,2022-06-17,106.03350067138672,108.69950103759766,105.0459976196289,107.14350128173828,106.50475311279297,51376000,24,24.0,0.0,30.0,105.40137481689453,116.4953384399414,111.84024810791016,106.03350067138672,117.19400024414062,112.51100158691406,0.010468348233742208,1.0468348233742208,110.65740051269532,110.60208168029786,116.05411407470703,133.48027271270752,0.41474590785214055,105.40137481689453,110.49879455566406,40.89413263262583,-2.3858400023562893,-2.0098391224870045
457,2022-06-21,108.92949676513672,112.489501953125,108.5999984741211,111.54399871826172,110.87902069091797,47416000,27,24.0,0.0,30.0,106.50475311279297,114.15089416503906,113.71302032470703,107.14350128173828,114.83550262451172,114.3949966430664,0.04107110199572461,4.107110199572461,110.1328956604004,110.73309593200683,115.57012680053711,133.32250389099121,0.4378682318533366,106.50475311279297,105.75823211669922,48.24517874345838,-2.1030914278313304,-2.02848958355587
458,2022-06-22,110.55650329589844,113.34649658203125,110.38249969482422,111.48750305175781,110.82286071777344,30774000,27,27.0,0.0,30.0,110.87902069091797,110.49879455566406,112.92524719238281,111.54399871826172,111.1614990234375,113.60250091552734,-0.0005064977377557955,-0.050649773775579554,109.57007141113282,110.7330711364746,115.13672592163086,133.1622053527832,0.43000175667299506,110.87902069091797,106.07930755615234,48.16235925684546,-1.8620779108579768,-1.9952072490162913
459,2022-06-23,112.23149871826172,112.74250030517578,110.50050354003906,112.24199676513672,111.57286071777344,28362000,27,27.0,24.0,30.0,110.82286071777344,105.75823211669922,112.17127990722656,111.48750305175781,106.39250183105469,112.84400177001953,0.0067675567580771645,0.6767556758077165,109.07782363891602,111.04480171203613,114.80707260131835,133.00296783447266,0.38781077786851303,110.82286071777344,109.11013793945312,49.41132625633803,-1.592200335897573,-1.9146058663925478
460,2022-06-24,112.99500274658203,118.0790023803711,112.95249938964844,117.9749984741211,117.27168273925781,41164000,27,27.0,24.0,30.0,111.57286071777344,106.07930755615234,115.35865783691406,112.24199676513672,106.71549987792969,116.05049896240234,0.05107713457217611,5.107713457217611,109.3899024963379,111.64967422485351,114.61344390869141,132.8751544189453,0.4227452936506204,111.57286071777344,105.40137481689453,57.74269002000074,-0.9080061733355507,-1.7132859277811485
461,2022-06-27,118.27300262451172,118.57949829101562,115.17949676513672,115.83350372314453,115.1429443359375,36420000,0,27.0,24.0,0.0,117.27168273925781,109.11013793945312,113.76273345947266,117.9749984741211,109.7645034790039,114.44499969482422,-0.0181521945758496,-1.81521945758496,109.85431747436523,112.04932708740235,114.33391052246094,132.73744285583496,0.42799143497337466,117.27168273925781,106.50475311279297,54.15493541932309,-0.531422856797306,-1.47691331358438
462,2022-06-28,115.80249786376953,117.30950164794922,111.8479995727539,112.00749969482422,111.33975219726562,35792000,0,0.0,24.0,0.0,115.1429443359375,105.40137481689453,115.77864074707031,115.83350372314453,106.03350067138672,116.4729995727539,-0.03303017966585775,-3.303017966585775,110.41246948242187,112.03396873474121,114.0412158203125,132.59396087646485,0.4223841172325572,115.1429443359375,110.87902069091797,48.372213197056965,-0.5337113935711102,-1.2882729295817261
463,2022-06-29,111.552001953125,113.1604995727539,110.87249755859375,111.70149993896484,111.03558349609375,24716000,0,0.0,24.0,0.0,111.33975219726562,106.50475311279297,111.23240661621094,112.00749969482422,107.14350128173828,111.89949798583984,-0.002731896696096192,-0.2731896696096192,110.90809707641601,111.93155784606934,113.72362060546875,132.44171897888182,0.41979874232849457,111.33975219726562,110.82286071777344,47.9313891827864,-0.553686395483723,-1.1413556227621255
464,2022-06-30,110.0,110.88800048828125,106.75,108.96299743652344,108.31340026855469,43170000,0,0.0,27.0,0.0,111.03558349609375,110.87902069091797,109.72593688964844,111.70149993896484,111.54399871826172,110.38400268554688,-0.024516313976364446,-2.4516313976364446,110.82842330932617,111.68657684326172,113.30520965576171,132.27481254577637,0.4281969316963306,111.03558349609375,111.57286071777344,44.061356242934195,-0.7801807268658507,-1.0691206435828706
465,2022-07-01,107.93299865722656,109.25,106.73049926757812,108.73750305175781,108.08924865722656,35476000,0,0.0,27.0,0.0,108.31340026855469,110.82286071777344,108.25873565673828,108.96299743652344,111.48750305175781,108.90799713134766,-0.002069472574698583,-0.20694725746985831,111.09721069335937,111.24497528076172,112.92146118164062,132.09741645812989,0.40823106012149585,108.31340026855469,117.27168273925781,43.74812628141725,-0.966623642363885,-1.0486212433390736
466,2022-07-05,107.10050201416016,113.37699890136719,105.73149871826172,113.26300048828125,112.58777618408203,39342000,0,0.0,27.0,0.0,108.08924865722656,111.57286071777344,110.82335662841797,108.73750305175781,112.24199676513672,111.48799896240234,0.04161863999185744,4.161863999185744,111.70551300048828,111.1814567565918,112.69180877685547,131.94658611297606,0.4289059724084559,108.08924865722656,115.1429443359375,51.23987865970182,-0.7428246008839636,-0.9874619148480517
467,2022-07-06,113.302001953125,115.5895004272461,111.47599792480469,114.5719985961914,113.88896942138672,37432000,0,0.0,27.0,0.0,112.58777618408203,117.27168273925781,105.33824920654297,113.26300048828125,117.9749984741211,105.97000122070312,0.011557144846499279,1.1557144846499279,112.00650787353516,111.06970176696777,112.59114242553711,131.81622787475587,0.4247175219364293,112.58777618408203,111.33975219726562,53.182167536218515,-0.4552193431772764,-0.8810134005138968
468,2022-07-07,115.08000183105469,119.18949890136719,114.83350372314453,118.78299713134766,118.07485961914062,40936000,0,0.0,0.0,0.0,113.88896942138672,115.1429443359375,105.17423248291016,114.5719985961914,115.83350372314453,105.80500030517578,0.036754131844553006,3.6754131844553006,112.73170776367188,111.15088958740235,112.50583404541015,131.7171396636963,0.444974506368019,113.88896942138672,111.03558349609375,58.8595574542917,0.1092172630311552,-0.6829672678048865
469,2022-07-08,117.25,119.68499755859375,116.90149688720703,119.35350036621094,118.6419677734375,38238000,0,0.0,0.0,0.0,118.07485961914062,111.33975219726562,107.14988708496094,118.78299713134766,112.00749969482422,107.7925033569336,0.004802954296334816,0.4802954296334816,113.43861846923828,111.25822105407715,112.51982025146485,131.61932868957518,0.44516123324467016,118.07485961914062,108.31340026855469,59.57479838063552,0.5954344310525244,-0.4272869280334043
470,2022-07-11,117.99800109863281,117.99800109863281,115.33049774169922,115.67649841308594,114.98688507080078,31196000,0,0.0,0.0,0.0,118.6419677734375,111.03558349609375,111.64691925048828,119.35350036621094,111.70149993896484,112.31649780273438,-0.030807670938302167,-3.0807670938302167,113.21013870239258,111.30002059936524,112.54729537963867,131.49702716827392,0.4535125516447652,118.6419677734375,108.08924865722656,53.15998209070818,0.6780146812173058,-0.2062266061832623
471,2022-07-12,116.21499633789062,116.9739990234375,113.69000244140625,114.02050018310547,113.34075927734375,29960000,0,0.0,0.0,0.0,114.98688507080078,108.31340026855469,113.08380126953125,115.67649841308594,108.96299743652344,113.76200103759766,-0.014315769945793977,-1.4315769945793977,113.0299201965332,111.44211883544922,112.45779220581055,131.3618602371216,0.44074510813512585,114.98688507080078,112.58777618408203,50.521533353675764,0.6036727662704493,-0.04424673169251998
472,2022-07-13,111.70099639892578,114.19599914550781,111.20149993896484,111.35350036621094,110.68965911865234,43722000,0,0.0,0.0,0.0,113.34075927734375,108.08924865722656,113.21302032470703,114.02050018310547,108.73750305175781,113.89199829101562,-0.02339052760537974,-2.339052760537974,112.96491088867188,111.68869018554688,112.40300094604493,131.20847274780274,0.41952676974113073,113.34075927734375,113.88896942138672,46.517242663059044,0.32706444114558053,0.030015502875100117
473,2022-07-14,110.21050262451172,111.09300231933594,108.37300109863281,110.36750030517578,109.70954132080078,37004000,0,0.0,0.0,0.0,110.68965911865234,112.58777618408203,116.92127990722656,111.35350036621094,113.26300048828125,117.62249755859375,-0.008854646456187387,-0.8854646456187387,112.83230667114258,111.8702018737793,112.27943222045899,131.0558655166626,0.42148550295431264,110.68965911865234,118.07485961914062,45.09423600851408,0.028435251647678683,0.029699452629615833
474,2022-07-15,112.00050354003906,113.1405029296875,110.9000015258789,111.77749633789062,111.11112213134766,46770000,0,0.0,0.0,0.0,109.70954132080078,113.88896942138672,113.85814666748047,110.36750030517578,114.5719985961914,114.54100036621094,0.012775377543950528,1.2775377543950528,113.11207885742188,111.97025108337402,112.1689646911621,130.9363198852539,0.41190653940655486,109.70954132080078,118.6419677734375,47.56449762976032,-0.09405051878879078,0.0049494583459345105
475,2022-07-18,112.63999938964844,113.68000030517578,108.37000274658203,109.02999877929688,108.37999725341797,43164600,0,0.0,0.0,0.0,111.11112213134766,118.07485961914062,116.12406921386719,111.77749633789062,118.78299713134766,116.82050323486328,-0.02458012146345845,-2.458012146345845,113.14115371704102,112.11918220520019,111.90592193603516,130.8104571914673,0.4024815543411647,111.11112213134766,114.98688507080078,43.461184417183986,-0.4068108645919466,-0.0774026062416417
476,2022-07-19,110.8499984741211,114.0199966430664,109.55999755859375,113.80999755859375,113.13151550292969,36530900,0,0.0,0.0,0.0,108.37999725341797,118.6419677734375,116.45110321044922,109.02999877929688,119.35350036621094,117.14949798583984,0.04384128409231769,4.384128409231769,113.19552764892578,112.45052032470703,111.85233352661133,130.7117193222046,0.4287070663265482,108.37999725341797,113.34075927734375,51.32811701878338,-0.26817650747277355,-0.11555738648786808
477,2022-07-20,113.16999816894531,115.4000015258789,112.4800033569336,113.9000015258789,113.22097778320312,35600400,0,0.0,0.0,0.0,113.13151550292969,114.98688507080078,116.4953384399414,113.80999755859375,115.67649841308594,117.19400024414062,0.0007907812414227333,0.07907812414227333,113.12872848510742,112.56761817932129,111.81562377929687,130.59917934417726,0.4049015948845989,113.13151550292969,110.68965911865234,51.46504921131232,-0.1493671112182966,-0.12231933143395379
478,2022-07-21,114.27999877929688,114.55000305175781,111.11000061035156,114.33999633789062,113.65834045410156,32676200,0,0.0,0.0,0.0,113.22097778320312,113.34075927734375,114.15089416503906,113.9000015258789,114.02050018310547,114.83550262451172,0.0038629119749866714,0.38629119749866714,112.68707656860352,112.70939216613769,111.85198562622071,130.50315761566162,0.40493272173875916,113.22097778320312,109.70954132080078,52.173456211654276,-0.019691307229678046,-0.10179372659309864
479,2022-07-22,111.0,112.33999633789062,106.5,107.9000015258789,107.25674438476562,48901200,0,0.0,0.0,0.0,113.65834045410156,110.68965911865234,110.49879455566406,114.33999633789062,111.35350036621094,111.1614990234375,-0.056323152737929316,-5.632315273792932,111.54855422973633,112.4935863494873,111.72286010742188,130.3633810043335,0.45323890557882396,113.65834045410156,111.11112213134766,42.415039422258,-0.42853768505193557,-0.16714251828486604
480,2022-07-25,108.41000366210938,109.87000274658203,106.30000305175781,107.51000213623047,106.86907196044922,34690900,28,0.0,0.0,24.0,107.25674438476562,109.70954132080078,105.75823211669922,107.9000015258789,110.36750030517578,106.39250183105469,-0.003614434006366074,-0.3614434006366074,110.73677291870118,111.97345581054688,111.6017366027832,130.21400192260742,0.40830675201093974,107.25674438476562,108.37999725341797,41.903892850233646,-0.7749007364530058,-0.288694161918494
481,2022-07-26,106.5999984741211,107.19999694824219,104.06999969482422,105.0199966430664,104.39390563964844,47991000,28,28.0,0.0,24.0,106.86907196044922,111.11112213134766,106.07930755615234,107.51000213623047,111.77749633789062,106.71549987792969,-0.023160735612234085,-2.3160735612234085,109.84208755493164,111.43600387573242,111.44618911743164,130.0439965057373,0.4109358981498519,106.86907196044922,113.13151550292969,38.69739148672815,-1.234886187085209,-0.47793256695183706
482,2022-07-27,109.26000213623047,113.91000366210938,108.01000213623047,113.05999755859375,112.385986328125,59858500,28,28.0,0.0,24.0,104.39390563964844,108.37999725341797,109.11013793945312,105.0199966430664,109.02999877929688,109.7645034790039,0.07655696603654216,7.655696603654216,110.0117202758789,111.48831558227539,111.38673568725586,129.91116569519042,0.48729118014109246,104.39390563964844,113.22097778320312,51.58089480948904,-0.9436559731198884,-0.5710772481854474
483,2022-07-28,112.37000274658203,114.33999633789062,111.45999908447266,114.22000122070312,113.5390625,32816600,28,28.0,0.0,24.0,112.385986328125,113.13151550292969,105.40137481689453,113.05999755859375,113.80999755859375,106.03350067138672,0.0102599639825951,1.02599639825951,110.39467239379883,111.61348953247071,111.38226226806641,129.7884317779541,0.48818481543938624,112.385986328125,113.65834045410156,53.11198129036749,-0.612746954471902,-0.5794111894427383
484,2022-07-29,113.08000183105469,116.70999908447266,113.05999755859375,116.31999969482422,115.62654876708984,37223400,28,28.0,0.0,24.0,113.5390625,113.22097778320312,106.50475311279297,114.22000122070312,113.9000015258789,107.14350128173828,0.018385621839090316,1.8385621839090316,110.84621505737304,111.97914695739746,111.3792204284668,129.6883867263794,0.48149845227564664,113.5390625,107.25674438476562,55.834769000903016,-0.1799817595300226,-0.4995253034601952
485,2022-08-01,115.30000305175781,116.72000122070312,114.33999633789062,114.86000061035156,114.17524719238281,26034300,35,28.0,0.0,27.0,115.62654876708984,113.65834045410156,110.87902069091797,116.31999969482422,114.33999633789062,111.54399871826172,-0.012551629277030796,-1.2551629277030796,111.42574005126953,112.28344688415527,111.43807723999024,129.57545391082763,0.48459328527208684,115.62654876708984,106.86907196044922,53.50832820424389,0.045357019829921796,-0.3905488388021718
486,2022-08-02,114.0,116.3499984741211,113.72000122070312,115.12999725341797,114.44364166259766,20236000,35,35.0,0.0,27.0,114.17524719238281,107.25674438476562,110.82286071777344,114.86000061035156,107.9000015258789,111.48750305175781,0.0023507237935960212,0.23507237935960212,111.55695266723633,112.37624015808106,111.53243133544922,129.44612449645996,0.4628400072868219,114.17524719238281,104.39390563964844,53.89095378406754,0.24279799250993506,-0.2638794725397504
487,2022-08-03,115.70999908447266,118.62000274658203,115.4800033569336,118.08000183105469,117.37606048583984,28499000,35,35.0,28.0,27.0,114.44364166259766,106.86907196044922,111.57286071777344,115.12999725341797,107.51000213623047,112.24199676513672,0.02562325683315403,2.562325683315403,111.9724609375,112.55059471130372,111.71477783203125,129.3303787612915,0.469650938464294,114.44364166259766,112.385986328125,57.96176044411228,0.6286464328738788,-0.0853742914570246
488,2022-08-04,117.4800033569336,118.77999877929688,116.88999938964844,118.19000244140625,117.48538970947266,21602900,35,35.0,28.0,27.0,117.37606048583984,104.39390563964844,117.27168273925781,118.08000183105469,105.0199966430664,117.9749984741211,0.0009314439689003251,0.09314439689003251,112.35516586303712,112.52112121582032,111.84801849365235,129.20817153930665,0.4512654111774303,117.37606048583984,113.5390625,58.11025039066865,0.9325066996268845,0.11820190675975721
489,2022-08-05,116.2300033569336,118.11000061035156,116.0,117.47000122070312,116.76969909667969,19159500,35,35.0,28.0,0.0,117.48538970947266,112.385986328125,115.1429443359375,118.19000244140625,113.05999755859375,115.83350372314453,-0.006091741403444151,-0.6091741403444151,113.30646133422852,112.42750778198243,112.07664749145508,129.08010459899901,0.4514258560220537,117.48538970947266,115.62654876708984,56.698373369628534,1.102854874556698,0.31513250031914536
490,2022-08-08,118.38999938964844,120.1500015258789,116.87999725341797,117.30000305175781,116.60070037841797,19138300,0,35.0,28.0,0.0,116.76969909667969,113.5390625,111.33975219726562,117.47000122070312,114.22000122070312,112.00749969482422,-0.0014472822964268772,-0.14472822964268772,114.2796241760254,112.50819854736328,112.30517684936524,128.95848896026612,0.4370090087725849,116.76969909667969,114.17524719238281,56.35021051122866,1.2102690184203482,0.49415980393938597
491,2022-08-09,117.13999938964844,117.31999969482422,115.70999908447266,116.62999725341797,115.9346923828125,19086500,0,0.0,28.0,0.0,116.60070037841797,115.62654876708984,111.03558349609375,117.30000305175781,116.31999969482422,111.70149993896484,-0.005711869598072683,-0.5711869598072683,115.4337028503418,112.63789520263671,112.48087295532227,128.83296169281004,0.43405315100668884,116.60070037841797,114.44364166259766,54.91896255372095,1.2275043164598713,0.6408287064434831
492,2022-08-10,118.77999877929688,120.91999816894531,118.41000366210938,119.69999694824219,118.98638916015625,30930400,0,0.0,35.0,0.0,115.9346923828125,114.17524719238281,108.31340026855469,116.62999725341797,114.86000061035156,108.96299743652344,0.02632255034814901,2.632255034814901,116.09374313354492,113.05273170471192,112.62766235351563,128.74416172027588,0.4321357748926128,115.9346923828125,117.37606048583984,59.93982988239095,1.4704593006782716,0.8067548252904408
493,2022-08-11,121.27999877929688,121.48999786376953,118.55999755859375,118.83999633789062,118.13151550292969,24293700,0,0.0,35.0,0.0,118.98638916015625,114.44364166259766,108.08924865722656,119.69999694824219,115.12999725341797,108.73750305175781,-0.007184634001086487,-0.7184634001086487,116.5529884338379,113.47383041381836,112.7286166381836,128.65168125152587,0.4315187399859448,118.98638916015625,117.48538970947266,57.99136139193231,1.5758562267608909,0.960575105584531
494,2022-08-12,120.26000213623047,121.68000030517578,119.45999908447266,121.68000030517578,120.95458984375,19096300,0,0.0,35.0,0.0,118.13151550292969,117.37606048583984,112.58777618408203,118.83999633789062,118.08000183105469,113.26300048828125,0.023897723895282663,2.3897723895282663,117.0857925415039,113.96600379943848,112.88344802856446,128.56406421661376,0.43628075382252324,118.13151550292969,116.76969909667969,62.34457967248224,1.865676201999193,1.1415953248674635
495,2022-08-15,121.12999725341797,122.30000305175781,120.61000061035156,122.08000183105469,121.35221862792969,19494800,0,0.0,35.0,0.0,120.95458984375,117.48538970947266,113.88896942138672,121.68000030517578,118.19000244140625,114.5719985961914,0.0032874220374219387,0.3287422037421939,117.8034896850586,114.61461486816407,112.97206680297852,128.4440962600708,0.4225513049588093,120.95458984375,116.60070037841797,62.92730801767428,2.1032015419979757,1.333916568293566
496,2022-08-16,121.5199966430664,122.43000030517578,120.63999938964844,121.69999694824219,120.97447204589844,19041200,0,0.0,35.0,0.0,121.35221862792969,116.76969909667969,118.07485961914062,122.08000183105469,117.47000122070312,118.78299713134766,-0.0031128115027664327,-0.31128115027664327,118.45657272338867,115.0067626953125,113.11439331054687,128.3240711593628,0.3989964731629884,121.35221862792969,115.9346923828125,61.94654708247427,2.23519515463272,1.5141722855613968
497,2022-08-17,120.12000274658203,121.29000091552734,119.37999725341797,119.55000305175781,118.83728790283203,22847000,0,0.0,0.0,0.0,120.97447204589844,116.60070037841797,118.6419677734375,121.69999694824219,117.30000305175781,119.35350036621094,-0.01766640603527947,-1.766640603527947,118.60269546508789,115.28757820129394,113.16865768432618,128.18244049072266,0.4060692258787964,120.97447204589844,118.98638916015625,56.57414975168132,2.1426490203026987,1.6398676325096573
498,2022-08-18,119.43000030517578,120.81999969482422,118.72000122070312,120.16999816894531,119.45359802246094,17987700,0,0.0,0.0,0.0,118.83728790283203,115.9346923828125,114.98688507080078,119.55000305175781,116.62999725341797,115.67649841308594,0.005186167830864896,0.5186167830864896,118.79951629638671,115.57734107971191,113.22870758056641,128.06650085449218,0.40614532001135367,118.83728790283203,118.13151550292969,57.71308507334221,2.0948880525752003,1.7308717165227658
499,2022-08-19,119.05999755859375,119.1500015258789,116.76000213623047,117.20999908447266,116.51124572753906,21809500,0,0.0,0.0,0.0,119.45359802246094,118.98638916015625,113.34075927734375,120.16999816894531,119.69999694824219,114.02050018310547,-0.024631759475077675,-2.4631759475077675,118.77367095947265,116.04006614685059,113.22902572631835,127.9262296295166,0.35764392208329,119.45359802246094,120.95458984375,50.855534628661914,1.798877560856738,1.7444728853895604
500,2022-08-22,115.19999694824219,115.62999725341797,113.8499984741211,114.23999786376953,113.55894470214844,21456600,31,0.0,0.0,0.0,116.51124572753906,118.13151550292969,110.68965911865234,117.20999908447266,118.83999633789062,111.35350036621094,-0.025339193714352448,-2.533919371435245,118.4694953918457,116.37455978393555,113.21718673706054,127.76540405273437,0.3721072073092173,116.51124572753906,121.35221862792969,45.06894407344213,1.3109492868483557,1.6577681656813197
501,2022-08-23,113.4800033569336,115.01000213623047,113.43000030517578,113.86000061035156,113.18120574951172,15870400,31,31.0,0.0,0.0,113.55894470214844,120.95458984375,109.70954132080078,114.23999786376953,121.68000030517578,110.36750030517578,-0.00332636899389549,-0.332636899389549,118.19414672851562,116.81392478942871,113.2708349609375,127.59439212799072,0.3598629099052601,113.55894470214844,120.97447204589844,44.373244823161414,0.8835966852143713,1.5029338695879302
502,2022-08-24,113.5,114.77999877929688,112.87000274658203,113.69000244140625,113.0122299194336,17734600,31,31.0,0.0,0.0,113.18120574951172,121.35221862792969,111.11112213134766,113.86000061035156,122.08000183105469,111.77749633789062,-0.0014929672197705468,-0.14929672197705468,117.59673080444335,116.84523696899414,113.4159149169922,127.41963027954101,0.23797397712586407,113.18120574951172,118.83728790283203,44.04570417057432,0.5252272395380544,1.307392543577955
503,2022-08-25,114.23999786376953,116.72000122070312,114.11000061035156,116.6500015258789,115.95458221435547,16956800,31,31.0,0.0,0.0,113.0122299194336,120.97447204589844,108.37999725341797,113.69000244140625,121.69999694824219,109.02999877929688,0.026035698056922518,2.603569805692252,117.37903747558593,116.96601295471191,113.61342041015625,127.25869052886964,0.25278462593479295,113.0122299194336,119.45359802246094,50.84916223432183,0.4731855236938145,1.140551139601127
504,2022-08-26,114.72000122070312,115.12000274658203,110.19000244140625,110.33999633789062,109.68219757080078,37245700,31,31.0,0.0,0.0,115.95458221435547,118.83728790283203,113.13151550292969,116.6500015258789,119.55000305175781,113.80999755859375,-0.054093460765176626,-5.409346076517663,116.25179824829101,116.66879539489746,113.6248616027832,127.06694801330566,0.3114449338533988,115.95458221435547,116.51124572753906,39.752678727249254,-0.07334149616792729,0.8977726124473161
505,2022-08-29,109.98999786376953,110.94999694824219,108.80000305175781,109.41999816894531,108.76768493652344,21191200,24,31.0,0.0,0.0,109.68219757080078,119.45359802246094,113.22097778320312,110.33999633789062,120.16999816894531,113.9000015258789,-0.008337840183107348,-0.8337840183107348,114.99334487915038,116.39841728210449,113.69218780517578,126.88566772460938,0.3099881199511641,109.68219757080078,113.55894470214844,38.435702008089265,-0.5736489555328177,0.6034882988512894
506,2022-08-30,110.16999816894531,110.5,107.80000305175781,108.94000244140625,108.2905502319336,27513300,24,24.0,0.0,0.0,108.76768493652344,116.51124572753906,113.65834045410156,109.41999816894531,117.20999908447266,114.33999633789062,-0.004386732188593534,-0.4386732188593534,113.7249526977539,116.09076271057128,113.7279037475586,126.70263294219971,0.30958702262545384,108.76768493652344,113.18120574951172,37.733321080952145,-0.9971524519194901,0.2833601486971335
507,2022-08-31,110.6500015258789,110.8499984741211,108.12999725341797,108.22000122070312,107.57483673095703,28627000,24,24.0,31.0,0.0,108.2905502319336,113.55894470214844,107.25674438476562,108.94000244140625,114.23999786376953,107.9000015258789,-0.0066091962728388465,-0.6609196272838846,112.59870758056641,115.60070152282715,113.66182006835938,126.50154899597167,0.2912443218935756,108.2905502319336,113.0122299194336,36.651361852780305,-1.3746875793439983,-0.04824939691109287
508,2022-09-01,108.27999877929688,110.44999694824219,107.36000061035156,109.73999786376953,109.08576965332031,28360900,24,24.0,31.0,28.0,107.57483673095703,113.18120574951172,106.86907196044922,108.22000122070312,113.86000061035156,107.51000213623047,0.014045412182610129,1.4045412182610129,111.56192474365234,115.18072052001953,113.62707824707032,126.30914291381836,0.2979450070117433,107.57483673095703,115.95458221435547,40.52828326394787,-1.534280992159367,-0.3454557159607477
509,2022-09-02,110.58999633789062,110.73999786376953,107.26000213623047,107.8499984741211,107.20703125,24160700,24,24.0,31.0,28.0,109.08576965332031,113.0122299194336,104.39390563964844,109.73999786376953,113.69000244140625,105.0199966430664,-0.01722258007887767,-1.722258007887767,110.63150329589844,114.70258712768555,113.53976165771485,126.1102059173584,0.3018076303672509,109.08576965332031,109.68219757080078,37.45851179335449,-1.7917047524116754,-0.6347055232509333
510,2022-09-06,107.30000305175781,108.02999877929688,105.77999877929688,106.80999755859375,106.1732406616211,25068300,0,24.0,31.0,28.0,107.20703125,115.95458221435547,112.385986328125,107.8499984741211,116.6500015258789,113.05999755859375,-0.009642936441063954,-0.9642936441063954,109.8929328918457,114.1812141418457,113.31779281616211,125.90525005340577,0.30225779201064024,107.20703125,108.76768493652344,35.84941965928871,-2.0554393721676405,-0.9188522930342748
511,2022-09-07,107.05999755859375,109.9800033569336,106.9000015258789,109.44999694824219,108.7975082397461,23167000,0,0.0,31.0,28.0,106.1732406616211,109.68219757080078,113.5390625,106.80999755859375,110.33999633789062,114.22000122070312,0.024716845428959466,2.4716845428959466,109.45456314086914,113.82435493469238,113.19088409423829,125.70451141357422,0.3194485372890785,106.1732406616211,108.2905502319336,42.59112342274636,-2.0293019669161367,-1.1409422278106474
512,2022-09-08,108.04000091552734,109.5999984741211,107.16000366210938,108.37999725341797,107.73387908935547,24238300,0,0.0,24.0,28.0,108.7975082397461,108.76768493652344,115.62654876708984,109.44999694824219,109.41999816894531,116.31999969482422,-0.009776227117691105,-0.9776227117691105,108.92672805786133,113.26172943115235,113.11876663208008,125.50298755645753,0.3006820267235577,108.7975082397461,107.57483673095703,40.72312307659263,-2.070545903950631,-1.3268629630386441
513,2022-09-09,109.06999969482422,110.98999786376953,109.0199966430664,110.6500015258789,109.99034881591797,23197700,0,0.0,24.0,35.0,107.73387908935547,108.2905502319336,114.17524719238281,108.37999725341797,108.94000244140625,114.86000061035156,0.0209448480425638,2.09448480425638,108.33030471801757,112.85467109680175,113.09786193847657,125.32579025268555,0.31398629654560384,107.73387908935547,109.08576965332031,46.1218854160866,-1.8992602820843558,-1.4413424268477866
514,2022-09-12,110.98999786376953,111.62000274658203,109.93000030517578,110.86000061035156,110.1990966796875,22966800,24,0.0,24.0,35.0,109.99034881591797,107.57483673095703,114.44364166259766,110.6500015258789,108.22000122070312,115.12999725341797,0.0018978743682220856,0.18978743682220856,108.38199462890626,112.31689643859863,113.13557586669921,125.15222122192382,0.2979418088907023,109.99034881591797,107.20703125,46.60636512733754,-1.7267659022350301,-1.4984271219252354
515,2022-09-13,107.80000305175781,108.30000305175781,104.08999633789062,104.31999969482422,103.6980972290039,38172900,24,24.0,24.0,35.0,110.1990966796875,109.08576965332031,117.37606048583984,110.86000061035156,109.73999786376953,118.08000183105469,-0.05899321906040533,-5.899321906040534,107.87503585815429,111.43419036865234,113.04775283813477,124.94446727752685,0.35329460328585033,110.1990966796875,106.1732406616211,35.80746443801915,-2.0905407357154644,-1.6168498446832813
516,2022-09-14,104.56999969482422,105.27999877929688,103.66000366210938,105.0,104.37403106689453,26395100,24,24.0,24.0,35.0,103.6980972290039,107.20703125,117.48538970947266,104.31999969482422,107.8499984741211,118.19000244140625,0.0065182858312038405,0.651828583120384,107.48338394165039,110.60416831970215,112.88347793579102,124.75966064453125,0.35655253611703047,103.6980972290039,108.7975082397461,37.4307830793019,-2.2978050343004384,-1.7530408826067128
517,2022-09-15,104.02999877929688,105.2699966430664,102.3499984741211,102.91000366210938,102.29649353027344,34188300,24,24.0,0.0,35.0,104.37403106689453,106.1732406616211,116.76969909667969,105.0,106.80999755859375,117.47000122070312,-0.01990473602853926,-1.990473602853926,106.95554962158204,109.77712860107422,112.65162841796875,124.54782859802246,0.35751880977806805,104.37403106689453,107.73387908935547,34.539659400785695,-2.599735270764967,-1.9223797602383637
518,2022-09-16,102.06999969482422,103.12999725341797,100.94000244140625,102.80000305175781,102.1871566772461,42797200,24,24.0,0.0,0.0,102.29649353027344,108.7975082397461,116.60070037841797,102.91000366210938,109.44999694824219,117.30000305175781,-0.0010688230774497098,-0.10688230774497098,106.26568832397462,108.91380653381347,112.33387435913086,124.35350650787353,0.3553225555314091,102.29649353027344,109.99034881591797,34.3891161998379,-2.8153857147235186,-2.1009809511353947
519,2022-09-19,101.75,103.33000183105469,101.55000305175781,103.06999969482422,102.45553588867188,23036800,25,24.0,0.0,0.0,102.1871566772461,107.73387908935547,115.9346923828125,102.80000305175781,108.37999725341797,116.62999725341797,0.0026263497307537076,0.26263497307537076,105.7905387878418,108.21102104187011,112.01014572143555,124.16473117828369,0.3510738524406054,102.1871566772461,110.1990966796875,35.136443485750746,-2.9308492797086814,-2.266954616850052
520,2022-09-20,102.08000183105469,102.37000274658203,100.5199966430664,101.13999938964844,100.53704071044922,26517100,25,25.0,0.0,0.0,102.45553588867188,109.99034881591797,118.98638916015625,103.06999969482422,110.6500015258789,119.69999694824219,-0.018725149027645438,-1.8725149027645438,105.2269187927246,107.55992584228515,111.72114883422852,123.95684791564942,0.34704604882941076,102.45553588867188,103.6980972290039,32.30384096215809,-3.1409545453563084,-2.4417546025513035
521,2022-09-21,101.66999816894531,102.87999725341797,99.2699966430664,99.27999877929688,98.6881332397461,31487300,25,25.0,24.0,0.0,100.53704071044922,110.1990966796875,118.13151550292969,101.13999938964844,110.86000061035156,118.83999633789062,-0.018390311248846603,-1.8390311248846603,104.2159812927246,106.83527221679688,111.42809631347656,123.74451389312745,0.34970824852694116,100.53704071044922,104.37403106689453,29.809680939060172,-3.41726377342286,-2.636856436725615
522,2022-09-22,98.81999969482422,101.23999786376953,98.79000091552734,100.13999938964844,99.54300689697266,34298600,25,25.0,24.0,0.0,98.6881332397461,103.6980972290039,120.95458984375,99.27999877929688,104.31999969482422,121.68000030517578,0.00866237539573067,0.866237539573067,103.39689407348632,106.16181106567383,111.20516326904297,123.53072113037109,0.35350977431160574,98.6881332397461,102.29649353027344,32.40825586922156,-3.5266071358794733,-2.814806576556387
523,2022-09-23,99.62999725341797,99.66000366210938,97.47000122070312,98.73999786376953,98.15135955810547,31625400,25,25.0,24.0,0.0,99.54300689697266,104.37403106689453,121.35221862792969,100.13999938964844,105.0,122.08000183105469,-0.013980362681906389,-1.3980362681906389,102.21299514770507,105.27164993286132,110.97399963378906,123.2895202255249,0.3332412495538277,99.54300689697266,102.1871566772461,30.43303683677786,-3.6831003598690017,-2.9884653332189104
524,2022-09-26,98.0999984741211,99.87999725341797,97.80000305175781,98.16999816894531,97.58474731445312,27072700,20,25.0,24.0,0.0,98.15135955810547,102.29649353027344,120.97447204589844,98.73999786376953,102.91000366210938,121.69999694824219,-0.0057728415194994165,-0.5772841519499416,100.95156021118164,104.66677742004394,110.70347213745117,123.04092861175538,0.2854791214044804,98.15135955810547,102.45553588867188,29.640913814434626,-3.808936194569611,-3.1525595054890507
525,2022-09-27,99.43000030517578,100.0,96.87000274658203,97.5,96.91875457763672,30072800,20,20.0,24.0,0.0,97.58474731445312,102.1871566772461,118.83728790283203,98.16999816894531,102.80000305175781,119.55000305175781,-0.006824762630888825,-0.6824762630888825,100.27362594604492,104.0743309020996,110.47424728393554,122.79173072814942,0.28534206794032374,97.58474731445312,100.53704071044922,28.695484366390417,-3.917246469199938,-3.3054968982312283
526,2022-09-28,97.6500015258789,100.69999694824219,97.11000061035156,100.05000305175781,99.45354461669922,32466300,20,20.0,25.0,0.0,96.91875457763672,102.45553588867188,119.45359802246094,97.5,103.06999969482422,120.16999816894531,0.026153761984549773,2.6153761984549773,99.7815773010254,103.63248062133789,110.20068786621094,122.55340259552003,0.3068398094373253,96.91875457763672,98.6881332397461,36.93972365752935,-3.7552584878688577,-3.395449216158754
527,2022-09-29,98.63999938964844,98.63999938964844,95.95999908447266,97.41999816894531,96.83921813964844,31047200,20,20.0,25.0,0.0,99.45354461669922,100.53704071044922,116.51124572753906,100.05000305175781,101.13999938964844,117.20999908447266,-0.026286911010830027,-2.6286911010830027,99.2358497619629,103.09569969177247,109.87305267333984,122.31281299591065,0.31679074097927834,99.45354461669922,99.54300689697266,32.735763923370214,-3.7941001190366705,-3.4751793967343376
528,2022-09-30,97.05000305175781,98.9000015258789,95.55999755859375,95.6500015258789,95.07977294921875,32941500,20,20.0,25.0,31.0,96.83921813964844,98.6881332397461,113.55894470214844,97.41999816894531,99.27999877929688,114.23999786376953,-0.018168725690168808,-1.8168725690168808,98.52511138916016,102.39539985656738,109.50148132324219,122.07296634674073,0.31163053046657635,96.83921813964844,98.15135955810547,30.241359749853274,-3.921648590338762,-3.564473235455223
529,2022-10-03,96.76000213623047,99.29000091552734,96.5199966430664,98.63999938964844,98.05195617675781,27982000,25,20.0,25.0,31.0,95.07977294921875,99.54300689697266,113.18120574951172,95.6500015258789,100.13999938964844,113.86000061035156,0.03125988983089467,3.125988983089467,98.08475341796876,101.93764610290528,109.31738555908203,121.83538623809814,0.33637595860749087,95.07977294921875,97.58474731445312,38.73409726426999,-3.7397913392721733,-3.5995368562186134
530,2022-10-04,100.44000244140625,101.83999633789062,100.37999725341797,101.63999938964844,101.03406524658203,28850800,25,25.0,25.0,31.0,98.05195617675781,98.15135955810547,113.0122299194336,98.63999938964844,98.73999786376953,113.69000244140625,0.03041356017873209,3.041356017873209,98.13445587158203,101.68068733215333,109.20068542480469,121.62263725280762,0.35724287902866114,98.05195617675781,96.91875457763672,45.856530755947496,-3.316802839683916,-3.5429900529116742
531,2022-10-05,99.83000183105469,101.93000030517578,98.80000305175781,101.43000030517578,100.8253173828125,22176900,25,25.0,20.0,31.0,101.03406524658203,97.58474731445312,115.95458221435547,101.63999938964844,98.16999816894531,116.6500015258789,-0.0020661136742351482,-0.20661136742351482,98.34817428588867,101.28207778930664,109.12931365966797,121.42236328125,0.3428014425725697,101.03406524658203,99.45354461669922,45.4581443884359,-2.9642555218492674,-3.427243146699193
532,2022-10-06,100.68000030517578,102.93000030517578,100.58999633789062,101.41999816894531,100.81537628173828,22324000,25,25.0,20.0,31.0,100.8253173828125,96.91875457763672,109.68219757080078,101.43000030517578,97.5,110.33999633789062,-9.859727033112442e-05,-0.009859727033112442,98.47541122436523,100.93615264892578,108.89790145874024,121.22262630462646,0.3421998418537411,100.8253173828125,96.83921813964844,45.43789934785942,-2.6550555683967048,-3.2728056310386955
533,2022-10-07,99.8499984741211,100.52999877929688,98.30000305175781,98.68000030517578,98.09171295166016,27502800,25,25.0,20.0,24.0,100.81537628173828,99.45354461669922,108.76768493652344,101.41999816894531,100.05000305175781,109.41999816894531,-0.027016348403705703,-2.7016348403705703,98.46944656372071,100.34122085571289,108.58895446777343,120.9999990081787,0.33986179160709773,100.81537628173828,95.07977294921875,40.16061043524314,-2.599820137539581,-3.1382085323388726
534,2022-10-10,99.0,99.0999984741211,97.01000213623047,97.86000061035156,97.27660369873047,18225100,21,25.0,20.0,24.0,98.09171295166016,96.83921813964844,108.2905502319336,98.68000030517578,97.41999816894531,108.94000244140625,-0.0083096647861719,-0.83096647861719,98.43863220214844,99.69509620666504,108.22195556640625,120.75867137908935,0.33884945550918116,98.09171295166016,98.05195617675781,38.71157003530298,-2.5919398955058597,-3.0289548049722703
535,2022-10-11,97.43000030517578,99.25,96.30999755859375,97.18000030517578,96.60065460205078,26507100,21,21.0,20.0,24.0,97.27660369873047,95.07977294921875,107.57483673095703,97.86000061035156,95.6500015258789,108.22000122070312,-0.006948732490426268,-0.6948732490426268,98.40682220458984,99.34022407531738,107.87046371459961,120.5114714050293,0.27529267375150557,97.27660369873047,101.03406524658203,37.50311530524106,-2.6101500053797366,-2.9451938450537636
536,2022-10-12,97.30000305175781,98.75,96.73999786376953,97.55999755859375,96.97838592529297,21876400,21,21.0,25.0,24.0,96.60065460205078,98.05195617675781,109.08576965332031,97.18000030517578,98.63999938964844,109.73999786376953,0.003910235647970106,0.3910235647970106,98.15930633544922,98.9704418182373,107.52115859985352,120.26123966217041,0.27420037118132456,96.60065460205078,100.8253173828125,38.65555584589121,-2.5645394730236717,-2.8690629706477453
537,2022-10-13,95.1500015258789,99.77999877929688,94.37999725341797,99.05999755859375,98.46944427490234,34574500,21,21.0,25.0,24.0,96.97838592529297,101.03406524658203,107.20703125,97.55999755859375,101.63999938964844,107.8499984741211,0.01537516154123253,1.537516154123253,98.32232894897462,98.77908935546876,107.14302627563477,120.02452438354493,0.27484809421855805,96.97838592529297,100.81537628173828,43.11474780527265,-2.3806343787812807,-2.7713772522744526
538,2022-10-14,99.98999786376953,100.69000244140625,96.37000274658203,96.55999755859375,95.98434448242188,25410700,21,21.0,25.0,0.0,98.46944427490234,100.8253173828125,106.1732406616211,99.05999755859375,101.43000030517578,106.80999755859375,-0.025237268380866262,-2.5237268380866262,98.41278610229492,98.46894874572754,106.71300537109374,119.77554252624512,0.2871522233162715,98.46944427490234,98.09171295166016,38.138739004917774,-2.407661033361535,-2.698634008491869
539,2022-10-17,98.86000061035156,100.93000030517578,98.83000183105469,99.97000122070312,99.3740234375,28419200,28,21.0,25.0,0.0,95.98434448242188,100.81537628173828,108.7975082397461,96.55999755859375,101.41999816894531,109.44999694824219,0.03531491487863314,3.531491487863314,98.54499282836915,98.31487312316895,106.36509185791016,119.54576805114746,0.3174487795169235,95.98434448242188,97.27660369873047,47.10602308637467,-2.1309962901533908,-2.5851064648241735
540,2022-10-18,103.12999725341797,103.47000122070312,99.97000122070312,100.7699966430664,100.16925048828125,24060700,28,28.0,25.0,0.0,99.3740234375,98.09171295166016,107.73387908935547,99.97000122070312,98.68000030517578,108.37999725341797,0.008002363427313641,0.8002363427313641,98.45851135253906,98.29648361206054,106.03646286010742,119.32667198181153,0.3121644192836311,99.3740234375,96.60065460205078,48.97474469415779,-1.8265143899689775,-2.4333880498531344
541,2022-10-19,100.01000213623047,101.0199966430664,98.91999816894531,99.62999725341797,99.03604125976562,23811100,28,28.0,21.0,0.0,100.16925048828125,97.27660369873047,109.99034881591797,100.7699966430664,97.86000061035156,110.6500015258789,-0.011312945070385605,-1.1312945070385605,98.27958374023437,98.31387901306152,105.69848983764649,119.10121658325195,0.30761224676306037,100.16925048828125,96.97838592529297,46.45600169667211,-1.6575436728403474,-2.278219174450577
542,2022-10-20,100.0,102.31999969482422,99.38999938964844,99.97000122070312,99.3740234375,25323200,28,28.0,21.0,24.0,99.03604125976562,96.60065460205078,110.1990966796875,99.62999725341797,97.18000030517578,110.86000061035156,0.00341271898023332,0.341271898023332,98.13544845581055,98.3054298400879,105.30624252319336,118.88039337158203,0.3062931355216563,99.03604125976562,98.46944427490234,47.32611420883563,-1.4793082800246822,-2.118436995565398
543,2022-10-21,97.8499984741211,101.30999755859375,97.72000122070312,101.12999725341797,100.527099609375,32458700,28,28.0,21.0,24.0,99.3740234375,96.97838592529297,103.6980972290039,99.97000122070312,97.55999755859375,104.31999969482422,0.011603396259790344,1.1603396259790344,98.37898712158203,98.42421684265136,104.95415420532227,118.69826072692871,0.30415972688577003,99.3740234375,95.98434448242188,50.29383960738106,-1.2308236676118582,-1.94091432997469
544,2022-10-24,101.80000305175781,102.75,99.9800033569336,102.5199966430664,101.9088134765625,27176400,32,28.0,21.0,24.0,100.527099609375,98.46944427490234,104.37403106689453,101.12999725341797,99.05999755859375,105.0,0.01374469046213922,1.374469046213922,98.84220809936524,98.64042015075684,104.57323867797851,118.52317329406738,0.30596532141668087,100.527099609375,99.3740234375,53.66285090976323,-0.9118933218419727,-1.7351101283481465
545,2022-10-25,102.9000015258789,104.81999969482422,102.72000122070312,104.4800033569336,103.85713195800781,40611400,32,32.0,21.0,24.0,101.9088134765625,95.98434448242188,102.29649353027344,102.5199966430664,96.55999755859375,102.91000366210938,0.01911825302424308,1.9118253024243081,99.56785583496094,98.98733901977539,104.22333694458008,118.3614581298828,0.30948989227106405,101.9088134765625,100.16925048828125,57.98701627738537,-0.4962057553047572,-1.4873292537394687
546,2022-10-26,96.43000030517578,98.30999755859375,94.69000244140625,94.93000030517578,94.36406707763672,88114100,32,32.0,28.0,24.0,103.85713195800781,99.3740234375,102.1871566772461,104.4800033569336,99.97000122070312,102.80000305175781,-0.09140503595082317,-9.140503595082317,99.30642395019531,98.73286514282226,103.69112884521485,118.14406436920166,0.44690027353197215,103.85713195800781,99.03604125976562,38.92606209657497,-0.9221513759071627,-1.3742936781730075
547,2022-10-27,94.5199966430664,95.43000030517578,91.80000305175781,92.22000122070312,91.67021942138672,60710900,32,32.0,28.0,25.0,94.36406707763672,100.16925048828125,102.45553588867188,94.93000030517578,100.7699966430664,103.06999969482422,-0.028547388213287506,-2.8547388213287506,98.62650146484376,98.47441520690919,103.14778747558594,117.90790077209472,0.4485827190209875,94.36406707763672,99.3740234375,35.37274545754194,-1.4602544372662294,-1.391485829991652
548,2022-10-28,92.2699966430664,96.55000305175781,92.12999725341797,96.29000091552734,95.71595764160156,43697300,32,32.0,28.0,25.0,91.67021942138672,99.03604125976562,100.53704071044922,92.22000122070312,99.62999725341797,101.13999938964844,0.044133615537861104,4.41336155378611,98.59966278076172,98.50622444152832,102.67303466796875,117.68354385375977,0.4732735758521202,91.67021942138672,100.527099609375,43.686803436720865,-1.54246712660715,-1.4216820893147515
549,2022-10-31,95.41999816894531,96.02999877929688,93.9800033569336,94.51000213623047,93.94657135009766,31675000,0,32.0,28.0,25.0,95.71595764160156,99.3740234375,98.6881332397461,96.29000091552734,99.97000122070312,99.27999877929688,-0.018485802525522343,-1.8485802525522343,98.05691757202149,98.30095520019532,102.22174118041993,117.46447261810303,0.46360673670298,95.71595764160156,101.9088134765625,41.19100616445642,-1.730448429240866,-1.4834353572999746
550,2022-11-01,95.44999694824219,96.02999877929688,90.37000274658203,90.47000122070312,89.9306640625,47161400,0,0.0,28.0,25.0,93.94657135009766,100.527099609375,99.54300689697266,94.51000213623047,101.12999725341797,100.13999938964844,-0.04274671475377356,-4.274671475377357,97.03305892944336,97.74578514099122,101.74917556762695,117.2208811569214,0.4690534635781976,93.94657135009766,103.85713195800781,36.14392740796723,-2.1783642940842753,-1.6224211446568346
551,2022-11-02,90.94000244140625,91.18000030517578,86.87999725341797,86.97000122070312,86.4515151977539,57038300,0,0.0,32.0,25.0,89.9306640625,101.9088134765625,98.15135955810547,90.47000122070312,102.5199966430664,98.73999786376953,-0.03868701405705355,-3.868701405705355,95.77460632324218,97.02709503173828,101.2145817565918,116.97720260620117,0.4834166953431803,89.9306640625,94.36406707763672,32.43594049126804,-2.7820098036811203,-1.854338876461692
552,2022-11-03,86.31999969482422,86.5199966430664,83.33999633789062,83.43000030517578,82.9326171875,61288000,0,0.0,32.0,20.0,86.4515151977539,103.85713195800781,97.58474731445312,86.97000122070312,104.4800033569336,98.16999816894531,-0.040703717016463914,-4.070371701646391,94.13046569824219,96.13295707702636,100.61298950195312,116.72031074523926,0.496797365329969,86.4515151977539,91.67021942138672,29.175748273053756,-3.5039574396113835,-2.18426258909163
553,2022-11-04,85.4000015258789,86.63999938964844,83.70999908447266,86.58000183105469,86.06385040283203,51124900,0,0.0,32.0,20.0,82.9326171875,94.36406707763672,96.91875457763672,83.43000030517578,94.93000030517578,97.5,0.037756353549686095,3.7756353549686095,92.68414077758788,95.53156394958496,100.01517486572266,116.48806613922119,0.5187742359341647,82.9326171875,95.71595764160156,35.39811130496052,-3.779869804548923,-2.5033840321830887
554,2022-11-07,87.27999877929688,88.9000015258789,86.8499984741211,88.48999786376953,87.96244812011719,34078900,30,0.0,32.0,20.0,86.06385040283203,91.67021942138672,99.45354461669922,86.58000183105469,92.22000122070312,100.05000305175781,0.0220603390203733,2.20603390203733,91.28950424194336,95.0658561706543,99.58077987670899,116.28000637054443,0.5280984629166972,86.06385040283203,93.94657135009766,38.90316203030536,-3.8015099329125803,-2.763009212328987
555,2022-11-08,88.9000015258789,90.31999969482422,87.58999633789062,88.9000015258789,88.3700180053711,30429000,30,30.0,32.0,20.0,87.96244812011719,95.71595764160156,96.83921813964844,88.48999786376953,96.29000091552734,97.41999816894531,0.004633453183310099,0.4633453183310099,89.74079284667968,94.65432434082031,99.17282653808594,116.07173545837402,0.5289805456761034,87.96244812011719,89.9306640625,39.66000912578957,-3.74262970152013,-2.958933310167216
556,2022-11-09,88.44999694824219,89.44000244140625,87.27999877929688,87.31999969482422,86.7994384765625,31769100,30,30.0,0.0,20.0,88.3700180053711,93.94657135009766,95.07977294921875,88.9000015258789,94.51000213623047,95.6500015258789,-0.017772764612463132,-1.7772764612463132,88.98432998657226,94.14537696838379,98.74300430297852,115.87484127044678,0.5303304520339306,88.3700180053711,86.4515151977539,37.72085014731273,-3.779135810829615,-3.122973810299696
557,2022-11-10,92.25,94.38999938964844,91.61000061035156,93.94000244140625,93.3799819946289,51620100,30,30.0,0.0,25.0,86.7994384765625,89.9306640625,98.05195617675781,87.31999969482422,90.47000122070312,98.63999938964844,0.07581320378982959,7.581320378982959,89.15530624389649,93.89090385437012,98.45910720825195,115.69942840576172,0.599933318374801,86.7994384765625,82.9326171875,48.97749361129013,-3.2397267461883956,-3.146324397477436
558,2022-11-11,94.69000244140625,96.93000030517578,93.91999816894531,96.41000366210938,95.83524322509766,33090500,30,30.0,0.0,25.0,93.3799819946289,86.4515151977539,101.03406524658203,93.94000244140625,86.97000122070312,101.63999938964844,0.026293228784408873,2.6293228784408873,89.1672348022461,93.88344879150391,98.1940966796875,115.53742504119873,0.601304496840261,93.3799819946289,86.06385040283203,52.43211680637196,-2.5843315489969,-3.0339258277813292
559,2022-11-14,95.08999633789062,96.79000091552734,94.51000213623047,95.69999694824219,95.12947845458984,30179500,27,30.0,0.0,25.0,95.83524322509766,82.9326171875,100.8253173828125,96.41000366210938,83.43000030517578,101.43000030517578,-0.007364355186641691,-0.7364355186641691,89.28552551269532,93.6712215423584,97.9525456237793,115.35029235839843,0.5875622645438993,95.83524322509766,87.96244812011719,51.355714487218606,-2.097694535180864,-2.8466795692612363
560,2022-11-15,98.26000213623047,100.13999938964844,96.70999908447266,98.44000244140625,97.8531494140625,41640800,27,27.0,0.0,25.0,95.12947845458984,86.06385040283203,100.81537628173828,95.69999694824219,86.58000183105469,101.41999816894531,0.028631198275441028,2.8631198275441028,90.07777404785156,93.55541648864747,97.78614379882812,115.16707382202148,0.5964926776780259,95.12947845458984,88.3700180053711,55.179822520396456,-1.4752479716328253,-2.572393249735554
561,2022-11-16,97.9000015258789,99.63999938964844,97.63999938964844,98.8499984741211,98.26068878173828,29105200,27,27.0,30.0,25.0,97.8531494140625,87.96244812011719,98.09171295166016,98.44000244140625,88.48999786376953,98.68000030517578,0.004164805835234597,0.41648058352345974,91.25869140625,93.51664886474609,97.57540740966797,114.97426021575927,0.5952973606543566,97.8531494140625,86.7994384765625,55.74048894115454,-0.9382539569400308,-2.2455653911764495
562,2022-11-17,96.97000122070312,99.27999877929688,96.79000091552734,98.36000061035156,97.77362823486328,26052600,27,27.0,30.0,21.0,98.26068878173828,88.3700180053711,97.27660369873047,98.8499984741211,88.9000015258789,97.86000061035156,-0.004956819994991979,-0.4956819994991979,92.74279251098633,93.43662910461425,97.37620239257812,114.7275399017334,0.5954549901103791,98.26068878173828,93.3799819946289,54.8572802890405,-0.5456936305703124,-1.905591039055222
563,2022-11-18,98.7699966430664,98.9000015258789,96.37000274658203,97.43000030517578,96.84915924072266,28342300,27,27.0,30.0,21.0,97.77362823486328,86.7994384765625,96.60065460205078,98.36000061035156,87.31999969482422,97.18000030517578,-0.009455197795462222,-0.9455197795462222,93.82132339477539,93.25273208618164,97.11337860107422,114.5006010055542,0.5946399500941466,97.77362823486328,95.83524322509766,53.136292184493506,-0.3056602048209669,-1.585604872208371
564,2022-11-21,97.29000091552734,98.4000015258789,95.36000061035156,95.5999984741211,95.03007507324219,21647400,0,27.0,30.0,21.0,96.84915924072266,93.3799819946289,96.97838592529297,97.43000030517578,93.94000244140625,97.55999755859375,-0.018782653166446783,-1.8782653166446783,94.5280860900879,92.90879516601562,96.80999816894531,114.2635576248169,0.5950149292464266,96.84915924072266,95.12947845458984,49.82400947852692,-0.2592286486645463,-1.3203296274996064
565,2022-11-22,95.94999694824219,97.22000122070312,94.05000305175781,97.05000305175781,96.471435546875,23438500,0,0.0,30.0,21.0,95.03007507324219,95.83524322509766,98.46944427490234,95.5999984741211,96.41000366210938,99.05999755859375,0.015167413816330466,1.5167413816330466,95.33822784423828,92.53951034545898,96.66546493530274,114.05405910491943,0.5932459809074263,95.03007507324219,97.8531494140625,52.358142090350405,-0.10491615350957773,-1.0772469327016008
566,2022-11-23,97.08999633789062,98.76000213623047,97.08999633789062,98.45999908447266,97.8730239868164,18868100,0,0.0,27.0,21.0,96.471435546875,95.12947845458984,95.98434448242188,97.05000305175781,95.69999694824219,96.55999755859375,0.014528533052256432,1.4528533052256432,96.44558639526367,92.71495819091797,96.53544479370117,113.8505844116211,0.4949263587929438,96.471435546875,98.26068878173828,54.75130374556905,0.12898720005171072,-0.8360001061509386
567,2022-11-25,98.23999786376953,98.63999938964844,97.4000015258789,97.45999908447266,96.87899017333984,9701400,0,0.0,27.0,28.0,97.8730239868164,97.8531494140625,99.3740234375,98.45999908447266,98.44000244140625,99.97000122070312,-0.01015636150784982,-1.015636150784982,96.79548721313476,92.97539672851562,96.4270947265625,113.63123989105225,0.4839140716775393,97.8730239868164,97.77362823486328,52.72831900630804,0.23147872897422417,-0.6225043391259061
568,2022-11-28,97.04000091552734,97.58000183105469,95.61000061035156,96.05000305175781,95.47738647460938,26237500,25,0.0,27.0,28.0,96.87899017333984,98.26068878173828,100.16925048828125,97.45999908447266,98.8499984741211,100.7699966430664,-0.014467571309555005,-1.4467571309555005,96.75970153808593,92.96346817016601,96.29289932250977,113.41965885162354,0.4624043162809934,96.87899017333984,96.84915924072266,49.927123339183375,0.19733158359913716,-0.45853715458089744
569,2022-11-29,95.7300033569336,96.12000274658203,94.11000061035156,95.19000244140625,94.62251281738281,20061700,25,25.0,27.0,28.0,95.47738647460938,97.77362823486328,99.03604125976562,96.05000305175781,98.36000061035156,99.62999725341797,-0.00895367676883263,-0.895367676883263,96.70900497436523,92.99726524353028,96.13623886108398,113.22536159515381,0.4584967619521413,95.47738647460938,95.03007507324219,48.24366940990718,0.10013427956810972,-0.34680286775109603
570,2022-11-30,94.81999969482422,101.04000091552734,94.41999816894531,100.98999786376953,100.38794708251953,43647500,25,25.0,27.0,28.0,94.62251281738281,96.84915924072266,99.3740234375,95.19000244140625,97.43000030517578,99.97000122070312,0.06093089364751658,6.093089364751658,96.96248474121094,93.52012939453125,96.13325698852539,113.05371109008789,0.4754293042523503,94.62251281738281,96.471435546875,58.425135286245514,0.48276209636875933,-0.180889874927125
571,2022-12-01,101.0199966430664,102.25,100.25,100.98999786376953,100.38794708251953,28687100,25,25.0,0.0,28.0,100.38794708251953,95.03007507324219,100.527099609375,100.98999786376953,95.5999984741211,101.12999725341797,0.0,0.0,97.17521057128906,94.21695098876953,96.16725326538086,112.87668025970459,0.4462063850141742,100.38794708251953,97.8730239868164,58.42513528624551,0.777040162564461,0.010696132571192202
572,2022-12-02,99.05000305175781,100.7699966430664,98.9000015258789,100.44000244140625,99.84121704101562,21480700,25,25.0,0.0,32.0,100.38794708251953,96.471435546875,101.9088134765625,100.98999786376953,97.05000305175781,102.5199966430664,-0.0054461721490777215,-0.5446172149077722,97.3819694519043,95.06238098144532,96.17321746826173,112.69130199432374,0.4115045572576566,100.38794708251953,96.87899017333984,57.1878750061436,0.9551309500045022,0.1995830960578542
573,2022-12-05,99.4000015258789,101.37999725341797,99.0,99.4800033569336,98.8869400024414,24405100,0,25.0,0.0,32.0,99.84121704101562,97.8730239868164,103.85713195800781,100.44000244140625,98.45999908447266,104.4800033569336,-0.009557946776451942,-0.9557946776451942,97.58574752807617,95.70353546142579,96.18792907714844,112.52699241638183,0.402794913408048,99.84121704101562,95.47738647460938,54.99860543272701,1.0076514219871626,0.3611967612437159
574,2022-12-06,99.30000305175781,99.77999877929688,96.41999816894531,96.9800033569336,96.40185546875,24910700,0,0.0,0.0,32.0,98.8869400024414,96.87899017333984,94.36406707763672,99.4800033569336,97.45999908447266,94.93000030517578,-0.025130563587366095,-2.5130563587366095,97.72292556762696,96.12550582885743,96.16427124023437,112.36087371826171,0.4144677155725158,98.8869400024414,94.62251281738281,49.666372652086004,0.8390763711721405,0.45677268322940084
575,2022-12-07,96.41000366210938,96.87999725341797,94.72000122070312,94.94000244140625,94.37400817871094,31045400,0,0.0,25.0,32.0,96.40185546875,95.47738647460938,91.67021942138672,96.9800033569336,96.05000305175781,92.22000122070312,-0.021035355389984356,-2.1035355389984356,97.51318283081055,96.42570533752442,96.11337631225587,112.18754570007324,0.42458332925803566,96.40185546875,100.38794708251953,45.76705054608503,0.5356741814857884,0.4725529828806784
576,2022-12-08,95.37999725341797,95.58000183105469,93.44999694824219,93.70999908447266,93.15133666992188,32213300,0,0.0,25.0,32.0,94.37400817871094,94.62251281738281,95.71595764160156,94.94000244140625,95.19000244140625,96.29000091552734,-0.012955595850859258,-1.2955595850859258,97.0410140991211,96.74330024719238,95.98733215332031,112.01916557312012,0.4216983101993133,94.37400817871094,100.38794708251953,43.547091066235346,0.19432631500205844,0.41690764930495444
577,2022-12-09,93.7699966430664,94.26000213623047,92.75,92.83000183105469,92.2765884399414,28225400,0,0.0,25.0,0.0,93.15133666992188,100.38794708251953,93.94657135009766,93.70999908447266,100.98999786376953,94.51000213623047,-0.009390613825329241,-0.9390613825329241,96.58077392578124,96.68813056945801,95.89607955932617,111.82104877471924,0.32662605722094773,93.15133666992188,99.84121704101562,41.97826578686026,-0.14510650261186697,0.3045048189215902
578,2022-12-12,92.70999908447266,93.55999755859375,91.61000061035156,93.30999755859375,92.75373077392578,29420000,21,0.0,25.0,0.0,92.2765884399414,100.38794708251953,89.9306640625,92.83000183105469,100.98999786376953,90.47000122070312,0.0051707842915640345,0.5170784291564035,96.30840835571288,96.53405494689942,95.84955871582031,111.61652786254882,0.3120123476409443,92.2765884399414,98.8869400024414,43.18069876630316,-0.371327623642685,0.16933833040873517
579,2022-12-13,97.76000213623047,99.52999877929688,95.02999877929688,95.62999725341797,95.05989074707031,40593700,21,21.0,25.0,0.0,92.75373077392578,99.84121704101562,86.4515151977539,93.30999755859375,100.44000244140625,86.97000122070312,0.024863258371412345,2.4863258371412345,96.35214614868164,96.53057556152343,95.78971740722656,111.42056800842285,0.324630212860857,92.75373077392578,96.40185546875,48.712974857517345,-0.36036756250553026,0.0633971518258821
580,2022-12-14,95.19999694824219,96.87000274658203,93.5999984741211,95.06999969482422,94.50322723388672,28733600,21,21.0,0.0,0.0,95.05989074707031,98.8869400024414,82.9326171875,95.62999725341797,99.4800033569336,83.43000030517578,-0.00585592418430958,-0.585592418430958,95.76367416381837,96.36307945251465,95.65910064697266,111.2267727279663,0.3071210964557002,95.05989074707031,94.37400817871094,47.51047417479212,-0.3920800733499874,-0.027698293209291798
581,2022-12-15,93.12999725341797,93.63999938964844,90.01000213623047,90.86000061035156,90.31832122802734,40107000,21,21.0,0.0,0.0,94.50322723388672,96.40185546875,86.06385040283203,95.06999969482422,96.9800033569336,86.58000183105469,-0.04428320733959823,-4.428320733959823,94.75671157836913,95.9659610748291,95.44896072387695,111.00951805114747,0.3413698338799734,94.50322723388672,93.15133666992188,39.59679636737245,-0.7462965643838544,-0.17141794744420433
582,2022-12-16,90.76000213623047,91.33000183105469,89.5199966430664,90.26000213623047,89.7219009399414,58011800,21,21.0,0.0,30.0,90.31832122802734,94.37400817871094,87.96244812011719,90.86000061035156,94.94000244140625,88.48999786376953,-0.006603536026540513,-0.6603536026540513,93.74477996826172,95.56337471008301,95.22709121704102,110.79262126922607,0.3414818224993671,90.31832122802734,92.2765884399414,38.60975040259296,-1.0628894898629966,-0.3497122559279628
583,2022-12-19,90.26000213623047,90.55999755859375,88.20999908447266,88.44000244140625,87.91275787353516,29493000,0,21.0,0.0,30.0,89.7219009399414,93.15133666992188,88.3700180053711,90.26000213623047,93.70999908447266,88.9000015258789,-0.02016389585433842,-2.016389585433842,92.6473617553711,95.11655464172364,95.02351211547851,110.57658447265625,0.3458096231542145,89.7219009399414,92.75373077392578,35.702508028728346,-1.4431387844689567,-0.5683975616361616
584,2022-12-20,88.11000061035156,89.18000030517578,87.44000244140625,89.0199966430664,88.48928833007812,23453800,0,0.0,0.0,30.0,87.91275787353516,92.2765884399414,86.7994384765625,88.44000244140625,92.83000183105469,87.31999969482422,0.0065579839660168116,0.6557983966016812,91.85610504150391,94.78951530456543,94.84776580810546,110.39090553283691,0.343723689835356,87.91275787353516,95.05989074707031,37.32219849804064,-1.6786178388722561,-0.7904416170833806
585,2022-12-21,89.08000183105469,90.22000122070312,88.31999969482422,89.58000183105469,89.04595947265625,24745600,0,0.0,21.0,30.0,88.48928833007812,92.75373077392578,93.3799819946289,89.0199966430664,93.30999755859375,93.94000244140625,0.006290830823519,0.6290830823519,91.32330017089843,94.41824150085449,94.69667190551758,110.20440155029297,0.3387937146479366,88.48928833007812,94.50322723388672,38.92206403416289,-1.7995736126991204,-0.9922680162065285
586,2022-12-22,88.16000366210938,88.54000091552734,86.31999969482422,87.76000213623047,87.23680877685547,27658300,0,0.0,21.0,30.0,89.04595947265625,95.05989074707031,95.83524322509766,89.58000183105469,95.62999725341797,96.41000366210938,-0.02031704421531133,-2.031704421531133,90.73184738159179,93.88643074035645,94.50184036254883,109.97746257781982,0.3363845462394228,89.04595947265625,90.31832122802734,35.73005486645614,-2.0181512845908998,-1.197444669883403
587,2022-12-23,87.11000061035156,89.55000305175781,87.06999969482422,89.2300033569336,88.69805908203125,23003000,0,0.0,21.0,27.0,87.23680877685547,94.50322723388672,95.12947845458984,87.76000213623047,95.06999969482422,95.69999694824219,0.016750386971553954,1.6750386971553954,90.37399444580078,93.47738418579101,94.3064126586914,109.7627527999878,0.34492199563597353,87.23680877685547,89.7219009399414,40.009480140879305,-2.0498357463770986,-1.3679228851821421
588,2022-12-27,88.80000305175781,88.94000244140625,87.01000213623047,87.38999938964844,86.8690185546875,20097300,0,0.0,21.0,27.0,88.69805908203125,90.31832122802734,97.8531494140625,89.2300033569336,90.86000061035156,98.44000244140625,-0.020620975771884487,-2.0620975771884487,89.78552322387695,93.04696578979492,94.12410614013672,109.55161655426025,0.3480337771767254,88.69805908203125,87.91275787353516,36.71418159381586,-2.1972061702270196,-1.5337795421911176
589,2022-12-28,86.9800033569336,88.04000091552734,85.94000244140625,86.0199966430664,85.5071792602539,19523200,0,0.0,21.0,27.0,86.8690185546875,89.7219009399414,98.26068878173828,87.38999938964844,90.26000213623047,98.8499984741211,-0.015676927368256877,-1.5676927368256877,88.83025207519532,92.59119911193848,93.8467692565918,109.35315177917481,0.34999080683885897,86.8690185546875,88.48928833007812,34.439719614438374,-2.3962646947910002,-1.7062765727110942
590,2022-12-29,86.62000274658203,88.8499984741211,86.61000061035156,88.44999694824219,87.92269134521484,23333500,0,0.0,0.0,27.0,85.5071792602539,87.91275787353516,97.77362823486328,86.0199966430664,88.44000244140625,98.36000061035156,0.028249231302660105,2.8249231302660105,88.17219848632813,91.96793632507324,93.60183807373046,109.15062633514404,0.28097559851201914,85.5071792602539,89.04595947265625,41.376880852180314,-2.332223945779674,-1.8314660473248103
591,2022-12-30,86.9800033569336,88.30000305175781,86.56999969482422,88.2300033569336,87.70401763916016,23986300,0,0.0,0.0,27.0,87.92269134521484,88.48928833007812,96.84915924072266,88.44999694824219,89.0199966430664,97.43000030517578,-0.0024871134255445293,-0.24871134255445293,87.9107681274414,91.33373985290527,93.37519760131836,108.92671676635742,0.2803554582132245,87.92269134521484,87.23680877685547,40.95439368565795,-2.272915575432947,-1.9197559529464376
592,2023-01-03,89.58999633789062,91.05000305175781,88.5199966430664,89.12000274658203,88.58869934082031,28131200,0,0.0,0.0,0.0,87.70401763916016,89.04595947265625,95.03007507324219,88.2300033569336,89.58000183105469,95.5999984741211,0.010087128565763104,1.0087128565763104,87.7974479675293,90.7711139678955,93.15949111938477,108.70445472717284,0.2865439084350618,87.70401763916016,88.69805908203125,43.469263891815174,-2.1299738324313324,-1.9617995288434167
593,2023-01-04,90.3499984741211,90.6500015258789,87.2699966430664,88.08000183105469,87.5549087524414,34854800,0,0.0,0.0,0.0,88.58869934082031,87.23680877685547,96.471435546875,89.12000274658203,87.76000213623047,97.05000305175781,-0.011669553747501005,-1.1669553747501005,87.76166305541992,90.2045124053955,92.9000473022461,108.46565937042236,0.28700833142961657,88.58869934082031,86.8690185546875,41.25787531877559,-2.076176857557954,-1.9846749945863242
594,2023-01-05,87.47000122070312,87.56999969482422,85.9000015258789,86.19999694824219,85.68611145019531,27194400,0,0.0,0.0,0.0,87.5549087524414,88.69805908203125,97.8730239868164,88.08000183105469,89.2300033569336,98.45999908447266,-0.021344289302271502,-2.13442893022715,87.48134536743164,89.66872520446778,92.57559326171875,108.21763935089112,0.28394380346875964,87.5549087524414,85.5071792602539,37.540027028943726,-2.159445942864153,-2.01962918424189
595,2023-01-06,86.79000091552734,87.69000244140625,84.86000061035156,87.33999633789062,86.8193130493164,41381500,0,0.0,0.0,0.0,85.68611145019531,86.8690185546875,96.87899017333984,86.19999694824219,87.38999938964844,97.45999908447266,0.013225032387888858,1.3225032387888858,87.25868072509766,89.29099044799804,92.23483688354492,107.95656509399414,0.2854760566936021,85.68611145019531,87.92269134521484,41.01125868661556,-2.1096783357768487,-2.0376390145488816
596,2023-01-09,88.36000061035156,90.05000305175781,87.86000061035156,88.0199966430664,87.4952621459961,29003900,0,0.0,0.0,25.0,86.8193130493164,85.5071792602539,95.47738647460938,87.33999633789062,86.0199966430664,96.05000305175781,0.007785699666797985,0.7785699666797985,87.28452606201172,89.00818672180176,92.09746078491212,107.70678569793701,0.2863470323225153,86.8193130493164,87.70401763916016,43.04459061610422,-1.9927228372038002,-2.0286557790798656
597,2023-01-10,85.9800033569336,88.66999816894531,85.83000183105469,88.41999816894531,87.89287567138672,30467800,0,0.0,0.0,25.0,87.4952621459961,87.92269134521484,94.62251281738281,88.0199966430664,88.44999694824219,95.19000244140625,0.0045444006411130555,0.45444006411130555,87.20400772094726,88.78900108337402,92.02191390991212,107.44261001586914,0.28647619314331535,87.4952621459961,88.58869934082031,44.26168655973029,-1.8466634862996614,-1.9922573205238248
598,2023-01-11,89.18000030517578,91.5999984741211,89.01000213623047,91.5199966430664,90.97439575195312,26862000,0,0.0,0.0,25.0,87.89287567138672,87.70401763916016,100.38794708251953,88.41999816894531,88.2300033569336,100.98999786376953,0.03505995289183139,3.505995289183139,87.61454544067382,88.7000343322754,91.92708267211914,107.1933399963379,0.3150051936604469,87.89287567138672,87.5549087524414,52.698085233594746,-1.465365658095422,-1.8868789880381442
599,2023-01-12,91.4800033569336,91.87000274658203,89.75,91.12999725341797,90.58671569824219,30258100,0,0.0,0.0,25.0,90.97439575195312,88.58869934082031,100.38794708251953,91.5199966430664,89.12000274658203,100.98999786376953,-0.00426141938626301,-0.426141938626301,88.12249908447265,88.47637557983398,91.85988555908203,106.94321250915527,0.30017433153457074,90.97439575195312,85.68611145019531,51.6391354352298,-1.180854763837175,-1.7456741431979503
600,2023-01-13,90.8499984741211,92.19000244140625,90.12999725341797,92.12000274658203,91.57081604003906,26329200,0,0.0,0.0,25.0,90.58671569824219,87.5549087524414,99.84121704101562,91.12999725341797,88.08000183105469,100.44000244140625,0.010863627566265466,1.0863627566265466,88.48731155395508,88.3297550201416,91.89268859863282,106.69278701782227,0.30335079387544367,90.58671569824219,86.8193130493164,54.15739467970021,-0.8659866027355179,-1.569736635105464
601,2023-01-17,92.05999755859375,92.25,90.05000305175781,91.29000091552734,90.74576568603516,32602400,22,0.0,0.0,0.0,91.57081604003906,85.68611145019531,98.8869400024414,92.12000274658203,86.19999694824219,99.4800033569336,-0.0090099705308202,-0.9009970530820199,88.79148635864257,88.35112724304199,91.97857360839843,106.44105419158936,0.2599515176706999,91.57081604003906,87.4952621459961,51.725542404856334,-0.675242212986845,-1.3908377506817404
602,2023-01-18,92.13999938964844,92.80000305175781,90.63999938964844,91.12000274658203,90.5767822265625,29116700,22,22.0,0.0,0.0,90.74576568603516,86.8193130493164,96.40185546875,91.29000091552734,87.33999633789062,96.9800033569336,-0.0018621635752935628,-0.18621635752935628,88.9902946472168,88.39387130737305,92.13145690917969,106.20274585723877,0.25880854100381717,90.74576568603516,87.89287567138672,51.21825667751711,-0.5315836968398457,-1.2189869399133615
603,2023-01-19,90.72000122070312,93.61000061035156,90.62999725341797,93.05000305175781,92.49527740478516,37000400,22,22.0,0.0,0.0,90.5767822265625,87.4952621459961,94.37400817871094,91.12000274658203,88.0199966430664,94.94000244140625,0.02118087142269931,2.118087142269931,89.48433151245118,88.62299728393555,92.26008544921875,105.96864738464356,0.25641343832738545,90.5767822265625,90.97439575195312,56.44130075474616,-0.2599304440819594,-1.0271756407470811
604,2023-01-20,95.0999984741211,98.30000305175781,95.0199966430664,98.0199966430664,97.43563842773438,63191100,22,22.0,0.0,0.0,92.49527740478516,87.89287567138672,93.15133666992188,93.05000305175781,88.41999816894531,93.70999908447266,0.05341203531212546,5.341203531212546,90.65928421020507,89.07031478881837,92.4495492553711,105.74522972106934,0.3134394260964852,92.49527740478516,90.58671569824219,66.41390428284234,0.3499683448847861,-0.7517468436207076
605,2023-01-23,97.94999694824219,100.04000091552734,97.5,99.79000091552734,99.19509887695312,40005100,30,22.0,0.0,0.0,97.43563842773438,90.97439575195312,92.2765884399414,98.0199966430664,91.5199966430664,92.83000183105469,0.01805766840152323,1.805766840152323,91.89686279296875,89.5777717590332,92.66605087280273,105.54244087219239,0.31684166610114384,97.43563842773438,91.57081604003906,69.12500729973024,0.9641768524757737,-0.4085621044014114
606,2023-01-24,98.0999984741211,99.61000061035156,97.19999694824219,97.69999694824219,97.1175537109375,33078500,30,30.0,0.0,21.0,99.19509887695312,90.58671569824219,92.75373077392578,99.79000091552734,91.12999725341797,93.30999755859375,-0.020944030396025104,-2.0944030396025104,92.8590919494629,90.07180900573731,92.87241317749023,105.3493588256836,0.31752891139292,99.19509887695312,90.74576568603516,62.69011591879155,1.2686764750660444,-0.07311438850792024
607,2023-01-25,95.56999969482422,96.16000366210938,93.76000213623047,95.22000122070312,94.65234375,42330000,30,30.0,0.0,21.0,97.1175537109375,91.57081604003906,95.05989074707031,97.69999694824219,92.12000274658203,95.62999725341797,-0.025383773239130325,-2.5383773239130325,93.53503875732422,90.36952323913575,92.89786041259765,105.14722862243653,0.33270698707372925,97.1175537109375,90.5767822265625,56.02543460358934,1.296131778216477,0.2007348448369592
608,2023-01-26,96.5,97.56999969482422,95.37999725341797,97.5199966430664,96.93862915039062,30114000,30,30.0,22.0,21.0,94.65234375,90.74576568603516,94.50322723388672,95.22000122070312,91.29000091552734,95.06999969482422,0.02415455666295241,2.415455666295241,94.13146209716797,90.8730037689209,92.91992813110352,104.96945724487304,0.3276476920062327,94.65234375,92.49527740478516,60.24645446627039,1.485253352189261,0.45763854630741957
609,2023-01-27,97.30999755859375,100.31999969482422,97.30999755859375,99.37000274658203,98.77760314941406,33879800,30,30.0,22.0,21.0,96.93862915039062,90.5767822265625,90.31832122802734,97.5199966430664,91.12000274658203,90.86000061035156,0.018970497263484543,1.8970497263484543,94.95055084228515,91.53652496337891,92.992890625,104.82306762695312,0.32067525399867697,96.93862915039062,97.43563842773438,63.29810084436548,1.7631983419511386,0.7187505054361634
610,2023-01-30,97.4800033569336,98.29000091552734,96.4000015258789,96.94000244140625,96.36209106445312,27226200,25,30.0,22.0,21.0,98.77760314941406,92.49527740478516,89.7219009399414,99.37000274658203,93.05000305175781,90.26000213623047,-0.024454046341934044,-2.4454046341934044,95.42967834472657,91.95849494934082,92.96306945800781,104.67011249542236,0.32973781907472133,98.77760314941406,99.19509887695312,57.098015580682464,1.7681776594377538,0.9286359362364816
611,2023-01-31,96.87000274658203,98.87999725341797,96.81999969482422,98.83999633789062,98.2507553100586,29870700,25,25.0,22.0,0.0,96.36209106445312,97.43563842773438,87.91275787353516,96.94000244140625,98.0199966430664,88.44000244140625,0.019599660247536566,1.9599660247536566,96.1801773071289,92.48583183288574,92.96287078857422,104.51576820373535,0.33257547410383037,96.36209106445312,97.1175537109375,60.366870013426414,1.9025913362127511,1.1234270162317355
612,2023-02-01,98.70999908447266,101.19000244140625,97.58000183105469,100.43000030517578,99.8312759399414,35531100,25,25.0,30.0,0.0,98.2507553100586,99.19509887695312,88.48928833007812,98.83999633789062,99.79000091552734,89.0199966430664,0.016086600300374565,1.6086600300374565,97.10562667846679,93.0479606628418,93.00402374267578,104.38505214691162,0.33425473434400194,98.2507553100586,94.65234375,62.91349064160688,2.11230066215289,1.3212017454159666
613,2023-02-02,105.80000305175781,107.8499984741211,105.61000061035156,107.73999786376953,107.09770202636719,69883800,25,25.0,30.0,0.0,99.8312759399414,97.1175537109375,89.04595947265625,100.43000030517578,97.69999694824219,89.58000183105469,0.07278707016423658,7.278707016423658,98.565869140625,94.02510032653808,93.20899459838867,104.28596393585205,0.40195297036767996,99.8312759399414,96.93862915039062,71.86440433986704,2.8321889596025898,1.6233991882532912
614,2023-02-03,102.93000030517578,107.80999755859375,102.58000183105469,104.77999877929688,104.15534210205078,65309300,25,25.0,30.0,0.0,107.09770202636719,94.65234375,87.23680877685547,107.73999786376953,95.22000122070312,87.76000213623047,-0.027473604649257632,-2.7473604649257632,99.23783950805664,94.94856185913086,93.39149993896484,104.16057090759277,0.408906594939343,107.09770202636719,98.77760314941406,65.02110729011059,3.1292101792020333,1.9245613864430398
615,2023-02-06,102.4000015258789,104.36000061035156,101.87999725341797,102.9000015258789,102.28656005859375,31999600,30,25.0,30.0,0.0,104.15534210205078,96.93862915039062,88.69805908203125,104.77999877929688,97.5199966430664,89.2300033569336,-0.017942258224508678,-1.7942258224508678,99.5469856262207,95.72192420959473,93.50780242919922,104.03562034606934,0.42056463465277344,104.15534210205078,96.36209106445312,61.04507646289886,3.1771819668266517,2.1750855025197624
616,2023-02-07,103.22000122070312,108.18000030517578,103.12000274658203,107.63999938964844,106.998291015625,49010200,30,30.0,30.0,0.0,102.28656005859375,98.77760314941406,86.8690185546875,102.9000015258789,99.37000274658203,87.38999938964844,0.04606402790681585,4.606402790681585,100.53505935668946,96.69707565307617,93.69030776977539,103.95025981903076,0.4410802160801916,102.28656005859375,98.2507553100586,66.59200212952732,3.554424076588276,2.450953217333465
617,2023-02-08,102.05000305175781,103.13999938964844,98.04000091552734,99.37000274658203,98.77760314941406,94743500,30,30.0,25.0,0.0,106.998291015625,96.36209106445312,85.5071792602539,107.63999938964844,96.94000244140625,86.0199966430664,-0.07683008567875604,-7.683008567875604,100.94758529663086,97.24131202697754,93.72828002929687,103.84953639984131,0.5392426940623369,106.998291015625,99.8312759399414,52.5360628935901,3.1536965085660427,2.591501875579981
618,2023-02-09,100.0,100.02999877929688,93.62999725341797,95.01000213623047,94.44358825683594,119455000,30,30.0,25.0,0.0,98.77760314941406,98.2507553100586,87.92269134521484,99.37000274658203,98.83999633789062,88.44999694824219,-0.04387649380419123,-4.3876493804191234,100.6980812072754,97.41477165222167,93.7076040649414,103.71005294799805,0.556138300100422,98.77760314941406,107.09770202636719,46.91386721595554,2.4580632201541732,2.56481414449482
619,2023-02-10,95.44999694824219,96.75,94.25,94.56999969482422,94.0062026977539,54980700,30,30.0,25.0,0.0,94.44358825683594,99.8312759399414,87.70401763916016,95.01000213623047,100.43000030517578,88.2300033569336,-0.004631183197874478,-0.4631183197874478,100.22094116210937,97.58574600219727,93.69527786254883,103.5903706741333,0.5561990906137321,94.44358825683594,104.15534210205078,46.374497725633454,1.8501481123245895,2.4218809380607738
620,2023-02-13,94.73999786376953,95.19999694824219,93.83999633789062,94.61000061035156,94.04597473144531,50076100,34,30.0,25.0,0.0,94.0062026977539,107.09770202636719,88.58869934082031,94.56999969482422,107.73999786376953,89.12000274658203,0.0004230788240566774,0.04230788240566774,99.9893295288086,97.70950393676758,93.56843841552734,103.49253490447998,0.5553355249203389,94.0062026977539,102.28656005859375,46.4348044693128,1.3559497358030086,2.208694697609221
621,2023-02-14,94.43000030517578,94.8499984741211,92.26000213623047,94.68000030517578,94.11555480957031,54726100,34,34.0,25.0,0.0,94.04597473144531,104.15534210205078,87.5549087524414,94.61000061035156,104.77999877929688,88.08000183105469,0.0007398517408501171,0.0739851740850117,99.57580947875977,97.87799339294433,93.44299057006836,103.37403308868409,0.5538677010015659,94.04597473144531,106.998291015625,46.5480574902733,0.9588554044664335,1.9587268389806636
622,2023-02-15,94.48999786376953,97.12000274658203,94.1500015258789,96.94000244140625,96.36209106445312,50169000,34,34.0,30.0,0.0,94.11555480957031,102.28656005859375,85.68611145019531,94.68000030517578,102.9000015258789,86.19999694824219,0.02386997834128879,2.386997834128879,99.22889099121093,98.16725883483886,93.37340805053711,103.28869743347168,0.558749048335452,94.11555480957031,98.77760314941406,50.20851510135756,0.8160253543276781,1.7301865420500666
623,2023-02-16,95.37000274658203,97.68000030517578,94.73999786376953,95.51000213623047,94.94060516357422,42462600,34,34.0,30.0,0.0,96.36209106445312,106.998291015625,86.8193130493164,96.94000244140625,107.63999938964844,87.33999633789062,-0.014751505339668514,-1.4751505339668514,98.01318130493163,98.28952522277832,93.29448135375976,103.18396057128906,0.5583885912910004,96.36209106445312,94.44358825683594,47.970022714786644,0.5814271479741535,1.5004346632348842
624,2023-02-17,94.8499984741211,95.55999755859375,93.20999908447266,94.3499984741211,93.78751373291016,34284100,34,34.0,30.0,0.0,94.94060516357422,98.77760314941406,87.4952621459961,95.51000213623047,99.37000274658203,88.0199966430664,-0.01214539794303382,-1.214539794303382,96.97639846801758,98.10711898803712,93.24219451904297,103.06972564697266,0.5256994595420197,94.94060516357422,94.0062026977539,46.17173048548067,0.29901468245361684,1.2601506670786307
625,2023-02-21,93.0,93.0999984741211,91.72000122070312,91.79000091552734,91.24279022216797,33629300,0,34.0,30.0,0.0,93.78751373291016,94.44358825683594,87.89287567138672,94.3499984741211,95.01000213623047,88.41999816894531,-0.02713286032924489,-2.713286032924489,95.872021484375,97.70950355529786,93.1795701599121,102.91827892303466,0.5280018978010995,93.78751373291016,94.04597473144531,42.39459650065201,-0.128654106859031,0.9823897122910985
626,2023-02-22,91.69999694824219,92.11000061035156,90.61000061035156,91.6500015258789,91.10362243652344,30884000,0,0.0,30.0,0.0,91.24279022216797,94.0062026977539,90.97439575195312,91.79000091552734,94.56999969482422,91.5199966430664,-0.0015252469297099003,-0.15252469297099003,94.28255462646484,97.40880699157715,93.13861587524414,102.79474235534668,0.524047393009206,91.24279022216797,94.11555480957031,42.19131768301388,-0.47335780666413996,0.6912402085000509
627,2023-02-23,91.91999816894531,91.94000244140625,89.76000213623047,90.88999938964844,90.34814453125,41206400,0,0.0,34.0,0.0,91.10362243652344,94.04597473144531,90.58671569824219,91.6500015258789,94.61000061035156,91.12999725341797,-0.008292512252186413,-0.8292512252186413,93.43960876464844,97.19359703063965,93.10004699707031,102.6712007522583,0.5176965599879292,91.10362243652344,96.36209106445312,41.04087247776373,-0.798296460702332,0.39333287465957434
628,2023-02-24,89.44000244140625,89.88999938964844,88.58000183105469,89.12999725341797,88.59864044189453,36585100,0,0.0,34.0,0.0,90.34814453125,94.11555480957031,91.57081604003906,90.88999938964844,94.68000030517578,92.12000274658203,-0.01936402898401912,-1.9364028984019122,92.8551139831543,96.77659759521484,93.01694519042968,102.55499271392823,0.511751953924291,90.34814453125,94.94060516357422,38.4277166582406,-1.1833422114705314,0.07799785743355317
629,2023-02-27,89.87000274658203,90.16000366210938,89.33999633789062,89.87000274658203,89.33423614501953,27502300,0,0.0,34.0,22.0,88.59864044189453,96.36209106445312,90.74576568603516,89.12999725341797,96.94000244140625,91.29000091552734,0.00830256197449697,0.8302561974496969,92.38791732788086,96.30442924499512,92.90243209838867,102.43309879302979,0.5067795460655012,88.59864044189453,93.78751373291016,40.15315284958787,-1.4128508522906884,-0.22017188451129516
630,2023-02-28,89.33000183105469,91.2300033569336,89.31999969482422,90.05999755859375,89.52310180664062,30142000,0,0.0,34.0,22.0,89.33423614501953,94.94060516357422,90.5767822265625,89.87000274658203,95.51000213623047,91.12000274658203,0.0021141464881895278,0.21141464881895278,91.9356300354004,95.9624797821045,92.80282958984375,102.31608806610107,0.5016731709800315,89.33423614501953,91.24279022216797,40.6133048408048,-1.561498243433121,-0.48843715629566037
631,2023-03-01,89.9800033569336,91.02999877929688,89.66999816894531,90.36000061035156,89.82130432128906,31111200,0,0.0,34.0,22.0,89.52310180664062,93.78751373291016,92.49527740478516,90.05999755859375,94.3499984741211,93.05000305175781,0.003331011868785705,0.3331011868785705,91.50620498657227,95.54100723266602,92.79288925170898,102.20433818817139,0.4951486012414858,89.52310180664062,91.10362243652344,41.37969702826628,-1.6363767881062898,-0.7180250826577863
632,2023-03-02,89.66000366210938,92.27999877929688,89.58999633789062,92.0,91.45153045654297,32204400,0,0.0,0.0,22.0,89.82130432128906,91.24279022216797,97.43563842773438,90.36000061035156,91.79000091552734,98.0199966430664,0.018149660011867796,1.8149660011867796,91.01514892578125,95.1220199584961,92.82748184204101,102.08480255126953,0.4963120870722704,89.82130432128906,90.34814453125,45.519008855835374,-1.5463476167261945,-0.883689589471468
633,2023-03-03,92.4800033569336,93.7300033569336,92.44999694824219,93.6500015258789,93.09170532226562,35160100,0,0.0,0.0,30.0,91.45153045654297,91.10362243652344,99.19509887695312,92.0,91.6500015258789,99.79000091552734,0.017934908880524958,1.7934908880524958,90.83025894165038,94.42172012329101,92.93106079101562,101.9814474105835,0.41550093358755463,91.45153045654297,88.59864044189453,49.39100389971468,-1.3273495858525024,-0.9724215887476749
634,2023-03-06,94.0199966430664,95.97000122070312,94.0,95.12999725341797,94.5628662109375,32639300,20,0.0,0.0,30.0,93.09170532226562,90.34814453125,97.1175537109375,93.6500015258789,90.88999938964844,97.69999694824219,0.015803350938507377,1.5803350938507377,90.90779418945313,93.94209632873535,93.05253234863281,101.87536853790283,0.41513434084190237,93.09170532226562,89.33423614501953,52.64214989954212,-1.0232858772585018,-0.9825944464498404
635,2023-03-07,94.9800033569336,95.66999816894531,93.52999877929688,93.86000061035156,93.30044555664062,27835500,20,20.0,0.0,30.0,94.5628662109375,88.59864044189453,94.65234375,95.12999725341797,89.12999725341797,95.22000122070312,-0.013350067578121516,-1.3350067578121516,91.11355972290039,93.4927906036377,93.1376220703125,101.78570873260497,0.41347709813445754,94.5628662109375,89.52310180664062,49.692129860861165,-0.8741038685631395,-0.9608963308725003
636,2023-03-08,94.12000274658203,95.95999908447266,94.0,94.25,93.68811798095703,34103300,20,20.0,0.0,30.0,93.30044555664062,89.33423614501953,96.93862915039062,93.86000061035156,89.87000274658203,97.5199966430664,0.004155097245286621,0.4155097245286621,91.37200927734375,92.8272819519043,93.26664825439452,101.70551963806152,0.37033846361039474,93.30044555664062,89.82130432128906,50.607502314091484,-0.7163366442146213,-0.9119843935409245
637,2023-03-09,94.05000305175781,95.52999877929688,91.9000015258789,92.31999969482422,91.76962280273438,28813500,20,20.0,0.0,30.0,93.68811798095703,89.52310180664062,98.77760314941406,94.25,90.05999755859375,99.37000274658203,-0.02047746522790228,-2.047746522790228,91.51415710449218,92.47688293457031,93.32807952880859,101.6230740737915,0.26798033374753893,93.68811798095703,91.45153045654297,46.13385127887247,-0.7376088143500397,-0.8771092777027476
638,2023-03-10,92.16999816894531,92.79000091552734,90.4000015258789,90.62999725341797,90.08970642089844,35941000,20,20.0,0.0,25.0,91.76962280273438,89.82130432128906,96.36209106445312,92.31999969482422,90.36000061035156,96.94000244140625,-0.018305800225931423,-1.8305800225931423,91.66326370239258,92.25918884277344,93.39249328613282,101.51940582275391,0.22954171340874205,91.76962280273438,93.09170532226562,42.58403673160778,-0.8798796696812303,-0.8776633560984443
639,2023-03-13,90.08999633789062,92.56999969482422,89.41999816894531,91.11000061035156,90.56684112548828,37335600,0,20.0,0.0,25.0,90.08970642089844,91.45153045654297,98.2507553100586,90.62999725341797,92.0,98.83999633789062,0.005296217776098455,0.5296217776098455,91.78652420043946,92.08722076416015,93.4936865234375,101.44554878234864,0.23088118597632315,90.08970642089844,94.5628662109375,43.90427923644079,-0.9432562930682309,-0.8907819434924016
640,2023-03-14,92.55999755859375,94.36000061035156,92.44000244140625,93.97000122070312,93.4097900390625,36050200,0,0.0,0.0,25.0,90.56684112548828,93.09170532226562,99.8312759399414,91.11000061035156,93.6500015258789,100.43000030517578,0.031390615795410914,3.1390615795410914,92.17519302368164,92.05541152954102,93.60342849731445,101.3867265701294,0.2591981928015986,90.56684112548828,93.30044555664062,51.11689174825551,-0.755373035743645,-0.8637001619426503
641,2023-03-15,93.22000122070312,96.93000030517578,92.63999938964844,96.11000061035156,95.53702545166016,50622100,0,0.0,20.0,25.0,93.4097900390625,94.5628662109375,107.09770202636719,93.97000122070312,95.12999725341797,107.73999786376953,0.02277315270388769,2.277315270388769,92.74676513671875,92.12648506164551,93.76008865356445,101.32866226196289,0.27176720104700075,93.4097900390625,93.68811798095703,55.70610196514701,-0.4298688207579886,-0.7769338937057181
642,2023-03-16,96.19999694824219,101.19000244140625,95.5,100.31999969482422,99.72193145751953,65492000,0,0.0,20.0,25.0,95.53702545166016,93.30044555664062,104.15534210205078,96.11000061035156,93.86000061035156,104.77999877929688,0.0438040224308307,4.38040224308307,93.57380523681641,92.29447708129882,93.98275329589843,101.26903732299805,0.30168881681384374,95.53702545166016,91.76962280273438,63.0545402539122,0.1638932948208094,-0.5887684560004126
643,2023-03-17,100.26000213623047,102.83999633789062,100.0999984741211,101.62000274658203,101.01419067382812,61028500,0,0.0,20.0,30.0,99.72193145751953,93.68811798095703,102.28656005859375,100.31999969482422,94.25,102.9000015258789,0.012958626025600717,1.2958626025600717,94.36605377197266,92.59815635681153,94.25193893432618,101.20868927001953,0.2974257592242818,99.72193145751953,90.08970642089844,64.98623532592097,0.7303100089561951,-0.32495276300909104
644,2023-03-20,100.12000274658203,101.75,99.87000274658203,101.22000122070312,100.61656188964844,32960400,0,0.0,20.0,30.0,101.01419067382812,91.76962280273438,106.998291015625,101.62000274658203,92.31999969482422,107.63999938964844,-0.003936365589104374,-0.39363655891043736,94.97142333984375,92.93960876464844,94.55054794311523,101.14570697784424,0.2931794162984799,101.01419067382812,90.56684112548828,63.8794797278141,1.1340414915612627,-0.033153912095020305
645,2023-03-21,101.25,105.0999984741211,101.22000122070312,104.91999816894531,104.29450988769531,42110300,0,0.0,20.0,30.0,100.61656188964844,90.08970642089844,98.77760314941406,101.22000122070312,90.62999725341797,99.37000274658203,0.036554101322610055,3.6554101322610055,96.07082977294922,93.59219474792481,94.90005187988281,101.08257312774658,0.29155280969705,100.61656188964844,93.4097900390625,69.11840830514862,1.7308293425454764,0.3196427388330791
646,2023-03-22,104.2699966430664,106.58999633789062,103.33000183105469,103.37000274658203,102.75375366210938,43427400,0,0.0,0.0,30.0,104.29450988769531,90.56684112548828,94.44358825683594,104.91999816894531,91.11000061035156,95.01000213623047,-0.0147731287796935,-1.47731287796935,96.97739334106446,94.1747013092041,95.20522171020508,101.02705116271973,0.30027184621231234,104.29450988769531,95.53702545166016,64.87349517041463,2.0557642922152013,0.6668670495095035
647,2023-03-23,105.05999755859375,106.30000305175781,104.45999908447266,105.5999984741211,104.970458984375,40797800,0,0.0,0.0,30.0,102.75375366210938,93.4097900390625,94.0062026977539,103.37000274658203,93.97000122070312,94.56999969482422,0.021572986321793497,2.1572986321793497,98.29747695922852,94.90581703186035,95.54677337646484,100.97128311157226,0.2998628801121742,102.75375366210938,99.72193145751953,67.92555437580765,2.463746636983714,1.0262429670043456
648,2023-03-24,104.98999786376953,105.48999786376953,103.83999633789062,105.44000244140625,104.81141662597656,30393300,0,0.0,0.0,34.0,104.970458984375,95.53702545166016,94.04597473144531,105.5999984741211,96.11000061035156,94.61000061035156,-0.0015151153947237095,-0.15151153947237095,99.76964797973633,95.71645584106446,95.82351379394531,100.91308467864991,0.28481498939396105,104.970458984375,101.01419067382812,67.47257873225432,2.7426268997422625,1.369519753551929
649,2023-03-27,104.62000274658203,104.76000213623047,101.93000030517578,102.45999908447266,101.84916687011719,31120900,32,0.0,0.0,34.0,104.81141662597656,99.72193145751953,94.11555480957031,105.44000244140625,100.31999969482422,94.68000030517578,-0.028262663087841644,-2.8262663087841644,100.89788055419922,96.34220237731934,96.04876281738281,100.83985382080078,0.3134388708624568,104.81141662597656,100.61656188964844,59.51207903579794,2.693563000869233,1.63432840301539
650,2023-03-28,102.44000244140625,102.44999694824219,99.73999786376953,101.02999877929688,100.42770385742188,32057900,32,32.0,0.0,34.0,101.84916687011719,101.01419067382812,96.36209106445312,102.45999908447266,101.62000274658203,96.94000244140625,-0.013956550223999664,-1.3956550223999664,101.59967193603515,96.8874324798584,96.22590057373047,100.77123786926269,0.3216814771579602,101.84916687011719,104.29450988769531,56.09217532245906,2.511033688763746,1.8096694601650611
651,2023-03-29,102.27999877929688,102.48999786376953,100.6500015258789,101.38999938964844,100.7855453491211,28779600,32,32.0,0.0,34.0,100.42770385742188,100.61656188964844,94.94060516357422,101.02999877929688,101.22000122070312,95.51000213623047,0.003563175079729586,0.3563175079729586,102.12452392578125,97.43564453125,96.42669616699219,100.72267162322999,0.3216573920747923,100.42770385742188,102.75375366210938,56.765735872748394,2.3679563844432607,1.921326845020701
652,2023-03-30,100.91000366210938,101.16000366210938,99.77999877929688,100.88999938964844,100.28853607177734,33086200,32,32.0,0.0,34.0,100.7855453491211,104.29450988769531,93.78751373291016,101.38999938964844,104.91999816894531,94.3499984741211,-0.004931354745584926,-0.4931354745584926,102.18118438720703,97.87749481201172,96.62093124389648,100.69532314300537,0.320496829031947,100.7855453491211,104.970458984375,55.49244660709338,2.1892260596810615,1.9749066879527732
653,2023-03-31,101.30000305175781,103.88999938964844,101.04000091552734,103.7300033569336,103.11161041259766,36863400,32,32.0,0.0,0.0,100.28853607177734,102.75375366210938,91.24279022216797,100.88999938964844,103.37000274658203,91.79000091552734,0.028149521883536366,2.8149521883536366,102.39092636108398,98.37849006652831,96.83325790405273,100.6804846572876,0.3280058375910924,100.28853607177734,104.81141662597656,60.862475917168645,2.249449244850979,2.0298151993324143
654,2023-04-03,102.38999938964844,104.52999877929688,101.93000030517578,104.36000061035156,103.73784637451172,25035400,0,32.0,0.0,0.0,103.11161041259766,104.970458984375,91.10362243652344,103.7300033569336,105.5999984741211,91.6500015258789,0.006073379703878112,0.6073379703878112,102.70305480957032,98.83723907470703,96.95930206298829,100.65362319946288,0.3256937135285586,103.11161041259766,101.84916687011719,61.95894369766206,2.320954047916274,2.0880429690491864
655,2023-04-04,104.33000183105469,105.58000183105469,104.04000091552734,104.72000122070312,104.095703125,24420100,0,0.0,0.0,0.0,103.73784637451172,104.81141662597656,90.34814453125,104.36000061035156,105.44000244140625,90.88999938964844,0.0034496257922720375,0.34496257922720375,102.68317413330078,99.377001953125,97.05731414794921,100.64709484100342,0.3186326562737188,103.73784637451172,100.42770385742188,62.60368753594119,2.379073687987386,2.146249112836826
656,2023-04-05,105.77999877929688,106.0999984741211,103.66000366210938,104.47000122070312,103.84719848632812,28290500,0,0.0,32.0,0.0,104.095703125,101.84916687011719,88.59864044189453,104.72000122070312,102.45999908447266,89.12999725341797,-0.0023872708595230607,-0.23872708595230607,102.79251861572266,99.88495597839355,97.19190704345704,100.63380706787109,0.31989149063531735,104.095703125,100.7855453491211,61.8201235433263,2.377673335807316,2.1925339574309244
657,2023-04-06,105.26000213623047,109.16999816894531,104.33000183105469,108.41999816894531,107.77363586425781,48711500,0,0.0,32.0,0.0,103.84719848632812,100.42770385742188,89.33423614501953,104.47000122070312,101.02999877929688,89.87000274658203,0.037809757366219277,3.7809757366219277,103.07283630371094,100.68515663146972,97.45433288574219,100.61828014373779,0.32434815643444237,103.84719848632812,100.28853607177734,68.52370665698876,2.6627002770873247,2.2865672213622044
658,2023-04-10,106.9800033569336,107.58999633789062,105.12000274658203,106.44000244140625,105.80545043945312,27067400,0,0.0,32.0,0.0,107.77363586425781,100.7855453491211,89.52310180664062,108.41999816894531,101.38999938964844,90.05999755859375,-0.018262216070019544,-1.8262216070019544,103.1722396850586,101.47094383239747,97.63166931152344,100.5931930923462,0.3243008321580983,107.77363586425781,103.11161041259766,62.59120570674795,2.698661575802774,2.3689860922503185
659,2023-04-11,106.55000305175781,106.7300033569336,104.68000030517578,105.3499984741211,104.7219467163086,26311800,0,0.0,32.0,0.0,105.80545043945312,100.28853607177734,89.82130432128906,106.44000244140625,100.88999938964844,90.36000061035156,-0.010240528428774653,-1.0240528428774653,103.45951766967774,102.17869911193847,97.75055618286133,100.55893852233886,0.33081344439267185,105.80545043945312,103.73784637451172,59.53542953183356,2.609649058980807,2.4171186855964164
660,2023-04-12,106.58000183105469,106.75,104.33999633789062,104.63999938964844,104.01617431640625,24370300,0,0.0,32.0,0.0,104.7219467163086,103.11161041259766,91.45153045654297,105.3499984741211,103.7300033569336,92.0,-0.006739488923122039,-0.6739488923122039,103.81836471557617,102.70901832580566,97.90363784790038,100.49266098022461,0.3218448973519465,104.7219467163086,104.095703125,57.564013713001835,2.453869385022898,2.424468825481713
661,2023-04-13,105.83999633789062,107.48999786376953,105.83999633789062,107.43000030517578,106.78955078125,24843600,0,0.0,0.0,0.0,104.01617431640625,103.73784637451172,93.09170532226562,104.63999938964844,104.36000061035156,93.6500015258789,0.026662934712513353,2.6662934712513353,104.41876525878907,103.27164459228516,98.07441375732422,100.45089401245117,0.32488192159893875,104.01617431640625,103.84719848632812,62.779699914301624,2.5250934680345978,2.4445937539922897
662,2023-04-14,106.88999938964844,108.94000244140625,106.83999633789062,108.87000274658203,108.22095489501953,26578000,0,0.0,0.0,20.0,106.78955078125,104.095703125,94.5628662109375,107.43000030517578,104.72000122070312,95.12999725341797,0.013403971674172954,1.3403971674172954,105.21200714111328,103.69659576416015,98.24220733642578,100.43530002593994,0.2941595329524269,106.78955078125,107.77363586425781,65.15980355038748,2.66630590148651,2.488936183491134
663,2023-04-17,104.66000366210938,106.16000366210938,104.5199966430664,105.97000122070312,105.33824920654297,37571200,32,0.0,0.0,20.0,108.22095489501953,103.84719848632812,93.30044555664062,108.87000274658203,104.47000122070312,93.86000061035156,-0.02663722281209724,-2.663722281209724,105.4346710205078,103.9127986907959,98.2070182800293,100.40681335449219,0.3116852781320061,108.22095489501953,105.80545043945312,57.22358229804888,2.516597742842606,2.4944684953614287
664,2023-04-18,106.48999786376953,106.54000091552734,104.06999969482422,104.5,103.87701416015625,26596400,32,32.0,0.0,20.0,105.33824920654297,107.77363586425781,93.68811798095703,105.97000122070312,108.41999816894531,94.25,-0.013871837223358274,-1.3871837223358274,105.44858779907227,104.0758213043213,98.2014517211914,100.3846314239502,0.3162748865106829,105.33824920654297,104.7219467163086,53.65613285292756,2.2540600907136223,2.4463868144318677
665,2023-04-19,103.58000183105469,104.9800033569336,103.06999969482422,104.18000030517578,103.55892181396484,20905700,32,32.0,0.0,20.0,103.87701416015625,105.80545043945312,91.76962280273438,104.5,106.44000244140625,92.31999969482422,-0.003062201477036841,-0.3062201477036841,105.39490966796875,104.03904190063477,98.22689895629883,100.36197978973388,0.2885566417108379,103.87701416015625,104.01617431640625,52.88324110094727,1.997306015523634,2.356570654650221
666,2023-04-20,103.91000366210938,106.25,103.87000274658203,105.29000091552734,104.66231536865234,27820800,32,32.0,0.0,20.0,103.55892181396484,104.7219467163086,90.08970642089844,104.18000030517578,105.3499984741211,90.62999725341797,0.010654741623031372,1.0654741623031372,105.47642135620117,104.13446998596191,98.18017944335938,100.32235248565674,0.28562312392080524,103.55892181396484,106.78955078125,55.289123497621794,1.8614040918538564,2.2575373420909486
667,2023-04-21,105.47000122070312,106.0,104.77999877929688,105.41000366210938,104.78160095214844,25800100,32,32.0,0.0,0.0,104.66231536865234,104.01617431640625,90.56684112548828,105.29000091552734,104.63999938964844,91.11000061035156,0.0011397185613173377,0.11397185613173377,105.17721786499024,104.12502708435059,98.30025939941406,100.27681564331054,0.27519135603532074,104.66231536865234,108.22095489501953,55.55335232455319,1.7432313025697823,2.1546761341867153
668,2023-04-24,105.48999786376953,106.62999725341797,104.69999694824219,105.97000122070312,105.33824920654297,23542800,42,32.0,0.0,0.0,104.78160095214844,106.78955078125,93.4097900390625,105.41000366210938,107.43000030517578,93.97000122070312,0.005312461819024339,0.5312461819024339,105.13049774169922,104.1513687133789,98.51815261840821,100.21313259124756,0.2757423022142943,104.78160095214844,105.33824920654297,56.835308646314324,1.6751848890645107,2.0587778851622747
669,2023-04-25,105.83000183105469,106.69000244140625,103.83999633789062,103.8499984741211,103.23088836669922,46664100,42,42.0,0.0,0.0,105.33824920654297,108.22095489501953,95.53702545166016,105.97000122070312,108.87000274658203,96.11000061035156,-0.020005656594042298,-2.00056565940423,104.98139190673828,104.220454788208,98.70264633178711,100.13607719421387,0.26573743321082344,105.33824920654297,103.87701416015625,50.855159987480896,1.4346731888199713,1.9339569458938142
670,2023-04-26,104.91999816894531,106.3499984741211,102.62999725341797,103.70999908447266,103.09172058105469,53347600,42,42.0,32.0,0.0,103.23088836669922,105.33824920654297,99.72193145751953,103.8499984741211,105.97000122070312,100.31999969482422,-0.0013481215539885572,-0.13481215539885572,104.88894653320312,104.35365562438965,98.8835612487793,100.07660137176514,0.2601575340288696,103.23088836669922,103.55892181396484,50.47743515969254,1.2187868403283062,1.7909229247807128
671,2023-04-27,104.44999694824219,108.37000274658203,103.54000091552734,107.58999633789062,106.94857788085938,50089200,42,42.0,32.0,0.0,103.09172058105469,103.87701416015625,101.01419067382812,103.70999908447266,104.5,101.62000274658203,0.037411901538419556,3.7411901538419556,104.90484924316407,104.66180725097657,99.14022171020508,100.04464046478272,0.28987509516248866,103.09172058105469,104.66231536865234,59.46344485586599,1.343425333769929,1.701423406578556
672,2023-04-28,107.04000091552734,107.3499984741211,105.08999633789062,107.33999633789062,106.70008087158203,36139800,42,42.0,32.0,0.0,106.94857788085938,103.55892181396484,100.61656188964844,107.58999633789062,104.18000030517578,101.22000122070312,-0.0023235185937130476,-0.23235185937130476,104.75276184082031,104.9823844909668,99.34698150634766,100.02469257354737,0.2890599734926996,106.94857788085938,104.78160095214844,58.72409101110697,1.4059437614098016,1.6423274775448051
673,2023-05-01,106.83999633789062,107.98999786376953,106.81999969482422,107.19999694824219,106.56092071533203,26681700,31,42.0,32.0,0.0,106.70008087158203,104.66231536865234,104.29450988769531,107.33999633789062,105.29000091552734,104.91999816894531,-0.0013042179079272298,-0.13042179079272298,104.87502899169922,105.15485000610352,99.57938781738281,100.00894947052002,0.27393411484051455,106.70008087158203,105.33824920654297,58.28701945614342,1.4278021892740043,1.599422419890645
674,2023-05-02,107.13999938964844,107.19999694824219,103.70999908447266,105.31999969482422,104.69212341308594,30997200,31,31.0,32.0,0.0,106.56092071533203,104.78160095214844,102.75375366210938,107.19999694824219,105.41000366210938,103.37000274658203,-0.01753736069190337,-1.753736069190337,104.95653991699218,105.20256385803222,99.79748001098633,99.97685447692871,0.28174328830773065,106.56092071533203,103.23088836669922,52.62277532620431,1.2795786406775989,1.5354536640480358
675,2023-05-03,105.52999877929688,107.48999786376953,104.95999908447266,105.41000366210938,104.78160095214844,21795400,31,31.0,42.0,0.0,104.69212341308594,105.33824920654297,104.970458984375,105.31999969482422,105.97000122070312,105.5999984741211,0.0008546730751599618,0.08546730751599618,105.07880783081055,105.23685874938965,100.06825622558594,99.95886249542237,0.2815464531878152,104.69212341308594,103.09172058105469,52.85898926479923,1.1560047964241136,1.4595638905232515
676,2023-05-04,105.48999786376953,105.5999984741211,103.97000122070312,104.69000244140625,104.06588745117188,23419500,31,31.0,42.0,0.0,104.78160095214844,103.23088836669922,104.81141662597656,105.41000366210938,103.8499984741211,105.44000244140625,-0.006830526490079203,-0.6830526490079203,105.0191650390625,105.24779319763184,100.3275015258789,99.91353435516358,0.28258573446898916,104.78160095214844,106.94857788085938,50.68227286485302,0.9889198836527555,1.3654350891491525
677,2023-05-05,104.81999969482422,105.87999725341797,104.11000061035156,105.56999969482422,104.94063568115234,26639300,31,31.0,42.0,32.0,104.06588745117188,103.09172058105469,101.84916687011719,104.69000244140625,103.70999908447266,102.45999908447266,0.008405715373261957,0.8405715373261957,105.03506851196289,105.10614318847657,100.61935134887695,99.87213264465332,0.24790348500678347,104.06588745117188,106.70008087158203,53.21793247160657,0.9165236440308604,1.2756528001254943
678,2023-05-08,105.18000030517578,107.95999908447266,105.16000366210938,107.7699966430664,107.12751007080078,26511400,0,31.0,42.0,32.0,104.94063568115234,106.94857788085938,100.42770385742188,105.56999969482422,107.58999633789062,101.02999877929688,0.02083915706679118,2.083915706679118,105.21399459838867,105.17224617004395,100.98992874145507,99.83947849273682,0.2510771444601819,104.94063568115234,106.56092071533203,58.90631088416015,1.0238097478428756,1.2252841896689706
679,2023-05-09,108.38999938964844,110.1500015258789,107.19000244140625,107.3499984741211,106.71002197265625,36360100,0,0.0,42.0,32.0,107.12751007080078,106.70008087158203,100.7855453491211,107.7699966430664,107.33999633789062,101.38999938964844,-0.0038971138026882013,-0.38971138026882013,105.56190795898438,105.27164993286132,101.33744445800781,99.83674488067626,0.24839325101784235,107.12751007080078,104.69212341308594,57.46965549723556,1.0628945706602053,1.1928062658672176
680,2023-05-10,107.97000122070312,112.94000244140625,107.93000030517578,111.75,111.08378601074219,63153400,0,0.0,31.0,32.0,106.71002197265625,106.56092071533203,100.28853607177734,107.3499984741211,107.19999694824219,100.88999938964844,0.04098737829148491,4.098737829148491,106.36111450195312,105.62503051757812,101.76865814208985,99.85781845092774,0.2837788395849044,106.71002197265625,104.78160095214844,66.64707594928245,1.4303080779494763,1.2403066282836694
681,2023-05-11,115.4000015258789,117.91999816894531,114.41000366210938,116.56999969482422,115.87505340576172,78900000,0,0.0,31.0,32.0,111.08378601074219,104.69212341308594,103.11161041259766,111.75,105.31999969482422,103.7300033569336,0.04313201383464005,4.313201383464005,107.25376205444336,106.07930564880371,102.2897331237793,99.9152241897583,0.30674419352664367,111.08378601074219,104.06588745117188,73.4147846065749,2.0840772211212624,1.409060746851188
682,2023-05-12,116.68000030517578,118.02999877929688,116.11000061035156,117.51000213623047,116.80946350097656,41102300,0,0.0,31.0,0.0,115.87505340576172,104.78160095214844,103.73784637451172,116.56999969482422,105.41000366210938,104.36000061035156,0.008063945325166744,0.8063945325166744,108.26470031738282,106.50873107910157,102.79689178466796,99.93734157562255,0.30521619141290074,115.87505340576172,104.94063568115234,74.50144804237647,2.6470791816733197,1.6566644338156145
683,2023-05-15,116.11000061035156,118.4800033569336,116.01000213623047,116.51000213623047,115.81541442871094,36266800,0,0.0,31.0,0.0,116.80946350097656,104.06588745117188,104.095703125,117.51000213623047,104.69000244140625,104.72000122070312,-0.008510004604698085,-0.8510004604698085,109.19014968872071,107.03258934020997,103.25136596679687,99.94872333526611,0.28734258826178016,116.80946350097656,107.12751007080078,71.16872633506225,2.978714077404618,1.9210743625334152
684,2023-05-16,116.48999786376953,120.75,116.43000030517578,119.51000213623047,118.79752349853516,45035600,0,0.0,31.0,0.0,115.81541442871094,104.94063568115234,103.84719848632812,116.51000213623047,105.56999969482422,104.47000122070312,0.025748809729121414,2.5748809729121414,110.60068969726562,107.7786148071289,103.73605911254883,99.96457820892334,0.2874201425516735,115.81541442871094,106.71002197265625,74.80933758513504,3.442485570201086,2.2253566040669495
685,2023-05-17,119.61000061035156,121.66999816894531,118.88999938964844,120.83999633789062,120.1196060180664,33323600,0,0.0,0.0,0.0,118.79752349853516,107.12751007080078,107.77363586425781,119.51000213623047,107.7699966430664,108.41999816894531,0.011128872728963568,1.1128872728963568,112.13449020385742,108.60664901733398,104.27244232177735,99.99430000305176,0.28531161396953525,118.79752349853516,111.08378601074219,76.24167712640119,3.8720739712982493,2.5547000775132096
686,2023-05-18,120.94999694824219,123.30999755859375,120.83000183105469,122.83000183105469,122.09774780273438,35234200,0,0.0,0.0,0.0,120.1196060180664,106.71002197265625,105.80545043945312,120.83999633789062,107.3499984741211,106.44000244140625,0.016468100839178934,1.6468100839178934,113.93767623901367,109.47842063903809,104.84063491821288,100.03257053375245,0.2868801024041984,120.1196060180664,115.87505340576172,78.23571891972733,4.3223203655638684,2.9082241351233415
687,2023-05-19,123.55000305175781,125.97000122070312,122.1500015258789,122.76000213623047,122.02816009521484,41353400,0,0.0,0.0,0.0,122.09774780273438,111.08378601074219,104.7219467163086,122.83000183105469,111.75,105.3499984741211,-0.0005699344072419565,-0.056993440724195654,115.64642868041992,110.3407485961914,105.4458056640625,100.05583103179931,0.2874769693098658,122.09774780273438,116.80946350097656,77.98774578060726,4.62026914376969,3.2506331368526116
688,2023-05-22,122.94000244140625,126.43000030517578,122.73999786376953,125.05000305175781,124.30450439453125,35253000,27,0.0,0.0,0.0,122.02816009521484,115.87505340576172,104.01617431640625,122.76000213623047,116.56999969482422,104.63999938964844,0.018654254047100638,1.8654254047100638,117.36412811279297,111.28906135559082,106.13010162353515,100.0899266052246,0.28983619438992453,122.02816009521484,115.81541442871094,80.19871657706487,4.982640875428885,3.5970346845678667
689,2023-05-23,124.16000366210938,124.62999725341797,122.20999908447266,122.55999755859375,121.829345703125,34046300,27,27.0,0.0,0.0,124.30450439453125,116.80946350097656,106.78955078125,125.05000305175781,117.51000213623047,107.43000030517578,-0.01991205953044406,-1.991205953044406,118.87606048583984,112.2189842224121,106.7553517150879,100.11522483825684,0.28971440237904217,124.30450439453125,118.79752349853516,71.75870816095608,5.012319563022004,3.880091660258694
690,2023-05-24,121.12000274658203,121.91000366210938,119.86000061035156,120.9000015258789,120.17925262451172,34182600,27,27.0,0.0,0.0,121.829345703125,115.81541442871094,108.22095489501953,122.55999755859375,116.51000213623047,108.87000274658203,-0.013544298946119637,-1.3544298946119637,119.7856071472168,113.07336082458497,107.29074096679688,100.1331175994873,0.2983052153715241,121.829345703125,120.1196060180664,66.71781650109138,4.846820288477417,4.073437385902439
691,2023-05-25,124.5199966430664,125.31999969482422,121.95999908447266,123.4800033569336,122.7438735961914,42317000,27,27.0,0.0,32.0,120.17925262451172,118.79752349853516,105.33824920654297,120.9000015258789,119.51000213623047,105.97000122070312,0.021339964392128374,2.1339964392128374,120.47248916625976,113.86312561035156,107.8348779296875,100.1671635055542,0.28221132722658104,120.17925262451172,122.09774780273438,70.21940821207397,4.866506344184998,4.232051177558951
692,2023-05-26,123.16999816894531,125.26000213623047,122.44999694824219,124.61000061035156,123.86713409423828,35635900,27,27.0,0.0,32.0,122.7438735961914,120.1196060180664,103.87701416015625,123.4800033569336,120.83999633789062,104.5,0.009151255090272148,0.9151255090272148,121.17825622558594,114.72147827148437,108.31778198242188,100.1915672302246,0.28008246338390913,122.7438735961914,122.02816009521484,71.62738359477783,4.916075956401983,4.368856133327557
693,2023-05-30,125.63999938964844,125.66000366210938,122.0,123.66999816894531,122.93272399902344,35076700,0,27.0,0.0,32.0,123.86713409423828,122.09774780273438,103.55892181396484,124.61000061035156,122.83000183105469,104.18000030517578,-0.007543648297408279,-0.7543648297408279,121.88998718261719,115.54006843566894,108.75615264892578,100.21557327270507,0.28357710195279023,123.86713409423828,124.30450439453125,68.71688803907068,4.824349052892131,4.459954717240472
694,2023-05-31,122.75,124.05999755859375,122.5,122.87000274658203,122.13750457763672,37325800,0,0.0,0.0,32.0,122.93272399902344,122.02816009521484,104.66231536865234,123.66999816894531,122.76000213623047,105.29000091552734,-0.006468736683920229,-0.6468736683920229,122.22398529052734,116.41233749389649,109.18657150268555,100.22148784637452,0.2732413969402674,122.93272399902344,121.829345703125,66.24967996703609,4.634068601394688,4.494777494071315
695,2023-06-01,122.81999969482422,124.41999816894531,122.62000274658203,123.72000122070312,122.98242950439453,30772700,0,0.0,27.0,32.0,122.13750457763672,124.30450439453125,104.78160095214844,122.87000274658203,125.05000305175781,105.41000366210938,0.006917817174009189,0.6917817174009189,122.51026763916016,117.32237892150879,109.56032989501954,100.22963890075684,0.2720201772289043,122.13750457763672,120.17925262451172,67.58151618559822,4.49957999564495,4.495737994386043
696,2023-06-02,123.98999786376953,126.1500015258789,123.76000213623047,124.66999816894531,123.92676544189453,26980100,0,0.0,27.0,42.0,122.98242950439453,121.829345703125,105.33824920654297,123.72000122070312,122.55999755859375,105.97000122070312,0.00767862483531645,0.767862483531645,122.69316940307617,118.31542282104492,109.98379013061523,100.24440036773682,0.2662161841396444,122.98242950439453,122.7438735961914,69.0514775609521,4.418265806716846,4.480243556852204
697,2023-06-05,124.01000213623047,127.43000030517578,123.83999633789062,126.01000213623047,125.2587890625,32305500,0,0.0,27.0,42.0,123.92676544189453,120.17925262451172,103.23088836669922,124.66999816894531,120.9000015258789,103.8499984741211,0.010748474035094713,1.0748474035094713,123.01623229980468,119.33133049011231,110.38955673217774,100.27650787353515,0.2662879587456001,123.92676544189453,123.86713409423828,71.04579789631184,4.410465795875993,4.4662880046569615
698,2023-06-06,126.01000213623047,128.2899932861328,125.36000061035156,127.30999755859375,126.55103302001953,26638300,0,0.0,27.0,42.0,125.2587890625,122.7438735961914,103.09172058105469,126.01000213623047,123.4800033569336,103.70999908447266,0.010316593088527615,1.0316593088527615,123.24088516235352,120.30250663757325,110.8243490600586,100.31199504852295,0.2626890994056201,125.2587890625,122.93272399902344,72.87216233862634,4.457177945864061,4.464465992898382
699,2023-06-07,126.97000122070312,129.0399932861328,122.12000274658203,122.5,121.76970672607422,52539000,0,0.0,27.0,42.0,126.55103302001953,123.86713409423828,106.94857788085938,127.30999755859375,124.61000061035156,107.58999633789062,-0.03778180375018303,-3.778180375018303,123.23492126464843,121.05549087524415,111.22275985717773,100.33828735351562,0.30758832071750974,126.55103302001953,122.13750457763672,58.235226572581176,4.061565390971722,4.3838858725130505
700,2023-06-08,122.2300033569336,123.2300033569336,121.23999786376953,122.13999938964844,121.411865234375,29389200,0,0.0,0.0,42.0,121.76970672607422,122.93272399902344,106.70008087158203,122.5,123.66999816894531,107.33999633789062,-0.0029386741688077755,-0.29386741688077755,123.35818252563476,121.57189483642578,111.6424430847168,100.37755195617676,0.28122512359796586,121.76970672607422,122.98242950439453,57.30748533992685,3.6767811290718413,4.242464923824809
701,2023-06-09,122.25,123.76000213623047,121.91000366210938,122.2300033569336,121.5013198852539,23778300,0,0.0,0.0,31.0,121.411865234375,122.13750457763672,106.56092071533203,122.13999938964844,122.87000274658203,107.19999694824219,0.0007367867276086848,0.07367867276086848,123.23392715454102,121.85320816040038,112.05675857543946,100.41915252685547,0.24167340491603376,121.411865234375,123.92676544189453,57.48980399549966,3.3405473219090425,4.062081403441656
702,2023-06-12,122.79000091552734,124.05000305175781,121.66000366210938,123.63999938964844,122.90290832519531,28306400,0,0.0,0.0,31.0,121.5013198852539,122.98242950439453,104.69212341308594,122.2300033569336,123.72000122070312,105.31999969482422,0.011535582010673284,1.1535582010673284,123.13750457763672,122.15788040161132,112.50904602050781,100.46860591888428,0.24304676263508163,121.5013198852539,125.2587890625,60.34710834295578,3.1508549859003665,3.8798361199333984
703,2023-06-13,124.9800033569336,125.16000366210938,123.18000030517578,123.83000183105469,123.09178161621094,22278300,0,0.0,0.0,31.0,122.90290832519531,123.92676544189453,104.78160095214844,123.63999938964844,124.66999816894531,105.41000366210938,0.001536768279851275,0.1536768279851275,123.15341033935547,122.52169876098633,112.90864944458008,100.50429191589356,0.23951467669621584,122.90290832519531,126.55103302001953,60.73015991721935,2.98139527023784,3.700147949994287
704,2023-06-14,123.0999984741211,124.05000305175781,121.44999694824219,123.66999816894531,122.93272399902344,30592300,0,0.0,0.0,31.0,123.09178161621094,125.2587890625,104.06588745117188,123.83000183105469,126.01000213623047,104.69000244140625,-0.0012921871395397133,-0.12921871395397133,123.23293228149414,122.72845878601075,113.29254699707032,100.57054454803466,0.22444996276446272,123.09178161621094,121.76970672607422,60.2027270854229,2.8019633153392647,3.520511023063283
705,2023-06-15,123.13999938964844,125.45999908447266,122.4000015258789,125.08999633789062,124.3442611694336,35246300,0,0.0,0.0,31.0,122.93272399902344,126.55103302001953,104.94063568115234,123.66999816894531,127.30999755859375,105.56999969482422,0.011482192247048717,1.1482192247048717,123.36911544799804,122.9396915435791,113.69751815795898,100.64842742919922,0.2246479814554746,122.93272399902344,121.411865234375,63.25279544376046,2.7420527737809266,3.364819373206812
706,2023-06-16,125.93000030517578,126.11000061035156,123.27999877929688,123.52999877929688,122.79356384277344,45535600,0,0.0,0.0,0.0,124.3442611694336,121.76970672607422,107.12751007080078,125.08999633789062,122.5,107.7699966430664,-0.012471000366853668,-1.2471000366853668,123.25579528808593,122.97448234558105,114.07644546508789,100.72094249725342,0.22311139068524405,124.3442611694336,121.5013198852539,57.99430587334646,2.5401634997918876,3.199888198523827
707,2023-06-20,122.93000030517578,124.56999969482422,122.13999938964844,123.0999984741211,122.36612701416016,26097500,29,0.0,0.0,0.0,122.79356384277344,121.411865234375,106.71002197265625,123.52999877929688,122.13999938964844,107.3499984741211,-0.0034809383752439915,-0.34809383752439915,122.96652908325196,122.99138069152832,114.36829528808593,100.79489894866943,0.22351448230770563,122.79356384277344,122.90290832519531,56.59758765517409,2.3189428856969414,3.0236991359584504
708,2023-06-21,122.4000015258789,122.66000366210938,120.0999984741211,120.55000305175781,119.83132934570312,30306300,29,29.0,0.0,0.0,122.36612701416016,121.5013198852539,111.08378601074219,123.0999984741211,122.2300033569336,111.75,-0.020714863911347803,-2.0714863911347803,122.29455871582032,122.76772193908691,114.64881286621093,100.84862674713135,0.2241660724921849,122.36612701416016,123.09178161621094,49.05285619328202,1.9169891103815502,2.802357130843071
709,2023-06-22,120.0,123.23999786376953,118.83000183105469,123.1500015258789,122.41583251953125,26952200,29,29.0,0.0,0.0,119.83132934570312,122.90290832519531,115.87505340576172,120.55000305175781,123.63999938964844,116.56999969482422,0.021567841965368206,2.1567841965368206,122.35917129516602,122.79704627990722,115.00269058227539,100.924670753479,0.22788069477026268,119.83132934570312,122.93272399902344,55.558013240408016,1.7863932249511691,2.599164349664691
710,2023-06-23,121.37999725341797,122.79000091552734,121.05999755859375,122.33999633789062,121.61065673828125,34913600,29,29.0,0.0,0.0,122.41583251953125,123.09178161621094,116.80946350097656,123.1500015258789,123.83000183105469,117.51000213623047,-0.006577382718216063,-0.6577382718216063,122.37905044555664,122.86861648559571,115.35458023071288,101.0018578338623,0.22355201318454104,122.41583251953125,124.3442611694336,53.275749506288264,1.5994862070931504,2.399228721150383
711,2023-06-26,120.76000213623047,122.0,118.2699966430664,118.33999633789062,117.63450622558594,33969900,0,29.0,0.0,0.0,121.61065673828125,122.93272399902344,115.81541442871094,122.33999633789062,123.66999816894531,116.51000213623047,-0.03269574081202764,-3.269574081202764,121.99236907958985,122.61314811706544,115.5714793395996,101.04604282379151,0.23908700356608553,121.61065673828125,122.79356384277344,43.72376752326551,1.1176355259113961,2.1429100821025857
712,2023-06-27,117.08000183105469,119.08000183105469,116.0999984741211,118.33000183105469,117.62456512451172,39535900,0,0.0,0.0,0.0,117.63450622558594,124.3442611694336,118.79752349853516,118.33999633789062,125.08999633789062,119.51000213623047,-8.45083759279941e-05,-0.00845083759279941,121.46453475952148,122.3010196685791,115.75955154418945,101.09549625396728,0.23558824782757323,117.63450622558594,122.36612701416016,43.70267015635967,0.7265875764563958,1.8596455809733479
713,2023-06-28,117.08999633789062,120.38999938964844,116.8499984741211,120.18000030517578,119.46353149414062,27091400,0,0.0,0.0,0.0,117.62456512451172,122.79356384277344,120.1196060180664,118.33000183105469,123.52999877929688,120.83999633789062,0.015634203345893383,1.5634203345893383,121.10170974731446,122.12756004333497,116.0420571899414,101.1428621673584,0.2432185596175739,117.62456512451172,119.83132934570312,48.63966328308719,0.5586289495152528,1.599442254681729
714,2023-06-29,119.23999786376953,120.05999755859375,118.30000305175781,119.0999984741211,118.38997650146484,24090900,0,0.0,29.0,0.0,119.46353149414062,122.36612701416016,122.09774780273438,120.18000030517578,123.0999984741211,122.83000183105469,-0.008986466239937263,-0.8986466239937263,120.64743499755859,121.94018363952637,116.33231643676758,101.18381656646729,0.24408843978603048,119.46353149414062,122.41583251953125,46.09814428285763,0.33503157629077407,1.3465601190035381
715,2023-06-30,120.16999816894531,121.08000183105469,119.69000244140625,119.69999694824219,118.98638916015625,29532200,0,0.0,29.0,0.0,118.38997650146484,119.83132934570312,122.02816009521484,119.0999984741211,120.55000305175781,122.76000213623047,0.005037695557647437,0.5037695557647437,120.11164779663086,121.74038162231446,116.64086578369141,101.26025802612304,0.24332428457643443,118.38997650146484,121.61065673828125,47.732117549373,0.20360750364535818,1.117969595931902
716,2023-07-03,119.23999786376953,120.19000244140625,118.81999969482422,119.9000015258789,119.1852035522461,14467900,36,0.0,29.0,27.0,118.98638916015625,122.41583251953125,124.30450439453125,119.69999694824219,123.1500015258789,125.05000305175781,0.0016709002894628178,0.16709002894628178,119.75081176757813,121.50330352783203,116.93132354736328,101.3343138885498,0.24123179362320027,118.98638916015625,117.63450622558594,48.294797093101415,0.11417944947568515,0.9172115666406587
717,2023-07-05,119.23999786376953,122.61000061035156,119.2300033569336,121.75,121.024169921875,27584800,36,36.0,29.0,27.0,119.1852035522461,121.61065673828125,121.829345703125,119.9000015258789,122.33999633789062,122.55999755859375,0.015429485496685658,1.5429485496685658,119.6166160583496,121.29157257080078,117.25617492675781,101.42795227050782,0.2450136905854166,119.1852035522461,117.62456512451172,53.30241613815347,0.1895117162991795,0.771671596572363
718,2023-07-06,119.80000305175781,120.30000305175781,118.4000015258789,120.11000061035156,119.39395141601562,24745200,36,36.0,0.0,27.0,121.024169921875,117.63450622558594,120.17925262451172,121.75,118.33999633789062,120.9000015258789,-0.013470189524222631,-1.347018952422263,119.57287826538087,120.93371849060058,117.53728897094726,101.51398624420166,0.24421192497293398,121.024169921875,119.46353149414062,48.79118464239581,0.11632712469575779,0.640602702197042
719,2023-07-07,120.0999984741211,121.05000305175781,119.4000015258789,119.4800033569336,118.7677230834961,21709500,36,36.0,0.0,27.0,119.39395141601562,117.62456512451172,122.7438735961914,120.11000061035156,118.33000183105469,123.4800033569336,-0.005245059109715733,-0.5245059109715733,119.20806732177735,120.78361930847169,117.8480256652832,101.59554718017579,0.20683396469923934,119.39395141601562,118.38997650146484,47.140684083494165,0.007707567714930974,0.5140236753006198
720,2023-07-10,118.30000305175781,118.30999755859375,116.13999938964844,116.44999694824219,115.75577545166016,35315200,0,36.0,0.0,27.0,118.7677230834961,119.46353149414062,123.86713409423828,119.4800033569336,120.18000030517578,124.61000061035156,-0.02535998462914435,-2.535998462914435,118.62257919311523,120.50081481933594,118.10130676269532,101.67164085388184,0.22398357354714898,118.7677230834961,118.98638916015625,40.11235813320852,-0.31775038707706926,0.34766886282508197
721,2023-07-11,116.29000091552734,117.70999908447266,115.3499984741211,117.13999938964844,116.441650390625,23078800,0,0.0,0.0,0.0,115.75577545166016,118.38997650146484,122.93272399902344,116.44999694824219,119.0999984741211,123.66999816894531,0.005925189791081031,0.5925189791081031,118.50329360961913,120.24783134460449,118.29116821289062,101.76040843963624,0.22566354578698494,115.75577545166016,119.1852035522461,42.22477609903204,-0.5144040558191705,0.1752542790962315
722,2023-07-12,118.80000305175781,120.33000183105469,118.41000366210938,118.93000030517578,118.22099304199219,30404400,0,0.0,0.0,0.0,116.441650390625,118.98638916015625,122.13750457763672,117.13999938964844,119.69999694824219,122.87000274658203,0.015280981035549202,1.5280981035549202,118.56293640136718,120.01373558044433,118.52158645629883,101.85379837036133,0.22901603723970074,116.441650390625,121.024169921875,47.40758386374889,-0.5206734246012559,0.03606873835673402
723,2023-07-13,120.93000030517578,124.83000183105469,120.44999694824219,124.54000091552734,123.79754638671875,44297900,0,0.0,36.0,0.0,118.22099304199219,119.1852035522461,122.98242950439453,118.93000030517578,119.9000015258789,123.72000122070312,0.0471705845233914,4.71705845233914,118.996337890625,120.04902381896973,118.86631896972656,101.9820293045044,0.287707339552488,118.22099304199219,119.39395141601562,59.63034785457458,-0.07479846467057882,0.01389529775127145
724,2023-07-14,124.80000305175781,126.77999877929688,123.48999786376953,125.41999816894531,124.67229461669922,33283100,0,0.0,36.0,0.0,123.79754638671875,121.024169921875,123.92676544189453,124.54000091552734,121.75,124.66999816894531,0.007065957731084094,0.7065957731084094,119.62456970214843,120.13600234985351,119.26592239379883,102.11746704101563,0.28856794134759695,123.79754638671875,118.7677230834961,61.1553802600468,0.34516665863164064,0.08014956992734529
725,2023-07-17,125.94000244140625,127.0999984741211,124.19999694824219,124.6500015258789,123.90689086914062,25716200,0,0.0,36.0,0.0,124.67229461669922,119.39395141601562,125.2587890625,125.41999816894531,120.11000061035156,126.01000213623047,-0.006139325099548398,-0.6139325099548398,120.11661987304687,120.11413383483887,119.64842819213867,102.25240772247315,0.2867373635953575,124.67229461669922,115.75577545166016,59.053247942047456,0.6092077906599656,0.18596121407386934
726,2023-07-18,124.5999984741211,124.68000030517578,122.95999908447266,123.76000213623047,123.0221939086914,26193600,0,0.0,36.0,0.0,123.90689086914062,118.7677230834961,126.55103302001953,124.6500015258789,119.4800033569336,127.30999755859375,-0.0071400142013373635,-0.7140014201337364,120.50031890869141,120.12556533813476,120.02755432128906,102.3702509689331,0.28428152940700874,123.90689086914062,116.441650390625,56.63019946113265,0.7385609680177225,0.29648116486264
727,2023-07-19,124.5999984741211,125.18000030517578,121.80000305175781,122.02999877929688,121.30250549316406,37224000,0,0.0,0.0,0.0,123.0221939086914,115.75577545166016,121.76970672607422,123.76000213623047,116.44999694824219,122.5,-0.013978684340515968,-1.3978684340515968,120.52815246582031,120.07238426208497,120.3547917175293,102.49256740570068,0.28851677376676943,123.0221939086914,118.22099304199219,52.15080560194686,0.6943062793184112,0.3760461877537942
728,2023-07-20,121.41999816894531,124.08999633789062,118.22000122070312,119.19999694824219,118.4893798828125,37906800,0,0.0,0.0,0.0,121.30250549316406,116.441650390625,121.411865234375,122.02999877929688,117.13999938964844,122.13999938964844,-0.023190993449925812,-2.319099344992581,120.4376953125,120.00528678894042,120.58202911376954,102.60961544036866,0.290966262913546,121.30250549316406,123.79754638671875,45.77257075613389,0.4273125995479745,0.3862994701126303
729,2023-07-21,120.62000274658203,120.98999786376953,118.7300033569336,120.0199966430664,119.30448913574219,72937900,0,0.0,0.0,0.0,118.4893798828125,118.22099304199219,121.5013198852539,119.19999694824219,118.93000030517578,122.2300033569336,0.00687917561671636,0.687917561671636,120.4913719177246,119.84971961975097,120.83391845703125,102.71587810516357,0.2807468093452518,118.4893798828125,124.67229461669922,47.766014704879346,0.2782828182003101,0.36469613973016635
730,2023-07-24,121.66000366210938,123.0,120.9800033569336,121.52999877929688,120.80548858642578,29686100,37,0.0,0.0,0.0,119.30448913574219,123.79754638671875,122.90290832519531,120.0199966430664,124.54000091552734,123.63999938964844,0.012581248715425764,1.2581248715425764,120.99634323120117,119.8094612121582,121.02835250854493,102.81473522186279,0.2840416582816694,119.30448913574219,123.90689086914062,51.31519331728389,0.27808812724798315,0.34737453723372974
731,2023-07-25,121.36000061035156,123.1500015258789,121.0199966430664,122.20999908447266,121.48143005371094,52509600,37,37.0,0.0,0.0,120.80548858642578,124.67229461669922,123.09178161621094,121.52999877929688,125.41999816894531,123.83000183105469,0.005595287724047271,0.5595287724047271,121.50032119750976,120.00180740356446,121.1404800415039,102.91801578521728,0.2571531132763502,120.80548858642578,123.0221939086914,52.86829913370607,0.3286877527838783,0.34363718034375945
732,2023-07-26,130.07000732421875,130.97999572753906,128.32000732421875,129.27000427246094,128.49932861328125,61682100,37,37.0,0.0,0.0,121.48143005371094,123.90689086914062,122.93272399902344,122.20999908447266,124.6500015258789,123.66999816894531,0.05776931137925745,5.776931137925745,122.52815475463868,120.54554557800293,121.37427734375,103.056435546875,0.3248235071907028,121.48143005371094,121.30250549316406,65.25977221247021,0.9244179683941525,0.4597933379538381
733,2023-07-27,131.6699981689453,133.24000549316406,128.7899932861328,129.39999389648438,128.62857055664062,44952100,37,37.0,0.0,0.0,128.49932861328125,123.0221939086914,124.3442611694336,129.27000427246094,123.76000213623047,125.08999633789062,0.0010057791332771515,0.10057791332771515,123.01125717163086,121.00379753112793,121.63054046630859,103.20911983489991,0.3223897826448666,128.49932861328125,118.4893798828125,65.43997642201003,1.3909333867226508,0.6460213477076007
734,2023-07-28,130.77999877929688,133.74000549316406,130.57000732421875,132.5800018310547,131.78961181640625,36591200,37,37.0,0.0,0.0,128.62857055664062,121.30250549316406,122.79356384277344,129.39999389648438,122.02999877929688,123.52999877929688,0.024574954429534612,2.4574954429534612,123.72298889160156,121.673779296875,121.89038223266601,103.38168487548828,0.32658768597894505,128.62857055664062,119.30448913574219,69.59428589502059,1.9927486624118131,0.9153668106484432
735,2023-07-31,132.72999572753906,133.52999877929688,131.77999877929688,132.72000122070312,131.92877197265625,28055500,0,37.0,0.0,29.0,131.78961181640625,118.4893798828125,122.36612701416016,132.5800018310547,119.19999694824219,123.0999984741211,0.0010559265964289466,0.10559265964289466,124.52517700195312,122.3208984375,122.1265655517578,103.55832546234132,0.32697986945475704,131.78961181640625,120.80548858642578,69.76658437922026,2.4526480656592895,1.2228230616506126
736,2023-08-01,130.77999877929688,132.6300048828125,130.67999267578125,131.5500030517578,130.76573181152344,23166800,0,0.0,0.0,29.0,131.92877197265625,119.30448913574219,119.83132934570312,132.72000122070312,120.0199966430664,120.55000305175781,-0.008815667300942298,-0.8815667300942298,125.29953079223633,122.89992485046386,122.2999252319336,103.72726219177247,0.3306531895303005,131.92877197265625,121.48143005371094,66.38099343727971,2.692239573119977,1.5167063639444855
737,2023-08-02,129.4499969482422,130.08999633789062,127.55999755859375,128.3800048828125,127.6146469116211,26273300,0,0.0,37.0,29.0,130.76573181152344,120.80548858642578,122.41583251953125,131.5500030517578,121.52999877929688,123.1500015258789,-0.02409717634926023,-2.409717634926023,125.93074493408203,123.22944869995118,122.41165496826171,103.87298820495606,0.34340116149201727,130.76573181152344,128.49932861328125,58.14776566214191,2.5979043282821976,1.732945956812028
738,2023-08-03,127.97000122070312,129.38999938964844,127.41999816894531,128.4499969482422,127.6842269897461,20089500,0,0.0,37.0,29.0,127.6146469116211,121.48143005371094,121.61065673828125,128.3800048828125,122.20999908447266,122.33999633789062,0.0005452358315356509,0.05452358315356509,126.8502296447754,123.64396247863769,122.47924942016601,104.03148761749267,0.3381171916204607,127.6146469116211,128.62857055664062,58.2708422628118,2.499939748635441,1.8863447151767108
739,2023-08-04,129.27999877929688,131.50999450683594,127.91000366210938,128.11000061035156,127.34626007080078,26147200,0,0.0,37.0,0.0,127.6842269897461,128.49932861328125,117.63450622558594,128.4499969482422,129.27000427246094,118.33999633789062,-0.002646896385819497,-0.2646896385819497,127.65440673828125,124.07288932800293,122.58958770751953,104.17134880065917,0.3373432595412786,127.6842269897461,131.78961181640625,57.38806249571327,2.367737206960598,1.9826232135334885
740,2023-08-07,129.16000366210938,131.61000061035156,129.02000427246094,131.52999877929688,130.74588012695312,22746300,0,0.0,37.0,0.0,127.34626007080078,128.62857055664062,117.62456512451172,128.11000061035156,129.39999389648438,118.33000183105469,0.026695876692902187,2.6695876692902187,128.648445892334,124.82239456176758,122.80092025756836,104.32423194885254,0.328345920937507,127.34626007080078,131.92877197265625,63.39534750452654,2.508371719165268,2.0877729146598445
741,2023-08-08,130.6199951171875,131.50999450683594,129.5399932861328,131.39999389648438,130.6166229248047,23535200,0,0.0,37.0,0.0,130.74588012695312,131.78961181640625,119.46353149414062,131.52999877929688,132.5800018310547,120.18000030517578,-0.0009886139587949039,-0.09886139587949039,129.56196517944335,125.53114318847656,122.95837524414063,104.48213485717774,0.32936807031052295,130.74588012695312,130.76573181152344,63.03150479026203,2.579658905260615,2.1861501127799987
742,2023-08-09,131.66000366210938,132.0399932861328,129.0,129.66000366210938,128.88702392578125,24912900,0,0.0,0.0,0.0,130.6166229248047,131.92877197265625,118.38997650146484,131.39999389648438,132.72000122070312,119.0999984741211,-0.013241798480880584,-1.3241798480880584,129.60073471069336,126.06444473266602,123.05877304077148,104.62969985961914,0.33418949226348327,130.6166229248047,127.6146469116211,58.2166943316382,2.4681391576324643,2.242547921750492
743,2023-08-10,131.32000732421875,132.0500030517578,129.4499969482422,129.69000244140625,128.91685485839844,20857800,0,0.0,0.0,0.0,128.88702392578125,130.76573181152344,118.98638916015625,129.66000366210938,131.5500030517578,119.69999694824219,0.0002314502399742846,0.02314502399742846,129.62956314086915,126.32041015625,123.17845565795898,104.77164863586425,0.29386641107163025,128.88702392578125,127.6842269897461,58.2758933704873,2.355018869555579,2.2650421113115096
744,2023-08-11,128.66000366210938,129.92999267578125,128.1699981689453,129.55999755859375,128.78761291503906,19591100,0,0.0,0.0,36.0,128.91685485839844,127.6146469116211,119.1852035522461,129.69000244140625,128.3800048828125,119.9000015258789,-0.0010025216912197266,-0.10025216912197266,129.32936325073243,126.52617607116699,123.31145782470703,104.90604263305664,0.2934854823403213,128.91685485839844,127.34626007080078,57.89319141384352,2.229244142736718,2.2578825175965513
745,2023-08-14,129.38999938964844,131.3699951171875,128.9600067138672,131.3300018310547,130.5470733642578,24695600,0,0.0,0.0,36.0,128.78761291503906,127.6842269897461,121.024169921875,129.55999755859375,128.4499969482422,121.75,0.013661721103406688,1.3661721103406688,129.1911933898926,126.85818519592286,123.4627507019043,105.03949234008789,0.2948082556639674,128.78761291503906,130.74588012695312,61.591163329388394,2.245654017756607,2.2554368176285626
746,2023-08-15,131.10000610351562,131.4199981689453,129.27999877929688,129.77999877929688,129.0063018798828,19770700,0,0.0,0.0,36.0,130.5470733642578,127.34626007080078,119.39395141601562,131.3300018310547,128.11000061035156,120.11000061035156,-0.011802420725862461,-1.1802420725862461,129.0152503967285,127.15739059448242,123.56434143066406,105.21270351409912,0.29734159011123085,130.5470733642578,130.6166229248047,56.88013908809746,2.1100087129046017,2.226351196683771
747,2023-08-16,128.6999969482422,130.27999877929688,127.87000274658203,128.6999969482422,127.93272399902344,25216100,0,0.0,0.0,36.0,129.0063018798828,130.74588012695312,118.7677230834961,129.77999877929688,131.52999877929688,119.4800033569336,-0.00832190261417598,-0.832190261417598,129.04705810546875,127.4889015197754,123.61782012939453,105.39401603698731,0.29383037475895446,129.0063018798828,128.88702392578125,53.79268733909461,1.8940466777194587,2.1598902928909087
748,2023-08-17,129.8000030517578,131.99000549316406,129.2899932861328,129.9199981689453,129.1454620361328,33446300,0,0.0,0.0,0.0,127.93272399902344,130.6166229248047,115.75577545166016,128.6999969482422,131.39999389648438,116.44999694824219,0.009479498280038356,0.9479498280038356,129.19318161010742,128.0217056274414,123.6697087097168,105.56116355895996,0.27791973020614735,127.93272399902344,128.91685485839844,56.654873835434316,1.8000037109168403,2.0879129764960953
749,2023-08-18,128.50999450683594,129.25,126.37999725341797,127.45999908447266,126.70013427734375,30504800,0,0.0,0.0,0.0,129.1454620361328,128.88702392578125,116.441650390625,129.9199981689453,129.66000366210938,117.13999938964844,-0.01893467815466021,-1.8934678154660212,129.12856903076172,128.3914878845215,123.7683172607422,105.72493137359619,0.28978872684079804,129.1454620361328,128.78761291503906,49.93791911682702,1.5107415799752602,1.9724786971919284
750,2023-08-21,127.18000030517578,128.72999572753906,126.55999755859375,128.3699951171875,127.60470581054688,25248700,0,0.0,0.0,0.0,126.70013427734375,128.91685485839844,118.22099304199219,127.45999908447266,129.69000244140625,118.93000030517578,0.00713946783373598,0.713946783373598,128.8144515991211,128.73144874572753,123.89217407226562,105.91330158233643,0.28808282228614507,126.70013427734375,130.5470733642578,52.19575380032833,1.3390548295503493,1.8457939236636125
751,2023-08-22,128.50999450683594,130.27999877929688,128.32000732421875,129.0800018310547,128.31048583984375,22054900,0,0.0,0.0,0.0,127.60470581054688,128.78761291503906,123.79754638671875,128.3699951171875,129.55999755859375,124.54000091552734,0.005530987472709192,0.5530987472709192,128.583837890625,129.0729015350342,124.02835739135742,106.12259643554688,0.28807491923203804,127.60470581054688,129.0063018798828,53.9412020398935,1.24558407494996,1.725751953920882
752,2023-08-23,130.17999267578125,133.41000366210938,129.8699951171875,132.3699951171875,131.58087158203125,27819700,0,0.0,0.0,0.0,128.31048583984375,130.5470733642578,124.67229461669922,129.0800018310547,131.3300018310547,125.41999816894531,0.02548806296524808,2.548806296524808,128.85322265625,129.22697868347169,124.20191665649413,106.36583770751953,0.2216431994109312,128.31048583984375,127.93272399902344,61.03984696022194,1.4190427842557938,1.6644101199878645
753,2023-08-24,133.9499969482422,134.25,129.57000732421875,129.77999877929688,129.0063018798828,28500700,0,0.0,0.0,0.0,131.58087158203125,129.0063018798828,123.90689086914062,132.3699951171875,129.77999877929688,124.6500015258789,-0.019566443596198413,-1.9566443596198413,128.86216735839844,129.2458652496338,124.32020706176758,106.58054996490479,0.23368079106321527,131.58087158203125,129.1454620361328,53.98588037374095,1.3333932750304882,1.5982067509963893
754,2023-08-25,129.5399932861328,130.75999450683594,127.25,129.8800048828125,129.10569763183594,26762900,0,0.0,0.0,0.0,129.0063018798828,127.93272399902344,123.0221939086914,129.77999877929688,128.6999969482422,123.76000213623047,0.0007704720661294573,0.07704720661294573,128.89397583007812,129.11166954040527,124.44366653442383,106.78626621246337,0.21537455043190323,129.0063018798828,126.70013427734375,54.205908027116024,1.2590225995820674,1.5303699207135248
755,2023-08-28,131.30999755859375,132.5399932861328,130.13999938964844,131.00999450683594,130.22897338867188,20543300,0,0.0,0.0,0.0,129.10569763183594,129.1454620361328,121.30250549316406,129.8800048828125,129.9199981689453,122.02999877929688,0.008700435204952228,0.8700435204952228,128.86216583251954,129.02667961120605,124.56136077880859,106.99556098937988,0.21800792282950188,129.10569763183594,127.60470581054688,56.72435573337598,1.2760131837551967,1.4794985733218593
756,2023-08-29,132.24000549316406,136.57000732421875,132.24000549316406,134.57000732421875,133.7677764892578,43075600,0,0.0,0.0,0.0,130.22897338867188,126.70013427734375,118.4893798828125,131.00999450683594,127.45999908447266,119.19999694824219,0.02717370035640454,2.717370035640454,129.33831329345702,129.17678184509276,124.78084503173828,107.23040267944336,0.23656883409646193,130.22897338867188,128.31048583984375,63.52926974085761,1.5570811174560504,1.4950150821486976
757,2023-08-30,134.77999877929688,136.27999877929688,134.07000732421875,135.8800048828125,135.0699462890625,28315800,0,0.0,0.0,0.0,133.7677764892578,127.60470581054688,119.30448913574219,134.57000732421875,128.3699951171875,120.0199966430664,0.009734555167022929,0.9734555167022929,130.05203552246093,129.54954681396484,125.03492141723633,107.43885250091553,0.2182832483271337,133.7677764892578,131.58087158203125,65.6685475202926,1.8634233160099996,1.5686967289209581
758,2023-08-31,136.00999450683594,138.0,135.7899932861328,136.1699981689453,135.3582000732422,30053800,0,0.0,0.0,37.0,135.0699462890625,128.31048583984375,120.80548858642578,135.8800048828125,129.0800018310547,121.52999877929688,0.002134107490964654,0.2134107490964654,130.67330932617188,129.93324546813966,125.34545883178711,107.63646728515624,0.21812560048880547,135.0699462890625,129.0063018798828,66.14199968593593,2.1051940205551034,1.6759961872477873
759,2023-09-01,137.4600067138672,137.4600067138672,134.85000610351562,135.66000366210938,134.85125732421875,21543700,0,0.0,0.0,37.0,135.3582000732422,131.58087158203125,121.48143005371094,136.1699981689453,132.3699951171875,122.20999908447266,-0.0037451942235426916,-0.37451942235426916,131.48842163085936,130.30849533081056,125.59416732788085,107.8350761795044,0.21853794721474967,135.3582000732422,129.10569763183594,64.45842570381572,2.230184820256028,1.7868339138494356
760,2023-09-05,135.44000244140625,136.4199981689453,134.5800018310547,135.77000427246094,134.96058654785156,19403100,0,0.0,0.0,37.0,134.85125732421875,129.0063018798828,128.49932861328125,135.66000366210938,129.77999877929688,129.27000427246094,0.0008107393716765277,0.08107393716765277,132.22400970458983,130.51923065185548,125.86116592407227,108.02061336517335,0.19975292879516868,134.85125732421875,130.22897338867188,64.66730418028352,2.3114182929011804,1.8917507896597847
761,2023-09-06,136.02000427246094,136.52999877929688,133.6699981689453,134.4600067138672,133.65841674804688,18684500,0,0.0,0.0,37.0,134.96058654785156,129.10569763183594,128.62857055664062,135.77000427246094,129.8800048828125,129.39999389648438,-0.009648519120380339,-0.9648519120380339,132.75880279541016,130.67132034301758,126.18164413452149,108.19760200500488,0.2036054437572314,134.96058654785156,133.7677764892578,60.134210618277145,2.24484500917265,1.962369633562358
762,2023-09-07,133.58999633789062,135.5800018310547,132.9499969482422,135.25999450683594,134.45362854003906,18844300,0,0.0,0.0,37.0,133.65841674804688,130.22897338867188,131.78961181640625,134.4600067138672,131.00999450683594,132.5800018310547,0.005949582610208504,0.5949582610208504,133.04607849121095,130.94965057373048,126.51822540283203,108.38100200653076,0.19679641205692344,133.65841674804688,135.0699462890625,61.89106827969214,2.230539872744572,2.016003681398801
763,2023-09-08,134.91000366210938,136.66000366210938,134.85000610351562,136.3800048828125,135.5669708251953,23558300,0,0.0,0.0,0.0,134.45362854003906,133.7677764892578,131.92877197265625,135.25999450683594,134.57000732421875,132.72000122070312,0.008280492666843164,0.8280492666843164,133.7021453857422,131.28215637207032,126.84029418945312,108.57459106445313,0.19780584594891326,134.45362854003906,135.3582000732422,64.26547338866592,2.2827265165499,2.069348248429021
764,2023-09-11,136.5399932861328,137.47999572753906,135.7899932861328,136.9199981689453,136.10372924804688,20763400,23,0.0,0.0,0.0,135.5669708251953,135.0699462890625,130.76573181152344,136.3800048828125,135.8800048828125,131.5500030517578,0.003959359861655853,0.39593598616558534,134.40194854736328,131.6479621887207,127.19456924438477,108.77995933532715,0.1973937873138666,135.5669708251953,134.85125732421875,65.38523176275085,2.340417846521717,2.1235621680475605
765,2023-09-12,136.25999450683594,136.8699951171875,135.19000244140625,135.33999633789062,134.5331573486328,18405500,23,23.0,0.0,0.0,136.10372924804688,135.3582000732422,127.6146469116211,136.9199981689453,136.1699981689453,128.3800048828125,-0.011539521423044374,-1.1539521423044374,134.83236694335938,131.84726638793944,127.5055046081543,108.97026794433594,0.19932918013851944,136.10372924804688,134.96058654785156,59.5092012181364,2.2336583911729235,2.145581412672633
766,2023-09-13,135.08999633789062,136.89999389648438,134.14999389648438,136.7100067138672,135.89498901367188,20749500,23,23.0,0.0,0.0,134.5331573486328,134.85125732421875,127.6842269897461,135.33999633789062,135.66000366210938,128.4499969482422,0.010122647025297749,1.0122647025297749,135.0450881958008,132.19170074462892,127.8397003173828,109.16037776947022,0.19495168939192087,134.5331573486328,133.65841674804688,62.644035715665396,2.233196290989099,2.163104388335926
767,2023-09-14,137.60000610351562,138.6999969482422,136.24000549316406,138.10000610351562,137.27671813964844,24751000,23,23.0,0.0,0.0,135.89498901367188,134.96058654785156,127.34626007080078,136.7100067138672,135.77000427246094,128.11000061035156,0.01016762381015801,1.016762381015801,135.26576538085936,132.65890045166014,128.1647512817383,109.36236640930176,0.19214489854970832,135.89498901367188,134.45362854003906,65.55766953802278,2.317608122364703,2.1940051351416816
768,2023-09-15,137.97999572753906,138.52000427246094,136.47999572753906,137.39999389648438,136.58087158203125,38919600,23,23.0,0.0,0.0,137.27671813964844,133.65841674804688,130.74588012695312,138.10000610351562,134.4600067138672,131.52999877929688,-0.0050689335165291505,-0.506893351652915,135.38803253173828,133.0306709289551,128.5084896850586,109.56788383483887,0.1931778628431278,137.27671813964844,135.5669708251953,62.89706308836378,2.3018221324090007,2.2155685345951457
769,2023-09-18,136.61000061035156,139.16000366210938,136.61000061035156,138.2100067138672,137.38604736328125,21861300,0,23.0,0.0,0.0,136.58087158203125,134.45362854003906,130.6166229248047,137.39999389648438,135.25999450683594,131.39999389648438,0.005895230949426233,0.5895230949426233,135.64151153564453,133.56496658325196,128.88085617065428,109.78170150756836,0.17527803209868267,136.58087158203125,136.10372924804688,64.68314377256749,2.3274531469604085,2.2379454570681983
770,2023-09-19,137.4199981689453,138.41000366210938,136.6199951171875,138.0399932861328,137.21705627441406,20353700,0,0.0,0.0,0.0,137.38604736328125,135.5669708251953,128.88702392578125,138.2100067138672,136.3800048828125,129.66000366210938,-0.0012300454966895913,-0.12300454966895913,135.86715850830078,134.04558410644532,129.31008178710937,109.96584705352784,0.17587896368813768,137.38604736328125,134.5331573486328,63.986931215165555,2.3075299729590313,2.251862360246365
771,2023-09-20,138.0800018310547,138.0800018310547,133.6199951171875,133.74000549316406,132.9427032470703,29927500,0,0.0,23.0,0.0,137.21705627441406,136.10372924804688,128.91685485839844,138.0399932861328,136.9199981689453,129.69000244140625,-0.03115030407586994,-3.115030407586994,135.79558715820312,134.27719497680664,129.64010284423827,110.12862083435058,0.2147124011115559,137.21705627441406,135.89498901367188,49.48009971934338,1.924649980059229,2.186419884208938
772,2023-09-21,131.44000244140625,132.22999572753906,130.07000732421875,130.44000244140625,129.66236877441406,31503900,0,0.0,23.0,0.0,132.9427032470703,134.5331573486328,128.78761291503906,133.74000549316406,135.33999633789062,129.55999755859375,-0.02467479893619917,-2.467479893619917,135.31646118164062,134.18126983642577,129.86893035888673,110.27772659301758,0.21533494281533935,132.9427032470703,137.27671813964844,41.67180769220168,1.3410603413068998,2.0173479756285304
773,2023-09-22,130.75999450683594,132.02999877929688,129.60000610351562,130.25,129.47349548339844,26397300,0,0.0,23.0,0.0,129.66236877441406,135.89498901367188,130.5470733642578,130.44000244140625,136.7100067138672,131.3300018310547,-0.001456654639282573,-0.1456654639282573,134.70711364746094,134.20462951660156,129.98244934082032,110.43065937042236,0.20350058848750038,129.66236877441406,136.58087158203125,41.267998693751764,0.8534824376870915,1.784574868040243
774,2023-09-25,129.8300018310547,131.1699981689453,128.9600067138672,131.11000061035156,130.32838439941406,20094600,29,0.0,23.0,0.0,129.47349548339844,137.27671813964844,129.0063018798828,130.25,138.10000610351562,129.77999877929688,0.006602810195429187,0.6602810195429187,134.12957916259765,134.26576385498046,130.0955711364746,110.60029201507568,0.20474419360950416,129.47349548339844,137.38604736328125,43.9170380844458,0.529946928861591,1.5336492802045125
775,2023-09-26,129.77000427246094,130.36000061035156,127.22000122070312,128.57000732421875,127.80353546142578,25718700,29,29.0,23.0,0.0,130.32838439941406,136.58087158203125,127.93272399902344,131.11000061035156,137.39999389648438,128.6999969482422,-0.019372978109284622,-1.9372978109284622,133.45661697387695,134.14449195861818,130.1735040283203,110.76743965148925,0.21396634610681228,130.32838439941406,137.21705627441406,38.40722415191152,0.06901296046805783,1.2407220162572217
776,2023-09-27,128.57000732421875,130.89999389648438,128.57000732421875,130.5399932861328,129.76177978515625,22746500,29,29.0,0.0,0.0,127.80353546142578,137.38604736328125,129.1454620361328,128.57000732421875,138.2100067138672,129.9199981689453,0.015322301661377047,1.5322301661377047,132.8432960510254,133.94419212341307,130.30829574584962,110.95049186706542,0.19682615536046932,127.80353546142578,132.9427032470703,44.24933877701845,-0.1366908916278078,0.9652394346802159
777,2023-09-28,129.83999633789062,133.3000030517578,129.7899932861328,132.30999755859375,131.52122497558594,22513100,29,29.0,0.0,0.0,129.76177978515625,137.21705627441406,126.70013427734375,130.5399932861328,138.0399932861328,127.45999908447266,0.013559040214636164,1.3559040214636164,132.26774673461915,133.76675605773926,130.51267013549804,111.14671504974365,0.2001475205290356,129.76177978515625,129.66236877441406,48.93585288392209,-0.1559425452683172,0.7410030386905093
778,2023-09-29,133.27999877929688,134.0500030517578,130.36000061035156,130.86000061035156,130.07986450195312,30859800,29,29.0,0.0,0.0,131.52122497558594,132.9427032470703,127.60470581054688,132.30999755859375,133.74000549316406,128.3699951171875,-0.010959147269958613,-1.0959147269958613,131.61764602661134,133.5028392791748,130.74447982788087,111.33334571838378,0.20258897841343176,131.52122497558594,129.47349548339844,45.55723691007746,-0.28422894934749365,0.5359566410829087
779,2023-10-02,131.2100067138672,134.4199981689453,131.1699981689453,134.1699981689453,133.37014770507812,22288000,0,29.0,0.0,0.0,130.07986450195312,129.66236877441406,128.31048583984375,130.86000061035156,130.44000244140625,129.0800018310547,0.025294331414956295,2.5294331414956295,131.216056060791,133.42878379821778,131.02579299926757,111.52489700317383,0.22417228578075815,130.07986450195312,130.32838439941406,53.456958487396086,-0.11902642979444522,0.404960026907438
780,2023-10-03,133.94000244140625,134.25999450683594,131.83999633789062,132.42999267578125,131.6405029296875,22989400,0,0.0,0.0,0.0,133.37014770507812,129.47349548339844,131.58087158203125,134.1699981689453,130.25,132.3699951171875,-0.012968755041161018,-1.2968755041161018,130.65840072631835,133.26277961730958,131.2424932861328,111.71058338165284,0.2284344728997865,133.37014770507812,127.80353546142578,49.399081971903705,-0.12621519080488497,0.2987249833649734
781,2023-10-04,132.7899932861328,135.57000732421875,132.52999877929688,135.24000549316406,134.4337615966797,26752300,0,0.0,29.0,0.0,131.6405029296875,130.32838439941406,129.0063018798828,132.42999267578125,131.11000061035156,129.77999877929688,0.021218839223701158,2.121883922370116,130.8075065612793,133.30154685974122,131.5015399169922,111.9311605834961,0.23921855430752548,131.6405029296875,129.76177978515625,55.30025737072917,0.09241499199035275,0.2574629850900493
782,2023-10-05,135.07000732421875,135.49000549316406,133.4499969482422,135.07000732421875,134.26475524902344,19832600,0,0.0,29.0,0.0,134.4337615966797,127.80353546142578,129.10569763183594,135.24000549316406,128.57000732421875,129.8800048828125,-0.0012571719012318683,-0.12571719012318683,131.26774520874022,133.29210319519044,131.61684844970702,112.15387485504151,0.23836642682976963,134.4337615966797,131.52122497558594,54.883199717645766,0.24917129559818818,0.25580464719167706
783,2023-10-06,134.00999450683594,138.16000366210938,134.00999450683594,137.5800018310547,136.7598114013672,27597600,0,0.0,29.0,0.0,134.26475524902344,129.76177978515625,130.22897338867188,135.07000732421875,130.5399932861328,131.00999450683594,0.01858310580253253,1.858310580253253,131.99637680053712,133.35174522399902,131.77947326660157,112.39811012268066,0.2457819628864021,134.26475524902344,130.07986450195312,59.71366229974181,0.5681823228784992,0.31828018232904154
784,2023-10-09,136.94000244140625,138.94000244140625,135.61000061035156,138.4199981689453,137.59478759765625,19278100,0,0.0,29.0,0.0,136.7598114013672,131.52122497558594,133.7677764892578,137.5800018310547,132.30999755859375,134.57000732421875,0.006105420793821814,0.6105420793821814,132.72301712036133,133.4262981414795,131.89557678222656,112.64363761901855,0.24629404128344803,136.7598114013672,133.37014770507812,61.210394982578094,0.8782525129259682,0.4302746484484269
785,2023-10-10,138.5,139.72000122070312,137.3300018310547,138.05999755859375,137.2369384765625,27786600,0,0.0,29.0,0.0,137.59478759765625,130.07986450195312,135.0699462890625,138.4199981689453,130.86000061035156,135.8800048828125,-0.002600746200794646,-0.2600746200794646,133.666357421875,133.56148719787598,132.00174011230467,112.88459251403809,0.24243542719683328,137.59478759765625,131.6405029296875,60.17849333225606,1.0826300537257794,0.5607457295038973
786,2023-10-11,138.5800018310547,141.11000061035156,138.5800018310547,140.5500030517578,139.7121124267578,25884300,0,0.0,0.0,0.0,137.2369384765625,133.37014770507812,135.3582000732422,138.05999755859375,134.1699981689453,136.1699981689453,0.01803577067276252,1.8035770672762519,134.66139068603516,133.75234336853026,132.18066772460938,113.1469690322876,0.24790409765881746,137.2369384765625,134.4337615966797,64.6211912545482,1.4278670170035923,0.7341699870038363
787,2023-10-12,141.0500030517578,141.22000122070312,138.25999450683594,138.97000122070312,138.14151000976562,24765500,0,0.0,0.0,0.0,139.7121124267578,131.6405029296875,134.85125732421875,140.5500030517578,132.42999267578125,135.66000366210938,-0.011241705459256846,-1.1241705459256846,135.32341918945312,133.79558296203612,132.39120498657226,113.39418628692627,0.24962093304293037,139.7121124267578,134.26475524902344,60.043560546395646,1.5567896071962082,0.8986939110423108
788,2023-10-13,139.3800048828125,140.0,136.6199951171875,137.36000061035156,136.54110717773438,23420500,0,0.0,0.0,0.0,138.14151000976562,134.4337615966797,134.96058654785156,138.97000122070312,135.24000549316406,135.77000427246094,-0.01158524206024758,-1.158524206024758,135.96954345703125,133.7935947418213,132.56834259033204,113.6425467300415,0.25257959823957665,138.14151000976562,136.7598114013672,55.71275983128564,1.5123886800660102,1.0214328648470508
789,2023-10-16,138.1699981689453,139.6300048828125,137.99000549316406,139.10000610351562,138.270751953125,28501900,0,0.0,0.0,0.0,136.54110717773438,134.26475524902344,133.65841674804688,137.36000061035156,135.07000732421875,134.4600067138672,0.012667575436744904,1.2667575436744904,136.45960388183593,133.83782997131348,132.7868324279785,113.90636459350586,0.2557623168461251,136.54110717773438,137.59478759765625,59.14267940025438,1.5983437912622094,1.1368150501300827
790,2023-10-17,138.6300048828125,139.89999389648438,137.17999267578125,139.72000122070312,138.88702392578125,23515800,0,0.0,0.0,0.0,138.270751953125,136.7598114013672,134.45362854003906,139.10000610351562,137.5800018310547,135.25999450683594,0.004456994439902662,0.4456994439902662,137.18425598144532,133.92132835388185,132.94965530395507,114.1611862564087,0.2560649316772721,138.270751953125,137.2369384765625,60.32179798315895,1.6966340922544703,1.2487788585549602
791,2023-10-18,139.4499969482422,140.72000122070312,137.3800048828125,137.9600067138672,137.13754272460938,23375000,0,0.0,0.0,0.0,138.88702392578125,137.59478759765625,135.5669708251953,139.72000122070312,138.4199981689453,136.3800048828125,-0.012596433790004524,-1.2596433790004524,137.4546340942383,134.13107032775878,133.08007369995119,114.40835388183594,0.23284518151180164,138.88702392578125,139.7121124267578,55.431184849088574,1.6147475474426187,1.321972596332492
792,2023-10-19,138.5,139.66000366210938,137.3800048828125,137.75,136.9287872314453,26066000,0,0.0,0.0,23.0,137.13754272460938,137.2369384765625,136.10372924804688,137.9600067138672,138.05999755859375,136.9199981689453,-0.0015222344590443138,-0.15222344590443138,137.72103729248047,134.49439125061036,133.24090896606447,114.65005432128906,0.21165890853594946,137.13754272460938,138.14151000976562,54.859633506330724,1.5155368812841346,1.3606854533228208
793,2023-10-20,137.3300018310547,137.8699951171875,135.0800018310547,135.60000610351562,134.79161071777344,26335700,0,0.0,0.0,23.0,136.9287872314453,139.7121124267578,134.5331573486328,137.75,140.5500030517578,135.33999633789062,-0.015607941594191543,-1.5607941594191543,137.5242172241211,134.7602970123291,133.35840408325194,114.88623783111572,0.2211921718179733,136.9287872314453,136.54110717773438,49.25973306760183,1.2500496359806448,1.3385582898543855
794,2023-10-23,135.0399932861328,137.66000366210938,133.9499969482422,136.5,135.68626403808594,26317900,52,0.0,0.0,23.0,134.79161071777344,138.14151000976562,135.89498901367188,135.60000610351562,138.97000122070312,136.7100067138672,0.006637307140618054,0.6637307140618054,137.33336486816407,135.0281909942627,133.4963771057129,115.13623859405517,0.22120150578612874,134.79161071777344,138.270751953125,51.49196911808265,1.0991695846027483,1.290680548804058
795,2023-10-24,137.8300018310547,139.36000061035156,137.4199981689453,138.80999755859375,137.98245239257812,44814300,52,52.0,0.0,23.0,135.68626403808594,136.54110717773438,137.27671813964844,136.5,137.36000061035156,138.10000610351562,0.0169227767509883,1.69227767509883,137.4079162597656,135.53713684082032,133.6450846862793,115.39205429077148,0.21177107476437862,135.68626403808594,138.88702392578125,56.75094746999924,1.1516042896126066,1.2628652969657679
796,2023-10-25,128.16000366210938,128.30999755859375,125.06999969482422,125.61000061035156,124.86116790771484,84366200,52,52.0,0.0,23.0,137.98245239257812,138.270751953125,136.58087158203125,138.80999755859375,139.10000610351562,137.39999389648438,-0.09509386343947213,-9.509386343947213,135.92282180786134,135.29210624694824,133.56218200683594,115.57888381958008,0.4062949364844138,137.98245239257812,137.13754272460938,34.040139226735846,0.13284976295474848,1.0368621901635642
797,2023-10-26,123.2699966430664,124.33000183105469,121.2699966430664,122.27999877929688,121.55101776123047,57061100,52,52.0,0.0,0.0,124.86116790771484,138.88702392578125,137.38604736328125,125.61000061035156,139.72000122070312,138.2100067138672,-0.026510645398823418,-2.651064539882342,134.2637725830078,134.79359588623046,133.43454788208007,115.7471745300293,0.41133425022466413,124.86116790771484,136.9287872314453,30.70215445305969,-0.9308912569435392,0.6433115007421435
798,2023-10-27,122.87999725341797,123.30999755859375,120.20999908447266,122.16999816894531,121.44166564941406,44566500,52,52.0,0.0,0.0,121.55101776123047,137.13754272460938,137.21705627441406,122.27999877929688,137.9600067138672,138.0399932861328,-0.0008996396231845116,-0.08996396231845116,132.7538284301758,134.3616859436035,133.2804719543457,115.8995108795166,0.4104966128335404,121.55101776123047,134.79161071777344,30.59541780107699,-1.7624213839381468,0.16216492380608538
799,2023-10-30,123.20999908447266,125.4000015258789,122.75,124.45999908447266,123.718017578125,28940100,45,52.0,0.0,0.0,121.44166564941406,136.9287872314453,132.9427032470703,122.16999816894531,137.75,133.74000549316406,0.0187444063496498,1.87444063496498,131.29855499267578,133.87907943725585,133.22082962036131,116.06516738891601,0.4051110616107467,121.44166564941406,135.68626403808594,35.61348590756718,-2.2122311998465705,-0.31271430092444574
800,2023-10-31,125.05999755859375,125.37000274658203,122.69000244140625,124.08000183105469,123.34027862548828,26292300,45,45.0,0.0,0.0,123.718017578125,134.79161071777344,129.66236877441406,124.45999908447266,135.60000610351562,130.44000244140625,-0.0030532250680317397,-0.30532250680317397,129.74388046264647,133.4640682220459,133.13554107666016,116.22401470184326,0.4035389867100802,123.718017578125,137.98245239257812,35.15920498104474,-2.569568707679224,-0.7640851822754013
801,2023-11-01,124.06999969482422,126.48999786376953,123.72000122070312,126.44999694824219,125.69615936279297,30082400,45,45.0,52.0,0.0,123.34027862548828,135.68626403808594,129.47349548339844,124.08000183105469,136.5,130.25,0.019100660088973154,1.9100660088973154,128.59974212646483,133.02718811035157,133.08325454711914,116.39876667022705,0.40192461080947983,123.34027862548828,124.86116790771484,40.27607702790124,-2.632317651208382,-1.1377316760619975
802,2023-11-02,128.4199981689453,128.97999572753906,126.93000030517578,127.48999786376953,126.7299575805664,27124600,45,45.0,52.0,29.0,125.69615936279297,137.98245239257812,130.32838439941406,126.44999694824219,138.80999755859375,131.11000061035156,0.008224580790807012,0.8224580790807012,127.57985916137696,132.65044822692872,132.98623626708985,116.57953254699707,0.40388552491301605,125.69615936279297,121.55101776123047,42.42326669331512,-2.569013773054621,-1.4239880954605224
803,2023-11-03,128.02000427246094,129.52999877929688,127.86000061035156,129.10000610351562,128.3303680419922,26393100,45,45.0,52.0,29.0,126.7299575805664,124.86116790771484,127.80353546142578,127.48999786376953,125.61000061035156,128.57000732421875,0.012628509406770183,1.2628509406770183,126.93373489379883,132.22897605895997,132.97271759033202,116.7587080001831,0.40028788300791246,126.7299575805664,121.44166564941406,45.679150660367135,-2.3624721362898526,-1.6116849036263885
804,2023-11-06,129.0500030517578,130.33999633789062,128.6699981689453,130.25,129.47349548339844,19052700,0,45.0,52.0,29.0,128.3303680419922,121.55101776123047,129.76177978515625,129.10000610351562,122.27999877929688,130.5399932861328,0.00890769237903366,0.890769237903366,126.31245803833008,131.82291145324706,132.98007354736328,116.91889728546143,0.40124272315378257,128.3303680419922,123.718017578125,47.94350692326933,-2.0825393527718177,-1.7058557934554743
805,2023-11-07,130.7100067138672,131.91000366210938,129.8800048828125,130.97000122070312,130.18922424316406,29757300,0,0.0,52.0,29.0,129.47349548339844,121.44166564941406,131.52122497558594,130.25,122.16999816894531,132.30999755859375,0.005527994413786486,0.5527994413786486,125.53313522338867,131.47052574157715,132.97927856445312,117.07386791229249,0.40231062951838203,129.47349548339844,123.34027862548828,49.36666531589188,-1.7823909819684047,-1.7211628311580605
806,2023-11-08,130.97000122070312,132.2100067138672,130.77999877929688,131.83999633789062,131.0540313720703,26425800,0,0.0,45.0,29.0,130.18922424316406,123.718017578125,130.07986450195312,130.97000122070312,124.45999908447266,130.86000061035156,0.006642693617184392,0.6642693617184392,126.15242156982421,131.03762168884276,132.92500366210936,117.24355030059814,0.39666064769450493,130.18922424316406,125.69615936279297,51.10602404577145,-1.4579323907770174,-1.668516743081852
807,2023-11-09,131.9600067138672,132.5500030517578,130.07000732421875,130.24000549316406,129.46356201171875,23747800,0,0.0,45.0,0.0,131.0540313720703,123.34027862548828,133.37014770507812,131.83999633789062,124.08000183105469,134.1699981689453,-0.012135981958739772,-1.2135981958739772,126.94367599487305,130.60372428894044,132.8128759765625,117.41760639190674,0.3969232195904156,131.0540313720703,126.7299575805664,47.85043730454758,-1.31398737638699,-1.5976108697428797
808,2023-11-10,130.10000610351562,132.8000030517578,129.41000366210938,132.58999633789062,131.79954528808594,26913300,0,0.0,45.0,0.0,129.46356201171875,125.69615936279297,131.6405029296875,130.24000549316406,126.44999694824219,132.42999267578125,0.01804355789434986,1.804355789434986,127.97946395874024,130.366646194458,132.74170288085938,117.59191097259522,0.40224920769867445,129.46356201171875,128.3303680419922,52.62402037895068,-0.9998894840762205,-1.478066592609548
809,2023-11-13,131.77999877929688,132.58999633789062,131.25,132.08999633789062,131.30255126953125,18324800,0,0.0,45.0,0.0,131.79954528808594,126.7299575805664,134.4337615966797,132.58999633789062,127.48999786376953,135.24000549316406,-0.0037708325735750226,-0.37708325735750226,128.73791732788087,130.01823616027832,132.67072875976564,117.7545357131958,0.3988171097023648,131.79954528808594,129.47349548339844,51.54301038244175,-0.782052886349021,-1.3388638513574427
810,2023-11-14,134.19000244140625,135.6999969482422,133.32000732421875,133.6199951171875,132.8234100341797,32395200,0,0.0,45.0,0.0,131.30255126953125,128.3303680419922,134.26475524902344,132.08999633789062,129.10000610351562,135.07000732421875,0.011582857682075787,1.1582857682075787,129.68623046875,129.71505546569824,132.6279852294922,117.93684230804443,0.40120569108461474,131.30255126953125,130.18922424316406,54.6154020897899,-0.4811488369742847,-1.167320848480811
811,2023-11-15,134.8699951171875,135.02999877929688,133.57000732421875,134.6199951171875,133.81744384765625,23861500,0,0.0,0.0,0.0,132.8234100341797,129.47349548339844,136.7598114013672,133.6199951171875,130.25,137.5800018310547,0.007483875118254879,0.7483875118254879,130.49835891723632,129.54905052185057,132.63116577148438,118.11467575073242,0.40044363301861474,132.8234100341797,131.0540313720703,56.55433832198713,-0.16061847884523672,-0.9659803745536963
812,2023-11-16,135.19000244140625,137.22000122070312,134.32000732421875,136.92999267578125,136.11367797851562,28013200,0,0.0,0.0,0.0,133.81744384765625,130.18922424316406,137.59478759765625,134.6199951171875,130.97000122070312,138.4199981689453,0.017159452944516707,1.7159452944516707,131.43673095703124,129.5082950592041,132.6643667602539,118.29608776092529,0.4055217295563679,133.81744384765625,129.46356201171875,60.72817813006954,0.27551507689528876,-0.7176812842638994
813,2023-11-17,136.0,136.05999755859375,133.64999389648438,135.30999755859375,134.50335693359375,37240600,0,0.0,0.0,0.0,136.11367797851562,131.0540313720703,137.2369384765625,136.92999267578125,131.83999633789062,138.05999755859375,-0.0118307070151763,-1.18307070151763,132.0540298461914,129.4938823699951,132.64309448242187,118.43311603546142,0.403808261550582,136.11367797851562,131.79954528808594,56.62007987097505,0.48561672436895265,-0.4770216825373291
814,2023-11-20,133.69000244140625,136.66000366210938,133.6199951171875,136.25,135.43771362304688,27815500,0,0.0,0.0,0.0,134.50335693359375,129.46356201171875,139.7121124267578,135.30999755859375,130.24000549316406,140.5500030517578,0.0069467165039935885,0.6946716503993589,132.65045166015625,129.48145484924316,132.6297741699219,118.5895278930664,0.403875011191307,134.50335693359375,131.30255126953125,58.37939591644705,0.7192277598745704,-0.23777179405494922
815,2023-11-21,136.2899932861328,137.17999267578125,135.9600067138672,136.97000122070312,136.1534423828125,22635300,0,0.0,0.0,0.0,135.43771362304688,131.79954528808594,138.14151000976562,136.25,132.58999633789062,138.97000122070312,0.005284560264784632,0.5284560264784632,133.2468734741211,129.39000434875487,132.66217987060546,118.7588623046875,0.39958555448592875,135.43771362304688,132.8234100341797,59.72678153107127,0.9511551929172413,1.3603339488854616e-05
816,2023-11-22,137.47000122070312,139.4199981689453,137.47000122070312,138.49000549316406,137.66436767578125,17813900,0,0.0,0.0,0.0,136.1534423828125,131.30255126953125,136.54110717773438,136.97000122070312,132.08999633789062,137.36000061035156,0.011097224326657829,1.1097224326657829,133.90790710449218,130.0301643371582,132.69756744384765,118.91219268798828,0.18674985995233784,136.1534423828125,133.81744384765625,62.48759841469019,1.2425549978123627,0.24852188223406363
817,2023-11-24,138.02999877929688,138.1300048828125,135.99000549316406,136.69000244140625,135.87510681152344,12514300,0,0.0,0.0,0.0,137.66436767578125,132.8234100341797,138.270751953125,138.49000549316406,133.6199951171875,139.10000610351562,-0.01299726933313472,-1.299726933313472,134.54906158447267,130.74636878967286,132.66953521728516,119.09768020629883,0.16092207233560174,137.66436767578125,136.11367797851562,57.46381322882519,1.3139664569453942,0.4616107971763298
818,2023-11-27,136.02999877929688,138.4199981689453,136.0,136.41000366210938,135.59677124023438,23436500,21,0.0,0.0,0.0,135.87510681152344,133.81744384765625,138.88702392578125,136.69000244140625,134.6199951171875,139.72000122070312,-0.002048466255670789,-0.2048466255670789,134.9287841796875,131.45412406921386,132.6498532104492,119.30344612121581,0.16159102936729047,135.87510681152344,134.50335693359375,56.70015123390128,1.3327382217251795,0.6358362820860998
819,2023-11-28,136.0800018310547,137.25,135.4199981689453,137.1999969482422,136.38204956054688,18730000,21,21.0,0.0,0.0,135.59677124023438,136.11367797851562,137.13754272460938,136.41000366210938,136.92999267578125,137.9600067138672,0.005791275950968178,0.5791275950968178,135.43673400878907,132.08732566833496,132.62977325439454,119.51532535552978,0.15395258807409273,135.59677124023438,135.43771362304688,58.380662681111055,1.394900829691835,0.7876491916072468
820,2023-11-29,137.57000732421875,138.2899932861328,134.83999633789062,134.99000549316406,134.18524169921875,23967200,21,21.0,0.0,0.0,136.38204956054688,134.50335693359375,136.9287872314453,137.1999969482422,135.30999755859375,137.75,-0.016107749285237505,-1.6107749285237505,135.57291717529296,132.62957382202148,132.56913696289064,119.71602169036865,0.1691536008177982,136.38204956054688,136.1534423828125,52.269087436373226,1.2524634899621105,0.8806120512782196
821,2023-11-30,135.0500030517578,135.5500030517578,131.27999877929688,132.52999877929688,131.7399139404297,38988300,21,21.0,0.0,0.0,134.18524169921875,135.43771362304688,134.79161071777344,134.99000549316406,136.25,135.60000610351562,-0.018223522406960013,-1.8223522406960013,135.36516418457032,132.93176155090333,132.5450811767578,119.90414348602295,0.17745129791021205,134.18524169921875,137.66436767578125,46.44112717360795,0.9315253143734878,0.8907947038972733
822,2023-12-01,131.86000061035156,132.11000061035156,130.6699981689453,131.86000061035156,131.07391357421875,31442300,21,21.0,0.0,52.0,131.7399139404297,136.1534423828125,135.68626403808594,132.52999877929688,136.97000122070312,136.5,-0.005055418257765787,-0.5055418257765787,134.86118774414064,133.14895935058593,132.5733120727539,120.07770259857178,0.1779407016675422,131.7399139404297,135.87510681152344,44.9704381323449,0.616334118367007,0.8359025867912202
823,2023-12-04,129.8800048828125,130.02999877929688,127.9000015258789,129.27000427246094,128.49932861328125,36669900,23,21.0,0.0,52.0,131.07391357421875,137.66436767578125,137.98245239257812,131.86000061035156,138.49000549316406,138.80999755859375,-0.01964223765608153,-1.964223765608153,134.2607849121094,133.15740737915038,132.55382873535157,120.24549621582031,0.18833251042602828,131.07391357421875,135.59677124023438,39.73227541606315,0.15698570161060843,0.7001192097550979
824,2023-12-05,128.9499969482422,132.13999938964844,128.25,130.99000549316406,130.2091064453125,27384800,23,23.0,0.0,52.0,128.49932861328125,135.87510681152344,124.86116790771484,129.27000427246094,136.69000244140625,125.61000061035156,0.01330573358228837,1.330573358228837,133.73792419433593,133.1941879272461,132.55144317626954,120.42760417938233,0.1916678573627548,128.49932861328125,136.38204956054688,44.36677886475728,-0.06829913633120555,0.5464355405378372
825,2023-12-06,131.44000244140625,131.83999633789062,129.8800048828125,130.02000427246094,129.244873046875,23576200,23,23.0,21.0,52.0,130.2091064453125,135.59677124023438,121.55101776123047,130.99000549316406,136.41000366210938,122.27999877929688,-0.007405268531218145,-0.7405268531218145,133.04706726074218,133.14697036743163,132.58026992797852,120.61761459350586,0.19253222792030017,130.2091064453125,134.18524169921875,42.387167308486134,-0.32094491708596706,0.3729594490130763
826,2023-12-07,135.0399932861328,138.55999755859375,134.6999969482422,136.92999267578125,136.11367797851562,56767100,23,23.0,21.0,52.0,129.244873046875,136.38204956054688,121.44166564941406,130.02000427246094,137.1999969482422,122.16999816894531,0.05314566659173714,5.314566659173714,132.89199829101562,133.39995269775392,132.70730789184572,120.84266487121582,0.2699504365594278,129.244873046875,131.7399139404297,57.07899080998382,0.032709578773619796,0.304909474965185
827,2023-12-08,134.1999969482422,136.39999389648438,134.02999877929688,134.99000549316406,134.18524169921875,32260100,23,23.0,21.0,45.0,136.11367797851562,134.18524169921875,123.718017578125,136.92999267578125,134.99000549316406,124.45999908447266,-0.014167836090662855,-1.4167836090662855,132.72301177978517,133.63603668212892,132.76058822631836,121.06185035705566,0.2714568698061805,136.11367797851562,131.07391357421875,52.99311890056547,0.15558118055704995,0.275043816083558
828,2023-12-11,132.3800048828125,133.33999633789062,131.36000061035156,133.2899932861328,132.49537658691406,31138000,32,23.0,21.0,45.0,134.18524169921875,131.7399139404297,123.34027862548828,134.99000549316406,132.52999877929688,124.08000183105469,-0.012593524376492748,-1.2593524376492748,132.41287231445312,133.67082824707032,132.8088984680176,121.28133403778077,0.26910951235479713,134.18524169921875,128.49932861328125,49.63983574403528,0.11527104558180667,0.24308926198320774
829,2023-12-12,131.80999755859375,133.0,131.25999450683594,132.52000427246094,131.72996520996094,29032800,32,32.0,21.0,45.0,132.49537658691406,131.07391357421875,125.69615936279297,133.2899932861328,131.86000061035156,126.44999694824219,-0.005776891214396729,-0.5776891214396729,131.94766387939453,133.69219894409179,132.77609481811524,121.49331268310547,0.26961538982988653,132.49537658691406,130.2091064453125,48.15353572042405,0.021316943430207402,0.19873479827260768
830,2023-12-13,133.3800048828125,133.5,131.57000732421875,132.57000732421875,131.77967834472656,30104800,32,32.0,23.0,45.0,131.72996520996094,128.49932861328125,126.7299575805664,132.52000427246094,129.27000427246094,127.48999786376953,0.00037738668408815457,0.03773866840881546,131.7071075439453,133.64001235961913,132.77887832641602,121.7045955657959,0.2663082163221204,131.72996520996094,129.244873046875,48.261890388226966,-0.048571028341825695,0.149273632949721
831,2023-12-14,133.3800048828125,133.72000122070312,129.69000244140625,131.94000244140625,131.1534423828125,38722400,32,32.0,23.0,45.0,131.77967834472656,130.2091064453125,128.3303680419922,132.57000732421875,130.99000549316406,129.10000610351562,-0.00475214365204224,-0.475214365204224,131.6484603881836,133.50681228637694,132.71327194213868,121.91125625610351,0.2651266398421281,131.77967834472656,136.11367797851562,46.93130530184797,-0.15272919089886727,0.08887306818000336
832,2023-12-15,131.6199951171875,133.50999450683594,131.17999267578125,132.60000610351562,131.80947875976562,50847100,32,32.0,23.0,0.0,131.1534423828125,129.244873046875,129.47349548339844,131.94000244140625,130.02000427246094,130.25,0.005002052291073422,0.5002052291073422,131.72201690673828,133.29160232543944,132.66416641235352,122.11304599761962,0.25756282383841234,131.1534423828125,134.18524169921875,48.53214910033129,-0.18026069911798004,0.03504631472040669
833,2023-12-18,132.6300048828125,137.14999389648438,132.42999267578125,135.8000030517578,134.99041748046875,32258000,0,32.0,23.0,0.0,131.80947875976562,136.11367797851562,130.18922424316406,132.60000610351562,136.92999267578125,130.97000122070312,0.024132852588702347,2.4132852588702347,132.37112579345703,133.3159553527832,132.62877853393556,122.32253955841064,0.26974654026502926,131.80947875976562,132.49537658691406,55.53591994749171,0.053973381269202036,0.03883172803016576
834,2023-12-19,136.83999633789062,137.47000122070312,136.0800018310547,136.64999389648438,135.83534240722656,25476800,0,0.0,23.0,0.0,134.99041748046875,134.18524169921875,131.0540313720703,135.8000030517578,134.99000549316406,131.83999633789062,0.006259147445633051,0.6259147445633051,132.93374938964843,133.3358367919922,132.59358963012696,122.52890193939209,0.2695333206106597,134.99041748046875,131.72996520996094,57.201892945759155,0.30427644830800205,0.09192067208573303
835,2023-12-20,138.97000122070312,141.6999969482422,138.07000732421875,138.33999633789062,137.5152587890625,49107200,0,0.0,32.0,0.0,135.83534240722656,132.49537658691406,129.46356201171875,136.64999389648438,133.2899932861328,130.24000549316406,0.012367299644297614,1.2367299644297614,133.7607879638672,133.4039276123047,132.59915603637694,122.7499760055542,0.27243403579555275,135.83534240722656,131.77967834472656,60.38039850675746,0.6309257256123999,0.19972168279106642
836,2023-12-21,139.49000549316406,140.69000244140625,139.17999267578125,140.4199981689453,139.5828857421875,27488300,0,0.0,32.0,0.0,137.5152587890625,131.72996520996094,131.79954528808594,138.33999633789062,132.52000427246094,132.58999633789062,0.015035618383968385,1.5035618383968385,134.1077087402344,133.499853515625,132.59657150268555,122.97944984436035,0.274788461010353,137.5152587890625,131.1534423828125,63.930998425044805,1.044596389554755,0.3686966241438041
837,2023-12-22,140.77000427246094,141.99000549316406,140.7100067138672,141.49000549316406,140.64649963378906,26532200,0,0.0,32.0,0.0,139.5828857421875,131.77967834472656,131.30255126953125,140.4199981689453,132.57000732421875,132.08999633789062,0.007619944851735561,0.7619944851735561,134.75383453369142,133.7384231567383,132.64667129516602,123.22383422851563,0.2707419084573189,139.5828857421875,131.80947875976562,65.63699917488654,1.441639796935874,0.5832852587022181
838,2023-12-26,141.58999633789062,142.67999267578125,141.19000244140625,141.52000427246094,140.67633056640625,16780300,0,0.0,32.0,0.0,140.64649963378906,131.1534423828125,132.8234100341797,141.49000549316406,131.94000244140625,133.6199951171875,0.00021209864941429402,0.0212098649414294,135.57192993164062,133.99240112304688,132.72937576293944,123.47676734924316,0.2704274546373029,140.64649963378906,134.99041748046875,65.68602034798403,1.738664423589256,0.8143610916796258
839,2023-12-27,141.58999633789062,142.0800018310547,139.88999938964844,140.3699951171875,139.5331573486328,19628600,0,0.0,32.0,0.0,140.67633056640625,131.80947875976562,133.81744384765625,141.52000427246094,132.60000610351562,134.6199951171875,-0.008126265542829247,-0.8126265542829247,136.3522491455078,134.14995651245118,132.7546238708496,123.72159893035888,0.2723291345974326,140.67633056640625,135.83534240722656,62.03384825008463,1.8603688809615448,1.0235626495360095
840,2023-12-28,140.77999877929688,141.13999938964844,139.75,140.22999572753906,139.3939971923828,16045700,0,0.0,0.0,0.0,139.5331573486328,134.99041748046875,136.11367797851562,140.3699951171875,135.8000030517578,136.92999267578125,-0.0009973267923859552,-0.09973267923859552,137.11368103027343,134.41039428710937,132.76476333618163,123.95151996612549,0.2647083060850341,139.5331573486328,137.5152587890625,61.58495768141663,1.9234194960000934,1.2035340188288264
841,2023-12-29,139.6300048828125,140.36000061035156,138.77999877929688,139.69000244140625,138.85723876953125,18733000,0,0.0,0.0,0.0,139.3939971923828,135.83534240722656,134.50335693359375,140.22999572753906,136.64999389648438,135.30999755859375,-0.0038506566542514387,-0.38506566542514387,137.88406066894532,134.76626052856446,132.79915725708008,124.16812103271485,0.2548515401283703,139.3939971923828,139.5828857421875,59.787853064844185,1.908080479794279,1.344443311021917
842,2024-01-02,138.5500030517578,139.4499969482422,136.47999572753906,138.1699981689453,137.34628295898438,23711200,0,0.0,0.0,0.0,138.85723876953125,137.5152587890625,135.43771362304688,139.69000244140625,138.33999633789062,136.25,-0.010881361489945007,-1.0881361489945007,138.4377410888672,135.07987899780272,132.80750717163085,124.35624279022217,0.2580386109373873,138.85723876953125,140.64649963378906,54.92875106858715,1.753786137711387,1.426311876359811
843,2024-01-03,137.25,139.6300048828125,137.0800018310547,138.9199981689453,138.09181213378906,24212100,0,0.0,0.0,0.0,137.34628295898438,139.5828857421875,136.1534423828125,138.1699981689453,140.4199981689453,136.97000122070312,0.0054280986623229666,0.5428098662322967,138.7478805541992,135.55950317382812,132.87351119995117,124.54163089752197,0.24454580416585897,137.34628295898438,140.67633056640625,56.794608947274305,1.6723865031555363,1.4755268017189562
844,2024-01-04,138.4199981689453,139.16000366210938,136.35000610351562,136.38999938964844,135.57688903808594,27137700,0,0.0,0.0,0.0,138.09181213378906,140.64649963378906,137.66436767578125,138.9199981689453,141.49000549316406,138.49000549316406,-0.018211963887233007,-1.8211963887233007,138.72203521728517,135.8278923034668,132.87132369995118,124.71643253326415,0.25357875012426256,138.09181213378906,139.5331573486328,49.36980293977167,1.3889326792376835,1.4582079772227017
845,2024-01-05,136.75,137.16000366210938,135.14999389648438,135.72999572753906,134.92080688476562,22513900,0,0.0,0.0,0.0,135.57688903808594,140.67633056640625,135.87510681152344,136.38999938964844,141.52000427246094,136.69000244140625,-0.004839188728810617,-0.4839188728810617,138.46259002685548,136.11168899536133,132.8100907897949,124.8695640182495,0.25245862922671075,135.57688903808594,139.3939971923828,47.62079089675806,1.0986881419518397,1.3863040101685293
846,2024-01-08,136.2899932861328,139.00999450683594,136.25999450683594,138.83999633789062,138.01229858398438,21404000,0,0.0,0.0,21.0,134.92080688476562,139.5331573486328,135.59677124023438,135.72999572753906,140.3699951171875,136.41000366210938,0.02291337986037356,2.291337986037356,138.30553131103517,136.20662002563478,133.07311340332032,125.04585674285889,0.1856102519582081,134.92080688476562,138.85723876953125,55.60232194816399,1.1053826355607157,1.3301197352469667
847,2024-01-09,138.5,141.49000549316406,138.14999389648438,140.9499969482422,140.10971069335938,24759600,0,0.0,0.0,21.0,138.01229858398438,139.3939971923828,136.38204956054688,138.83999633789062,140.22999572753906,137.1999969482422,0.015197284089132568,1.5197284089132568,138.2518524169922,136.5028434753418,133.4442872619629,125.2215530014038,0.1835488482760177,138.01229858398438,137.34628295898438,60.05010211825344,1.265345582178071,1.3171649046331877
848,2024-01-10,141.0,143.0,140.91000366210938,142.27999877929688,141.43177795410156,21320200,0,0.0,0.0,21.0,140.10971069335938,138.85723876953125,134.18524169921875,140.9499969482422,139.69000244140625,134.99000549316406,0.009435943120570833,0.9435943120570833,138.32739715576173,136.94966354370118,133.84408950805664,125.40465480804443,0.1764797513067574,140.10971069335938,138.09181213378906,62.59388545993423,1.4817168394197893,1.350075291590508
849,2024-01-11,143.49000549316406,145.22000122070312,140.63999938964844,142.0800018310547,141.23297119140625,24008700,0,0.0,0.0,21.0,141.43177795410156,137.34628295898438,131.7399139404297,142.27999877929688,138.1699981689453,132.52999877929688,-0.0014056725127208347,-0.14056725127208347,138.49737854003905,137.42481384277343,134.19438858032225,125.60157382965087,0.17415570514814527,141.43177795410156,135.57688903808594,61.95502899182292,1.6184935887882546,1.4037589510300574
850,2024-01-12,142.6699981689453,143.1999969482422,141.82000732421875,142.64999389648438,141.79959106445312,18785500,0,0.0,0.0,21.0,141.23297119140625,138.09181213378906,131.07391357421875,142.0800018310547,138.9199981689453,131.86000061035156,0.004011951800397595,0.4011951800397595,138.7379379272461,137.92580947875976,134.56357482910155,125.80843326568603,0.17375609925771895,141.23297119140625,134.92080688476562,63.11065591429883,1.7524109339919107,1.473489347622428
851,2024-01-16,142.0,144.35000610351562,141.4499969482422,142.49000549316406,141.64053344726562,22670500,0,0.0,0.0,23.0,141.79959106445312,135.57688903808594,128.49932861328125,142.64999389648438,136.38999938964844,129.27000427246094,-0.0011217071642696252,-0.11217071642696252,139.01626739501953,138.4501640319824,134.88246231079103,126.01270820617675,0.17187390177123593,141.79959106445312,138.01229858398438,62.5364063590815,1.824673079045425,1.5437260939070274
852,2024-01-17,141.35000610351562,141.83999633789062,138.89999389648438,141.47000122070312,140.62661743164062,20968600,0,0.0,0.0,23.0,141.64053344726562,134.92080688476562,130.2091064453125,142.49000549316406,135.72999572753906,130.99000549316406,-0.007158374731781825,-0.7158374731781825,139.34430084228515,138.89102096557616,135.1603955078125,126.21439861297607,0.17621382707329744,141.64053344726562,140.10971069335938,58.859785529189914,1.7796125352734578,1.5909033821803136
853,2024-01-18,142.0500030517578,144.2100067138672,141.99000549316406,143.47999572753906,142.6246337890625,25746400,0,0.0,0.0,23.0,140.62661743164062,138.01229858398438,129.244873046875,141.47000122070312,138.83999633789062,130.02000427246094,0.014207952903319443,1.4207952903319443,139.7975830078125,139.27273178100586,135.44628082275392,126.4119637298584,0.16373164016539235,140.62661743164062,141.43177795410156,63.423325693817105,1.883414125955568,1.6494055309353646
854,2024-01-19,144.74000549316406,146.4499969482422,144.3800048828125,146.3800048828125,145.50732421875,34271900,0,0.0,0.0,23.0,142.6246337890625,140.10971069335938,136.11367797851562,143.47999572753906,140.9499969482422,136.92999267578125,0.02021172887953493,2.021172887953493,140.7906265258789,139.75633087158204,135.76695739746094,126.62081111907959,0.17475536002321052,142.6246337890625,141.23297119140625,68.8006319675088,2.173234960613712,1.7541714168710343
855,2024-01-22,147.10000610351562,148.38999938964844,145.83999633789062,145.99000549316406,145.1196746826172,32200400,24,0.0,0.0,23.0,145.50732421875,141.43177795410156,134.18524169921875,146.3800048828125,142.27999877929688,134.99000549316406,-0.002664123872898938,-0.2664123872898938,141.81051330566407,140.13655166625978,136.06556640625,126.82593097686768,0.17277631711440977,145.50732421875,141.79959106445312,67.36636622429015,2.3446127460177593,1.8722596827003792
856,2024-01-23,145.88999938964844,147.17999267578125,145.5,147.0399932861328,146.1634063720703,21636100,24,24.0,0.0,32.0,145.1196746826172,141.23297119140625,132.49537658691406,145.99000549316406,142.0800018310547,133.2899932861328,0.007192213541932224,0.7192213541932224,142.62562408447266,140.4655776977539,136.36775390625,127.03751201629639,0.16754364009683584,145.1196746826172,141.64053344726562,69.22651695196004,2.535424504726393,2.004892647105582
857,2024-01-24,148.5399932861328,149.85000610351562,148.10000610351562,148.6999969482422,147.81349182128906,25233500,24,24.0,0.0,32.0,146.1634063720703,141.79959106445312,131.72996520996094,147.0399932861328,142.64999389648438,132.52000427246094,0.01128931987954851,1.128931987954851,143.39600219726563,140.8239273071289,136.7347525024414,127.23771129608154,0.16956599061282984,146.1634063720703,140.62661743164062,71.94881780006256,2.7876579184132595,2.1614457013671173
858,2024-01-25,150.07000732421875,153.0500030517578,149.5399932861328,151.8699951171875,150.964599609375,29149100,24,24.0,0.0,32.0,147.81349182128906,141.64053344726562,131.77967834472656,148.6999969482422,142.49000549316406,132.57000732421875,0.021318133745840573,2.1318133745840573,144.34928436279296,141.33834075927734,137.11805358886718,127.46350704193115,0.1818267206854234,147.81349182128906,142.6246337890625,76.26660167866407,3.2048789302555747,2.370132347144809
859,2024-01-26,151.10000610351562,152.5399932861328,151.00999450683594,152.19000244140625,151.28269958496094,26115500,24,24.0,0.0,32.0,150.964599609375,140.62661743164062,131.1534423828125,151.8699951171875,141.47000122070312,131.94000244140625,0.002107116346541149,0.2107116346541149,145.35425720214843,141.92581787109376,137.5176565551758,127.69631080627441,0.17662955977164607,150.964599609375,145.50732421875,76.65721536375993,3.5206141492071765,2.6002287075572825
860,2024-01-29,152.05999755859375,153.77999877929688,151.42999267578125,153.50999450683594,152.5948486328125,27784300,25,24.0,0.0,32.0,151.28269958496094,142.6246337890625,131.80947875976562,152.19000244140625,143.47999572753906,132.60000610351562,0.0086734904351351,0.86734904351351,146.43378295898438,142.58586044311522,137.91308532714845,127.93920417785644,0.17625676029932158,151.28269958496094,145.1196746826172,78.2475889194805,3.832536946798939,2.846690355405614
861,2024-01-30,152.8000030517578,153.6199951171875,151.19000244140625,151.4600067138672,150.5570526123047,36331800,25,25.0,0.0,0.0,152.5948486328125,145.50732421875,134.99041748046875,153.50999450683594,146.3800048828125,135.8000030517578,-0.013354291044328392,-1.3354291044328392,147.32543487548827,143.1708511352539,138.2478775024414,128.15804168701172,0.18529166244899317,152.5948486328125,146.1634063720703,70.24345128619706,3.8706860435975443,3.051489493044
862,2024-01-31,143.6199951171875,144.0,139.8699951171875,140.10000610351562,139.26480102539062,71910000,25,25.0,24.0,0.0,150.5570526123047,145.1196746826172,135.83534240722656,151.4600067138672,145.99000549316406,136.64999389648438,-0.07500313928164115,-7.500313928164115,147.1892532348633,143.26677703857422,138.31089996337892,128.31326091766357,0.33414213394299047,150.5570526123047,147.81349182128906,43.617357649239786,2.9556581604398104,3.0323232265231623
863,2024-02-01,142.1199951171875,143.05999755859375,140.7899932861328,141.16000366210938,140.3184814453125,40466500,25,25.0,24.0,0.0,139.26480102539062,146.1634063720703,137.5152587890625,140.10000610351562,147.0399932861328,138.33999633789062,0.007566021077571206,0.7566021077571206,146.9586380004883,143.37811050415038,138.4272024536133,128.4881620788574,0.3346112724394609,139.26480102539062,150.964599609375,45.686188306421485,2.2891275372138296,2.8836840886612958
864,2024-02-02,139.25999450683594,142.6199951171875,136.5,142.3800048828125,141.53118896484375,62499600,25,25.0,24.0,0.0,140.3184814453125,147.81349182128906,139.5828857421875,141.16000366210938,148.6999969482422,140.4199981689453,0.008642535944232588,0.8642535944232588,146.56102447509767,143.6758255004883,138.54907196044923,128.67643295288087,0.32764717732716725,140.3184814453125,151.28269958496094,48.0488759544258,1.8375702124584734,2.674461313420731
865,2024-02-05,142.82000732421875,145.47000122070312,142.77999877929688,143.67999267578125,142.8234405517578,38505400,26,25.0,24.0,0.0,141.53118896484375,150.964599609375,140.64649963378906,142.3800048828125,151.8699951171875,141.49000549316406,0.009130507532407295,0.9130507532407295,146.3314010620117,144.0709571838379,138.68247192382813,128.87275554656983,0.3273277374574352,141.53118896484375,152.5948486328125,50.51895352226848,1.5659306092562986,2.4527551725878447
866,2024-02-06,144.64999389648438,145.36000061035156,143.19000244140625,144.10000610351562,143.24093627929688,29128200,26,26.0,24.0,0.0,142.8234405517578,151.28269958496094,140.67633056640625,143.67999267578125,152.19000244140625,141.52000427246094,0.0029231597133227982,0.2923159713322798,146.03915405273438,144.3323890686035,138.79400329589845,129.06564865112304,0.3188270249952424,142.8234405517578,150.5570526123047,51.32418094301455,1.368566697727715,2.235917477615819
867,2024-02-07,144.75999450683594,145.6199951171875,143.92999267578125,145.5399932861328,144.67234802246094,25208900,26,26.0,25.0,0.0,143.24093627929688,152.5948486328125,139.5331573486328,144.10000610351562,153.50999450683594,140.3699951171875,0.00999303537344276,0.999303537344276,145.72503967285155,144.5605209350586,138.96994812011718,129.2651023864746,0.31650961613340123,143.24093627929688,139.26480102539062,54.08316294737316,1.312527342591892,2.0512394506110336
868,2024-02-08,145.8300018310547,146.3300018310547,145.10000610351562,145.91000366210938,145.0401611328125,22563800,26,26.0,25.0,0.0,144.67234802246094,150.5570526123047,139.3939971923828,145.5399932861328,151.4600067138672,140.22999572753906,0.0025423870931744474,0.25423870931744474,145.13259582519532,144.74094009399414,139.15881591796875,129.46361194610597,0.31524712732640214,144.67234802246094,140.3184814453125,54.79224397114708,1.2830055051478269,1.8975926615183925
869,2024-02-09,146.67999267578125,149.44000244140625,146.17999267578125,149.0,148.11172485351562,26829500,26,26.0,25.0,0.0,145.0401611328125,139.26480102539062,138.85723876953125,145.91000366210938,140.10000610351562,139.69000244140625,0.021177332517512193,2.1177332517512193,144.81549835205078,145.08487777709962,139.39340942382813,129.68801612854003,0.3226343382298723,145.0401611328125,141.53118896484375,60.30508849325999,1.4902797412217978,1.8161300774590736
870,2024-02-12,148.4199981689453,149.33999633789062,147.3699951171875,147.52999877929688,146.65049743652344,21564100,25,26.0,25.0,0.0,148.11172485351562,140.3184814453125,137.34628295898438,149.0,141.16000366210938,138.1699981689453,-0.009865710621069113,-0.9865710621069113,144.22106323242187,145.32742309570312,139.6427145385742,129.90581001281737,0.325567164290474,148.11172485351562,142.8234405517578,56.75906973286968,1.51912569073653,1.7567292001145651
871,2024-02-13,144.9199981689453,146.6699981689453,143.69000244140625,145.13999938964844,144.2747344970703,27837700,25,25.0,25.0,0.0,146.65049743652344,141.53118896484375,138.09181213378906,147.52999877929688,142.3800048828125,138.9199981689453,-0.016200169661759634,-1.6200169661759634,143.59283142089845,145.45913314819336,139.89341094970703,130.09244079589843,0.33175816097503297,146.65049743652344,143.24093627929688,51.46080538302805,1.334894269223497,1.6723622139363514
872,2024-02-14,146.0800018310547,146.52000427246094,144.08999633789062,145.94000244140625,145.06996154785156,22704200,25,25.0,26.0,0.0,144.2747344970703,142.8234405517578,135.57688903808594,145.13999938964844,143.67999267578125,136.38999938964844,0.005511894050980848,0.5511894050980848,144.17334747314453,145.6813003540039,140.1733319091797,130.28429019927978,0.33060304222942904,144.2747344970703,144.67234802246094,53.040927280235536,1.2387778573400112,1.5856453426170833
873,2024-02-15,143.13999938964844,143.52000427246094,140.4600067138672,142.77000427246094,141.9188690185547,37590700,25,25.0,26.0,0.0,145.06996154785156,143.24093627929688,134.92080688476562,145.94000244140625,144.10000610351562,135.72999572753906,-0.02172119228319702,-2.172119228319702,144.33338623046876,145.64601211547853,140.44172271728516,130.4610799407959,0.33720841241339805,145.06996154785156,145.0401611328125,46.571406994414396,0.897986645039083,1.4481136031014834
874,2024-02-16,142.99000549316406,143.19000244140625,140.13999938964844,140.52000427246094,139.68228149414062,31468900,25,25.0,26.0,0.0,141.9188690185547,144.67234802246094,138.01229858398438,142.77000427246094,145.5399932861328,138.83999633789062,-0.015759620548566056,-1.5759620548566056,144.14849548339845,145.35475997924806,140.63118621826172,130.63603073120117,0.33271922302191825,141.9188690185547,148.11172485351562,42.59970221349513,0.442334278524811,1.246957738186149
875,2024-02-20,139.66000366210938,142.0800018310547,139.49000549316406,141.1199951171875,140.27870178222656,25144700,40,25.0,26.0,0.0,139.68228149414062,145.0401611328125,140.10971069335938,140.52000427246094,145.91000366210938,140.9499969482422,0.004269834954771623,0.4269834954771623,143.8940216064453,145.11271133422852,140.85186279296875,130.81351623535156,0.3333969926740708,139.68228149414062,146.65049743652344,43.971893754673786,0.12787852399739563,1.0231418953483984
876,2024-02-21,141.4499969482422,142.69000244140625,140.67999267578125,142.5500030517578,141.70018005371094,23223300,40,40.0,26.0,0.0,140.27870178222656,148.11172485351562,141.43177795410156,141.1199951171875,149.0,142.27999877929688,0.01013324370289026,1.013324370289026,143.7399459838867,144.88955001831056,140.96359283447265,131.00168769836426,0.33457282068243466,140.27870178222656,144.2747344970703,47.210939108091864,-0.006552971699051113,0.8172029219389085
877,2024-02-22,144.92999267578125,145.0,142.8000030517578,144.08999633789062,143.23098754882812,27191900,40,40.0,25.0,0.0,141.70018005371094,146.65049743652344,141.23297119140625,142.5500030517578,147.52999877929688,142.0800018310547,0.010803144318778823,1.0803144318778823,143.59580993652344,144.6604248046875,141.14450775146486,131.19313945770264,0.33433394882871253,141.70018005371094,145.06996154785156,50.52787221434907,0.010313582242673647,0.6558250539996616
878,2024-02-23,143.6699981689453,144.67999267578125,143.42999267578125,143.9600067138672,143.10179138183594,19493800,40,40.0,25.0,0.0,143.23098754882812,144.2747344970703,141.79959106445312,144.08999633789062,145.13999938964844,142.64999389648438,-0.0009020126803785944,-0.09020126803785944,143.40197296142577,144.26728439331055,141.35663604736328,131.37301086425782,0.32347475920944807,143.23098754882812,141.9188690185547,50.24094988273368,0.013104338166385787,0.5272809108330065
879,2024-02-26,142.13999938964844,142.44000244140625,137.38999938964844,137.57000732421875,136.7498779296875,53641800,31,40.0,25.0,0.0,143.10179138183594,145.06996154785156,141.64053344726562,143.9600067138672,145.94000244140625,142.49000549316406,-0.044387379017497675,-4.438737901749768,142.26578826904296,143.54064331054687,141.4570343017578,131.52321014404296,0.355292699447684,143.10179138183594,139.68228149414062,38.62732896950607,-0.491563855947021,0.323511957477001
880,2024-02-27,138.02000427246094,139.25,137.08999633789062,138.8800048828125,138.05206298828125,33099200,31,31.0,25.0,0.0,136.7498779296875,141.9188690185547,140.62661743164062,137.57000732421875,142.77000427246094,141.47000122070312,0.009522385528294874,0.9522385528294874,141.40594482421875,142.81350402832032,141.5824819946289,131.65805152893066,0.3557318992219774,136.7498779296875,140.27870178222656,41.607359658411376,-0.7774792870489478,0.10331370857181127
881,2024-02-28,137.89999389648438,138.00999450683594,135.41000366210938,136.3800048828125,135.5669708251953,37328600,31,31.0,25.0,0.0,138.05206298828125,139.68228149414062,142.6246337890625,138.8800048828125,140.52000427246094,143.47999572753906,-0.018001122977038708,-1.8001122977038708,140.53516845703126,142.06399993896486,141.67075256347655,131.75651111602784,0.3576003152654819,138.05206298828125,141.70018005371094,37.8319908538993,-1.1908679108985893,-0.15552261532226885
882,2024-02-29,137.27999877929688,138.86000061035156,136.39999389648438,138.4600067138672,137.6345672607422,42133000,31,31.0,40.0,0.0,135.5669708251953,140.27870178222656,145.50732421875,136.3800048828125,141.1199951171875,146.3800048828125,0.015251476247949203,1.5251476247949203,139.7916290283203,141.98248825073242,141.7872543334961,131.86063663482665,0.2507494332729112,135.5669708251953,143.23098754882812,42.50630010770066,-1.3362402747725355,-0.3916661472123222
883,2024-03-01,138.42999267578125,138.8699951171875,136.9199981689453,137.13999938964844,136.3224334716797,31151100,31,31.0,40.0,24.0,137.6345672607422,141.70018005371094,145.1196746826172,138.4600067138672,142.5500030517578,145.99000549316406,-0.009533461071423499,-0.9533461071423499,139.23198547363282,141.78268585205078,141.81389465332032,131.9631717300415,0.2508287604736812,137.6345672607422,143.10179138183594,40.42881225733304,-1.5395798333480002,-0.6212488844394579
884,2024-03-04,135.66000366210938,135.66000366210938,131.91000366210938,133.35000610351562,132.55502319335938,55999400,34,31.0,40.0,24.0,136.3224334716797,143.23098754882812,146.1634063720703,137.13999938964844,144.08999633789062,147.0399932861328,-0.027636025725017443,-2.7636025725017443,138.51925964355468,141.33387756347656,141.74828826904297,132.03195922851563,0.26440062001886283,136.3224334716797,136.7498779296875,35.121148734525406,-1.9818805372449617,-0.8933752150005587
885,2024-03-05,131.8800048828125,133.24000549316406,130.6699981689453,132.6699981689453,131.8790740966797,40194800,34,34.0,40.0,24.0,132.55502319335938,143.10179138183594,147.81349182128906,133.35000610351562,143.9600067138672,148.6999969482422,-0.005099384997984346,-0.5099384997984346,137.679296875,140.78665924072266,141.6355645751953,132.0907565689087,0.26043872350626596,132.55502319335938,138.05206298828125,34.25227322278157,-2.3597487598367195,-1.1866499239677908
886,2024-03-06,133.1199951171875,133.5800018310547,130.85000610351562,131.39999389648438,130.6166229248047,35318600,34,34.0,31.0,24.0,131.8790740966797,136.7498779296875,150.964599609375,132.6699981689453,137.57000732421875,151.8699951171875,-0.009572793716685513,-0.9572793716685513,136.57094116210936,140.15544357299805,141.45623931884765,132.13335094451904,0.25990585918739484,131.8790740966797,135.5669708251953,32.62869281667402,-2.729615993414768,-1.4952431378571864
887,2024-03-07,132.7899932861328,134.94000244140625,131.61000061035156,134.3800048828125,133.57888793945312,37738200,34,34.0,31.0,24.0,130.6166229248047,138.05206298828125,151.28269958496094,131.39999389648438,138.8800048828125,152.19000244140625,0.022679081332196205,2.2679081332196205,135.60573120117186,139.60077056884765,141.31488708496093,132.19110458374024,0.2728499742762082,130.6166229248047,137.6345672607422,39.835141590061454,-2.751985238002078,-1.7465915578861648
888,2024-03-08,134.2100067138672,138.08999633789062,134.0,135.41000366210938,134.6027374267578,39370400,34,34.0,31.0,25.0,133.57888793945312,135.5669708251953,152.5948486328125,134.3800048828125,136.3800048828125,153.50999450683594,0.007664755285047509,0.7664755285047509,134.75582580566407,139.07889938354492,141.19341522216797,132.24259574890138,0.2750361027157862,133.57888793945312,136.3224334716797,42.13886415291013,-2.656474741321091,-1.92856819457315
889,2024-03-11,136.1300048828125,139.10000610351562,136.1300048828125,137.6699981689453,136.84925842285156,32437800,23,34.0,31.0,25.0,134.6027374267578,137.6345672607422,150.5570526123047,135.41000366210938,138.4600067138672,151.4600067138672,0.016690009720761845,1.6690009720761845,134.76576385498046,138.51577606201172,141.13973724365235,132.3176953125,0.2700949143299495,134.6027374267578,132.55502319335938,46.93969158131122,-2.3721617115684523,-2.0172868979722107
890,2024-03-12,137.02999877929688,139.3800048828125,137.02999877929688,138.5,137.67431640625,27563400,23,23.0,31.0,25.0,136.84925842285156,136.3224334716797,139.26480102539062,137.6699981689453,137.13999938964844,140.10000610351562,0.006028954726587488,0.6028954726587488,134.72798919677734,138.06696701049805,141.1053436279297,132.40517063140868,0.27125687316188435,136.84925842285156,131.8790740966797,48.62560224037245,-2.0565595646641555,-2.0251414313105998
891,2024-03-13,139.0,141.08999633789062,138.99000549316406,139.7899932861328,138.9566192626953,23347200,23,23.0,34.0,25.0,137.67431640625,132.55502319335938,140.3184814453125,138.5,133.35000610351562,141.16000366210938,0.009314031040194015,0.9314031040194015,135.06695404052735,137.8010612487793,141.10733123779298,132.48623435974122,0.26992122505446253,137.67431640625,130.6166229248047,51.21977790986783,-1.683564383359851,-1.95682602172045
892,2024-03-14,141.19000244140625,143.58999633789062,140.4600067138672,143.10000610351562,142.2469024658203,42753400,23,23.0,34.0,25.0,138.9566192626953,131.8790740966797,141.53118896484375,139.7899932861328,132.6699981689453,142.3800048828125,0.02367849204005723,2.367849204005723,135.52818756103517,137.65990829467773,141.2053436279297,132.57813320159912,0.283741216156777,138.9566192626953,133.57888793945312,57.19283250116125,-1.1096730384036562,-1.7873954250570914
893,2024-03-15,142.5,143.17999267578125,140.02999877929688,141.17999267578125,140.3383331298828,49475400,23,23.0,34.0,26.0,142.2469024658203,130.6166229248047,142.8234405517578,143.10000610351562,131.39999389648438,143.67999267578125,-0.013417299799523552,-1.3417299799523552,135.92977752685547,137.58088150024415,141.25027404785158,132.66516124725342,0.27708468255630864,142.2469024658203,134.6027374267578,53.128931346672765,-0.7996477660095991,-1.589845893247593
894,2024-03-18,148.61000061035156,152.14999389648438,147.1699981689453,147.67999267578125,146.79959106445312,69273700,27,23.0,34.0,26.0,140.3383331298828,133.57888793945312,143.24093627929688,141.17999267578125,134.3800048828125,144.10000610351562,0.046040577727187504,4.60405777271875,137.35423431396484,137.93674697875977,141.4747280883789,132.7884716796875,0.31581889859779416,140.3383331298828,136.84925842285156,62.77287823878841,-0.03220969438461907,-1.2783186534749984
895,2024-03-19,148.16000366210938,148.7899932861328,146.0800018310547,147.02999877929688,146.15345764160156,24070400,27,27.0,34.0,26.0,146.79959106445312,134.6027374267578,144.67234802246094,147.67999267578125,135.41000366210938,145.5399932861328,-0.004401466095146467,-0.4401466095146467,138.78167266845702,138.23048477172853,141.69938110351563,132.90432682037354,0.31673719983757986,146.79959106445312,137.67431640625,61.41208050716084,0.5178831051440795,-0.9190783017511829
896,2024-03-20,148.0,148.86000061035156,146.74000549316406,148.74000549316406,147.853271484375,21311500,27,27.0,23.0,26.0,146.15345764160156,136.84925842285156,145.0401611328125,147.02999877929688,137.6699981689453,145.91000366210938,0.011630336156273069,1.163033615627307,140.50533752441407,138.53813934326172,141.89620056152344,133.02395935058593,0.3172759738451236,146.15345764160156,138.9566192626953,63.64488596057134,1.078563375934607,-0.5195499662140249
897,2024-03-21,149.47000122070312,150.3699951171875,146.89999389648438,147.60000610351562,146.72007751464844,24755600,27,27.0,23.0,26.0,147.853271484375,137.67431640625,148.11172485351562,148.74000549316406,138.5,149.0,-0.00766431448117344,-0.766431448117344,141.8194564819336,138.71259384155275,142.02840789794922,133.13126579284668,0.31749708502313745,147.853271484375,142.2469024658203,61.10640544544516,1.415154230097869,-0.13260912695164617
898,2024-03-22,149.1199951171875,151.5800018310547,148.97999572753906,150.77000427246094,149.8711700439453,29211800,27,27.0,23.0,25.0,146.72007751464844,138.9566192626953,146.65049743652344,147.60000610351562,139.7899932861328,147.52999877929688,0.02147690065786856,2.147690065786856,143.34629974365234,139.0510627746582,142.1971957397461,133.2478664779663,0.3251946366067564,146.72007751464844,140.3383331298828,65.2562224160924,1.914107104157182,0.2767341192701195
899,2024-03-25,149.94000244140625,150.3800048828125,147.82000732421875,150.07000732421875,149.17535400390625,19229300,0,27.0,23.0,25.0,149.8711700439453,142.2469024658203,144.2747344970703,150.77000427246094,143.10000610351562,145.13999938964844,-0.004642761111660287,-0.46427611116602874,144.57890930175782,139.67233657836914,142.3560433959961,133.38489471435548,0.2760592315171879,149.8711700439453,146.79959106445312,63.64145882250018,2.2277047190534347,0.6669282392267826
900,2024-03-26,150.22000122070312,152.25999450683594,149.97999572753906,150.6699981689453,149.7717742919922,22149100,0,0.0,23.0,25.0,149.17535400390625,140.3383331298828,145.06996154785156,150.07000732421875,141.17999267578125,145.94000244140625,0.003998115453242468,0.3998115453242468,145.78865509033204,140.2583221435547,142.5154870605469,133.52669425964356,0.27542205591603147,149.17535400390625,146.15345764160156,64.45340580399301,2.4955915945139964,1.0326609102842255
901,2024-03-27,151.17999267578125,151.63999938964844,148.89999389648438,150.8699951171875,149.97056579589844,22879200,0,0.0,27.0,25.0,149.7717742919922,146.79959106445312,141.9188690185547,150.6699981689453,147.67999267578125,142.77000427246094,0.0013272961801111816,0.13272961801111816,146.89004974365236,140.97850189208984,142.68208770751954,133.6690404891968,0.263000623924323,149.7717742919922,147.853271484375,64.7360772483151,2.69289269560511,1.3647072673484024
902,2024-03-28,150.85000610351562,151.42999267578125,150.1699981689453,150.92999267578125,150.0301971435547,24485400,0,0.0,27.0,25.0,149.97056579589844,146.15345764160156,139.68228149414062,150.8699951171875,147.02999877929688,140.52000427246094,0.00039762034196377805,0.039762034196377805,147.6683792114258,141.59828338623046,142.8701593017578,133.80467693328856,0.2607397131213882,149.97056579589844,146.72007751464844,64.8264342534101,2.8215420111378933,1.6560742161063007
903,2024-04-01,150.69000244140625,155.74000549316406,150.61000061035156,155.49000549316406,154.56304931640625,31730800,0,0.0,27.0,40.0,150.0301971435547,147.853271484375,140.27870178222656,150.92999267578125,148.74000549316406,141.1199951171875,0.030212932190673225,3.0212932190673225,149.09085083007812,142.51031417846679,143.10892761230468,133.96203327178955,0.2704615203582573,150.0301971435547,149.8711700439453,70.92505611542889,3.25177635463308,1.9752146438116567
904,2024-04-02,153.5,154.6999969482422,152.14999389648438,154.55999755859375,153.63858032226562,24586000,0,0.0,27.0,40.0,154.56304931640625,146.72007751464844,141.70018005371094,155.49000549316406,147.60000610351562,142.5500030517578,-0.005981177249215208,-0.5981177249215208,149.77474975585938,143.56449203491212,143.271552734375,134.11556255340577,0.2438988418977518,154.56304931640625,149.17535400390625,68.32316705232758,3.478050449239049,2.2757818048971354
905,2024-04-03,153.60000610351562,155.0800018310547,152.72999572753906,154.9199981689453,153.99639892578125,24705000,0,0.0,27.0,40.0,153.63858032226562,149.8711700439453,143.23098754882812,154.55999755859375,150.77000427246094,144.08999633789062,0.0023289632250251824,0.23289632250251824,150.55904388427734,144.67035827636718,143.4490872192383,134.2638232421875,0.24019930120866706,153.63858032226562,149.7717742919922,68.80025168528951,3.6442387544188932,2.5494731948014873
906,2024-04-04,153.5,154.77000427246094,150.4499969482422,150.52999877929688,149.63259887695312,34724700,0,0.0,0.0,40.0,153.99639892578125,149.17535400390625,143.10179138183594,154.9199981689453,150.07000732421875,143.9600067138672,-0.02833702657509063,-2.833702657509063,150.73697662353516,145.62115707397462,143.51847106933593,134.3980184173584,0.2661275299123799,153.99639892578125,149.97056579589844,57.43854193637876,3.384804075044542,2.7165393708500987
907,2024-04-05,150.02999877929688,153.4199981689453,149.60000610351562,152.5,151.59085083007812,23459200,0,0.0,0.0,31.0,149.63259887695312,149.7717742919922,136.7498779296875,150.52999877929688,150.6699981689453,137.57000732421875,0.013087067709993683,1.3087067709993683,151.22405395507812,146.52175521850586,143.59401824951172,134.544142036438,0.26073230093130356,149.63259887695312,150.0301971435547,60.584206073254364,3.2991838515669656,2.8330682669934726
908,2024-04-08,152.77999877929688,155.27000427246094,152.61000061035156,154.85000610351562,153.9268798828125,20702000,25,0.0,0.0,31.0,151.59085083007812,149.97056579589844,138.05206298828125,152.5,150.8699951171875,138.8800048828125,0.015410092627244909,1.541009262724491,151.62962493896484,147.4879623413086,143.65326385498048,134.71461978912353,0.26264491212809465,151.59085083007812,154.56304931640625,64.00216320802433,3.3808548390711337,2.942625581409005
909,2024-04-09,156.08999633789062,158.55999755859375,155.19000244140625,156.60000610351562,155.6664276123047,31079500,25,25.0,0.0,31.0,153.9268798828125,150.0301971435547,135.5669708251953,154.85000610351562,150.92999267578125,136.3800048828125,0.011301130321205388,1.1301130321205388,152.2787322998047,148.42882080078124,143.74093841552735,134.8808727645874,0.2606586285928394,153.9268798828125,153.63858032226562,66.34271475174066,3.5450811599632743,3.063116697119859
910,2024-04-10,156.2100067138672,156.61000061035156,154.67999267578125,156.13999938964844,155.20916748046875,22838600,25,25.0,0.0,31.0,155.6664276123047,154.56304931640625,137.6345672607422,156.60000610351562,155.49000549316406,138.4600067138672,-0.002937435764728713,-0.2937435764728713,152.82247161865234,149.3055633544922,143.79322479248046,135.04886531829834,0.26284827765189095,155.6664276123047,153.99639892578125,65.14369627879984,3.5968721283794594,3.1698677833717794
911,2024-04-11,156.91000366210938,159.67999267578125,156.4600067138672,159.41000366210938,158.45965576171875,27166400,25,25.0,0.0,31.0,155.20916748046875,153.63858032226562,136.3224334716797,156.13999938964844,154.55999755859375,137.13999938964844,0.020942630735127477,2.0942630735127477,153.67138061523437,150.28071517944335,143.95127685546876,135.25299106597902,0.2679025516684957,155.20916748046875,149.63259887695312,69.38017723608516,3.8557573126413445,3.307045689225693
912,2024-04-12,157.9600067138672,160.22000122070312,157.13999938964844,157.72999572753906,156.78968811035156,25353700,25,25.0,0.0,34.0,158.45965576171875,153.99639892578125,132.55502319335938,159.41000366210938,154.9199981689453,133.35000610351562,-0.010538756021774898,-1.0538756021774898,154.34732971191406,151.00785446166992,144.30177459716796,135.4488166809082,0.2667094051542979,158.45965576171875,151.59085083007812,65.00859318762247,3.88143053823444,3.4219226590274427
913,2024-04-15,158.86000061035156,159.24000549316406,154.58999633789062,154.86000061035156,153.93679809570312,27136500,23,25.0,0.0,34.0,156.78968811035156,149.63259887695312,131.8790740966797,157.72999572753906,150.52999877929688,132.6699981689453,-0.018195648253605312,-1.8195648253605312,154.28470458984376,151.68777770996093,144.5741409301758,135.621183013916,0.2715833321689927,156.78968811035156,153.9268798828125,58.25551013322771,3.6297310922942927,3.463484345680813
914,2024-04-16,154.19000244140625,155.64999389648438,153.42999267578125,154.39999389648438,153.47952270507812,20779500,23,23.0,0.0,34.0,153.93679809570312,151.59085083007812,130.6166229248047,154.86000061035156,152.5,131.39999389648438,-0.0029705398337616096,-0.29705398337616096,154.268798828125,152.0217742919922,144.81310760498047,135.79663074493408,0.2244374803767746,153.93679809570312,155.6664276123047,57.229321025878825,3.3546884058549438,3.4417251577156396
915,2024-04-17,155.6199951171875,157.0800018310547,154.5800018310547,155.47000122070312,154.54315185546875,21763100,23,23.0,25.0,34.0,153.47952270507812,153.9268798828125,133.57888793945312,154.39999389648438,154.85000610351562,134.3800048828125,0.0069301046266248,0.69301046266248,154.32347412109374,152.44125900268554,145.0475018310547,135.97441455841064,0.22353757591871679,153.47952270507812,155.20916748046875,59.03683227894409,3.1858169637372384,3.3905435189199595
916,2024-04-18,155.33999633789062,156.94000244140625,154.6199951171875,156.00999450683594,155.07992553710938,19883000,23,23.0,25.0,34.0,154.54315185546875,155.6664276123047,134.6027374267578,155.47000122070312,156.60000610351562,135.41000366210938,0.0034732932206702483,0.3473293220670248,154.8682067871094,152.80259170532227,145.28428161621093,136.15388816833496,0.22116951000080665,154.54315185546875,158.45965576171875,59.95654475061832,3.0600242248444545,3.3244396601048587
917,2024-04-19,156.1999969482422,156.36000061035156,152.3000030517578,154.08999633789062,153.17137145996094,32615600,23,23.0,25.0,23.0,155.07992553710938,155.20916748046875,136.84925842285156,156.00999450683594,156.13999938964844,137.6699981689453,-0.012306906071422707,-1.2306906071422707,155.02625885009766,153.1251564025879,145.45426208496093,136.3146241760254,0.22458166226538204,155.07992553710938,156.78968811035156,55.210033728167865,2.774347261154844,3.2144211803148557
918,2024-04-22,154.30999755859375,157.63999938964844,154.05999755859375,156.27999877929688,155.34832763671875,26446200,34,23.0,25.0,23.0,153.17137145996094,158.45965576171875,137.67431640625,154.08999633789062,159.41000366210938,138.5,0.01421255262003629,1.421255262003629,155.16840362548828,153.39901428222657,145.66042541503907,136.4943960571289,0.21770771213674175,153.17137145996094,153.93679809570312,59.179616628860266,2.692570106995163,3.110050965650917
919,2024-04-23,156.9600067138672,158.97000122070312,156.27999877929688,158.25999450683594,157.31651306152344,21151600,34,34.0,25.0,23.0,155.34832763671875,156.78968811035156,138.9566192626953,156.27999877929688,157.72999572753906,139.7899932861328,0.012669498634110044,1.2669498634110044,155.33341217041016,153.80607223510742,145.8445211791992,136.68714000701905,0.21948812407751797,155.34832763671875,153.47952270507812,62.422236760968055,2.754821372159398,3.0390050469526138
920,2024-04-24,157.49000549316406,159.57000732421875,157.1699981689453,159.1300048828125,158.18133544921875,22779100,34,34.0,23.0,23.0,157.31651306152344,153.93679809570312,142.2469024658203,158.25999450683594,154.86000061035156,143.10000610351562,0.005497340176597421,0.5497340176597421,155.63062896728516,154.22655029296874,146.07513793945313,136.89926780700682,0.21966553248345605,157.31651306152344,154.54315185546875,63.78358746347368,2.8411884356551127,2.999441724693114
921,2024-04-25,151.3300018310547,156.49000549316406,150.8699951171875,156.0,155.0699920654297,57109700,34,34.0,23.0,23.0,158.18133544921875,153.47952270507812,140.3383331298828,159.1300048828125,154.39999389648438,141.17999267578125,-0.019669472222833106,-1.9669472222833106,155.29166259765626,154.4815216064453,146.29104309082032,137.09240951538087,0.23375767158667782,158.18133544921875,155.07992553710938,55.932829504062205,2.6282783899929996,2.9252090577530914
922,2024-04-26,174.3699951171875,174.7100067138672,169.64999389648438,171.9499969482422,170.92491149902344,64665300,34,34.0,23.0,27.0,155.0699920654297,154.54315185546875,146.79959106445312,156.0,155.47000122070312,147.67999267578125,0.1022436334871546,10.22436334871546,156.70518493652344,155.52625732421876,146.80814208984376,137.35592910766601,0.4261606081990641,155.0699920654297,153.17137145996094,73.69855710011447,3.696296532510331,3.0794265527045397
923,2024-04-29,169.05999755859375,169.5500030517578,165.2100067138672,166.14999389648438,165.15948486328125,45610000,27,34.0,23.0,27.0,170.92491149902344,155.07992553710938,146.15345764160156,171.9499969482422,156.00999450683594,147.02999877929688,-0.033730756887214386,-3.3730756887214386,157.82745361328125,156.0560791015625,147.27295440673828,137.56273880004883,0.4399264426941167,170.92491149902344,155.34832763671875,63.64970764193683,4.031019772571398,3.2697451966779116
924,2024-04-30,165.61000061035156,168.10000610351562,162.60000610351562,162.77999877929688,161.80958557128906,33562900,27,27.0,23.0,27.0,165.15948486328125,153.17137145996094,147.853271484375,166.14999389648438,154.08999633789062,148.74000549316406,-0.0202828150909119,-2.02828150909119,158.66045989990235,156.46462936401366,147.71550048828124,137.74842525482177,0.44696123581553454,165.15948486328125,157.31651306152344,58.646118803994256,3.980101344510814,3.411816426244492
925,2024-05-01,164.3000030517578,167.1199951171875,163.08999633789062,163.86000061035156,162.8831329345703,33493200,27,27.0,34.0,27.0,161.80958557128906,155.34832763671875,146.72007751464844,162.77999877929688,156.27999877929688,147.60000610351562,0.006634633909301302,0.6634633909301302,159.4944580078125,156.90896606445312,148.1675891113281,137.94330646514894,0.4471423480215751,161.80958557128906,158.18133544921875,59.73843897419309,3.9804898148161385,3.5255511039588217
926,2024-05-02,164.7899932861328,166.72999572753906,163.88999938964844,166.6199951171875,165.6266632080078,24294500,27,27.0,34.0,27.0,162.8831329345703,157.31651306152344,149.8711700439453,163.86000061035156,158.25999450683594,150.77000427246094,0.016843550489292092,1.6843550489292092,160.54913177490235,157.70866928100585,148.64611877441405,138.1563288116455,0.4334675877854158,162.8831329345703,155.0699920654297,62.46692102179476,4.154289580431396,3.6512987992533366
927,2024-05-03,167.55999755859375,167.9600067138672,163.0500030517578,167.24000549316406,166.2429962158203,34662400,27,27.0,34.0,0.0,165.6266632080078,158.18133544921875,149.17535400390625,166.6199951171875,159.1300048828125,150.07000732421875,0.003721218527710457,0.3721218527710457,161.85629425048828,158.44127655029297,149.1063589477539,138.3810312652588,0.43254738639883833,165.6266632080078,170.92491149902344,63.07236277168411,4.292281322429147,3.779495303888499
928,2024-05-06,167.4600067138672,168.13999938964844,166.02999877929688,168.10000610351562,167.0978546142578,21871300,0,27.0,34.0,0.0,166.2429962158203,155.0699920654297,149.7717742919922,167.24000549316406,156.0,150.6699981689453,0.005142222035794619,0.5142222035794619,163.0312469482422,159.09982528686524,149.58628021240236,138.624073638916,0.4307899892569563,166.2429962158203,165.15948486328125,63.94118917813244,4.41967345609271,3.9075309343293414
929,2024-05-07,168.5,171.75999450683594,168.38999938964844,171.25,170.22906494140625,28039700,0,0.0,34.0,0.0,167.0978546142578,170.92491149902344,149.97056579589844,168.10000610351562,171.9499969482422,150.8699951171875,0.018738782340304683,1.8738782340304683,164.32250213623047,159.8279571533203,150.25586395263673,138.87869651794435,0.43316153570492577,167.0978546142578,161.80958557128906,67.00351832144075,4.718898618751609,4.0698044712137955
930,2024-05-08,169.0,170.14999389648438,168.74000549316406,169.3800048828125,168.3702392578125,19569100,0,0.0,27.0,0.0,170.22906494140625,165.15948486328125,150.0301971435547,171.25,166.14999389648438,150.92999267578125,-0.010919555272382975,-1.0919555272382975,165.34139251708984,160.4860107421875,150.86222747802734,139.11652027130128,0.435975259437136,170.22906494140625,162.8831329345703,63.55297518443891,4.751275274351514,4.206098631841339
931,2024-05-09,169.38999938964844,170.69000244140625,168.17999267578125,169.9600067138672,168.94679260253906,15346700,0,0.0,27.0,0.0,168.3702392578125,161.80958557128906,154.56304931640625,169.3800048828125,162.77999877929688,155.49000549316406,0.003424318616330524,0.3424318616330524,166.72907257080078,161.0103675842285,151.5298239135742,139.3538470840454,0.43158320769061376,168.3702392578125,165.6266632080078,64.1693293075137,4.768488872200237,4.318576679913119
932,2024-05-10,168.02999877929688,169.85000610351562,166.19000244140625,168.64999389648438,167.64456176757812,29799900,0,0.0,27.0,0.0,168.94679260253906,162.8831329345703,153.63858032226562,169.9600067138672,163.86000061035156,154.55999755859375,-0.0077079346396622395,-0.770793463966224,166.40103759765626,161.55311126708983,152.13002380371094,139.5495732498169,0.4304734674481332,168.94679260253906,166.2429962158203,61.63407086024413,4.623751893683732,4.379611722667242
933,2024-05-13,164.25999450683594,169.27999877929688,164.0,169.13999938964844,168.1316375732422,31327600,30,0.0,27.0,0.0,167.64456176757812,165.6266632080078,153.99639892578125,168.64999389648438,166.6199951171875,154.9199981689453,0.002905407730072085,0.2905407730072085,166.69825286865233,162.2628532409668,152.76620788574218,139.7470885848999,0.4226925086220806,167.64456176757812,167.0978546142578,62.235073866283216,4.496516696794316,4.4029927174926575
934,2024-05-14,169.77000427246094,171.25,168.8000030517578,170.33999633789062,169.32449340820312,25127100,30,30.0,27.0,0.0,168.1316375732422,166.2429962158203,149.63259887695312,169.13999938964844,167.24000549316406,150.52999877929688,0.007094773191876458,0.7094773191876458,167.44974365234376,163.05510177612305,153.50159729003906,139.93476299285888,0.42176550383967937,168.1316375732422,170.22906494140625,63.73342483807573,4.44074523652975,4.410543221300076
935,2024-05-15,170.6300048828125,172.64999389648438,170.50999450683594,172.50999450683594,171.48153686523438,26948400,30,30.0,0.0,0.0,169.32449340820312,167.0978546142578,151.59085083007812,170.33999633789062,168.10000610351562,152.5,0.012739110648517293,1.2739110648517293,168.30958404541016,163.90202102661132,154.29364654541016,140.13252681732178,0.4225764722581954,169.32449340820312,168.3702392578125,66.33457060910746,4.518514707407235,4.4321375185215075
936,2024-05-16,173.2899932861328,175.1199951171875,172.69000244140625,174.17999267578125,173.1416015625,27867900,30,30.0,0.0,25.0,171.48153686523438,170.22906494140625,153.9268798828125,172.50999450683594,171.25,154.85000610351562,0.009680719730021048,0.9680719730021048,169.0610778808594,164.80510482788085,155.14414611816406,140.34440616607665,0.42274899226492935,171.48153686523438,168.94679260253906,68.22349706612378,4.66037897289192,4.4777858093955905
937,2024-05-17,174.17999267578125,176.27000427246094,173.69000244140625,176.05999755859375,175.01040649414062,24479300,30,30.0,0.0,25.0,173.1416015625,168.3702392578125,155.6664276123047,174.17999267578125,169.3800048828125,156.60000610351562,0.010793506094293859,1.0793506094293859,169.9378189086914,165.89705657958984,155.97277648925783,140.58138496398925,0.41751237726179535,173.1416015625,167.64456176757812,70.24735538862392,4.867494913640201,4.555727630244513
938,2024-05-20,176.19000244140625,178.77000427246094,176.0800018310547,176.9199981689453,175.86526489257812,22554400,0,30.0,0.0,25.0,175.01040649414062,168.94679260253906,155.20916748046875,176.05999755859375,169.9600067138672,156.13999938964844,0.00488461466699186,0.488461466699186,170.81455993652344,166.92290344238282,156.79802703857422,140.82229015350342,0.41668771621935313,175.01040649414062,168.1316375732422,71.1524577928372,5.0424890424364435,4.653079912682899
939,2024-05-21,176.89999389648438,178.14999389648438,175.80999755859375,177.85000610351562,176.7897491455078,16989400,0,0.0,0.0,25.0,175.86526489257812,167.64456176757812,158.45965576171875,176.9199981689453,168.64999389648438,159.41000366210938,0.0052567757111920965,0.5256775711192097,171.4706283569336,167.89656524658204,157.59683685302736,141.06950759887695,0.4160706560288256,175.86526489257812,169.32449340820312,72.13953368192061,5.195876473579602,4.76163922486224
940,2024-05-22,176.63999938964844,177.14999389648438,175.2100067138672,176.3800048828125,175.32850646972656,17880000,0,0.0,30.0,25.0,176.7897491455078,168.1316375732422,156.78968811035156,177.85000610351562,169.13999938964844,157.72999572753906,-0.008265426490189576,-0.8265426490189576,172.166455078125,168.75392379760743,158.34992065429688,141.29242073059083,0.4192194759925826,176.7897491455078,171.48153686523438,68.16910991089559,5.14027317656587,4.837366015202965
941,2024-05-23,177.07000732421875,178.25,172.9499969482422,173.5500030517578,172.51535034179688,21024900,0,0.0,30.0,23.0,175.32850646972656,169.32449340820312,153.93679809570312,176.3800048828125,170.33999633789062,154.86000061035156,-0.016045058413906133,-1.6045058413906133,172.52331085205077,169.62619171142578,159.0210952758789,141.5019143676758,0.4165247982855882,175.32850646972656,173.1416015625,61.18711280530398,4.813719413126904,4.8326366947877535
942,2024-05-24,174.97999572753906,175.77000427246094,173.64999389648438,174.99000549316406,173.94677734375,16579400,0,0.0,30.0,23.0,172.51535034179688,171.48153686523438,153.47952270507812,173.5500030517578,172.50999450683594,154.39999389648438,0.008297389183728354,0.8297389183728354,173.15353240966797,169.77728500366212,159.6550927734375,141.72721313476563,0.20976693219939624,172.51535034179688,175.01040649414062,63.24970299225011,4.6172031551680845,4.78954998686382
943,2024-05-28,174.4499969482422,177.27000427246094,174.3699951171875,176.39999389648438,175.34837341308594,20572200,0,0.0,30.0,23.0,173.94677734375,173.1416015625,154.54315185546875,174.99000549316406,174.17999267578125,155.47000122070312,0.008057614465406981,0.8057614465406981,173.87520599365234,170.28672943115234,160.35529357910156,141.95937072753907,0.16598321764705581,173.94677734375,175.86526489257812,65.19980369945333,4.522427959675412,4.736125581426139
944,2024-05-29,175.42999267578125,176.83999633789062,174.72000122070312,175.89999389648438,174.8513641357422,23388700,0,0.0,30.0,23.0,175.34837341308594,175.01040649414062,155.07992553710938,176.39999389648438,176.05999755859375,156.00999450683594,-0.00283441053754685,-0.283441053754685,174.42789306640626,170.938818359375,160.91632904052733,142.18968948364258,0.14348239145260344,175.34837341308594,176.7897491455078,63.90484393984709,4.356988784846891,4.660298222110289
945,2024-05-30,175.1999969482422,175.22000122070312,171.7899932861328,172.11000061035156,171.08395385742188,22931500,0,0.0,0.0,23.0,174.8513641357422,175.86526489257812,153.17137145996094,175.89999389648438,176.9199981689453,154.08999633789062,-0.021546359085855116,-2.1546359085855116,174.388134765625,171.34885940551757,161.41493896484374,142.3923738861084,0.16901480862483628,174.8513641357422,175.32850646972656,54.98923927569834,3.877184750629766,4.503675527814185
946,2024-05-31,171.86000061035156,173.05999755859375,169.44000244140625,172.5,171.47161865234375,37638900,0,0.0,0.0,34.0,171.08395385742188,176.7897491455078,155.34832763671875,172.11000061035156,177.85000610351562,156.27999877929688,0.0022659331058303422,0.22659331058303422,174.22113647460938,171.64110717773437,161.88730590820313,142.6047004699707,0.16031883762708415,171.08395385742188,172.51535034179688,55.67452012980402,3.488010294349408,4.30054248112123
947,2024-06-03,172.5399932861328,174.52999877929688,171.16000366210938,173.1699981689453,172.13763427734375,27459100,0,0.0,0.0,34.0,171.47161865234375,175.32850646972656,157.31651306152344,172.5,176.3800048828125,158.25999450683594,0.0038841158101523554,0.38841158101523554,173.9338592529297,171.93583908081055,162.39565704345702,142.8257250213623,0.1603459825054303,171.47161865234375,173.94677734375,56.88889871682645,3.196481578809511,4.079730300658886
948,2024-06-04,173.27999877929688,173.85000610351562,171.88999938964844,173.7899932861328,172.75392150878906,26879600,0,0.0,0.0,34.0,172.13763427734375,172.51535034179688,158.18133544921875,173.1699981689453,173.5500030517578,159.1300048828125,0.0035802004252734054,0.35802004252734054,173.6227249145508,172.2186424255371,162.8533120727539,143.0437673187256,0.16000867215413478,172.13763427734375,175.34837341308594,58.03461041964039,2.98081126368632,3.859946493264373
949,2024-06-05,175.1999969482422,176.64999389648438,173.92999267578125,175.41000366210938,174.36428833007812,22068500,0,0.0,0.0,34.0,172.75392150878906,173.94677734375,155.0699920654297,173.7899932861328,174.99000549316406,156.0,0.009321738153464265,0.9321738153464265,173.38017883300782,172.4254035949707,163.35709075927736,143.28208808898927,0.14989138321565354,172.75392150878906,174.8513641357422,60.9546070954235,2.906331745972551,3.669223543806009
950,2024-06-06,175.89999389648438,177.14999389648438,175.75,176.72999572753906,175.67640686035156,23251000,0,0.0,0.0,34.0,174.36428833007812,175.34837341308594,170.92491149902344,175.41000366210938,176.39999389648438,171.9499969482422,0.007525156342734318,0.7525156342734318,173.41496887207032,172.79071197509765,163.87518341064452,143.5224465942383,0.14423273074300766,174.36428833007812,171.08395385742188,63.201362401125536,2.9195286818485613,3.5192845714145196
951,2024-06-07,177.0500030517578,177.8699951171875,174.3000030517578,174.4600067138672,173.41993713378906,19661400,0,0.0,0.0,27.0,175.67640686035156,174.8513641357422,165.15948486328125,176.72999572753906,175.89999389648438,166.14999389648438,-0.012844466521655384,-1.2844466521655384,173.50542755126952,173.01436920166014,164.34417083740234,143.747993850708,0.15360588488515514,175.67640686035156,171.47161865234375,57.11475331789764,2.7165938963635483,3.3587464364043256
952,2024-06-10,174.97000122070312,177.05999755859375,172.75999450683594,175.00999450683594,174.1663055419922,23726700,40,0.0,0.0,27.0,173.41993713378906,171.08395385742188,161.80958557128906,174.4600067138672,172.11000061035156,162.77999877929688,0.0043038212361208306,0.43038212361208306,173.52738037109376,173.34045639038087,164.8268930053711,143.9609210205078,0.1500863915602299,173.41993713378906,172.13763427734375,58.537136732708866,2.586180431508467,3.204233235425154
953,2024-06-11,176.22000122070312,176.83999633789062,173.77000427246094,176.6199951171875,175.76856994628906,21540600,40,40.0,0.0,27.0,174.1663055419922,171.47161865234375,162.8831329345703,175.00999450683594,172.5,163.86000061035156,0.00919962331009283,0.919962331009283,173.56940002441405,173.7223030090332,165.25100341796875,144.19473236083985,0.1522634483204493,174.1663055419922,172.75392150878906,61.49002884560901,2.582348462161235,3.07985628077237
954,2024-06-12,178.25,180.41000366210938,176.11000061035156,177.7899932861328,176.9329071044922,27864700,40,40.0,0.0,27.0,175.76856994628906,172.13763427734375,165.6266632080078,176.6199951171875,173.1699981689453,166.6199951171875,0.006624262566162553,0.6624262566162553,173.77755432128907,174.10272369384765,165.71688995361328,144.43386840820312,0.15207464586249494,175.76856994628906,174.36428833007812,63.52302413588788,2.6427993311371836,2.9924448908453334
955,2024-06-13,176.11000061035156,176.74000549316406,174.8800048828125,175.16000366210938,174.3155975341797,20913300,40,40.0,0.0,27.0,176.9329071044922,172.75392150878906,166.2429962158203,177.7899932861328,173.7899932861328,167.24000549316406,-0.014792666967071155,-1.4792666967071155,174.10071868896483,174.24442672729492,166.12327392578126,144.65430152893066,0.15815399805369043,176.9329071044922,175.67640686035156,56.32482217619039,2.451255523943672,2.884207017465001
956,2024-06-14,174.22000122070312,177.05999755859375,174.14999389648438,176.7899932861328,175.93772888183594,18063600,40,40.0,0.0,0.0,174.3155975341797,174.36428833007812,167.0978546142578,175.16000366210938,175.41000366210938,168.10000610351562,0.009305715441431994,0.9305715441431994,174.54732971191407,174.3842330932617,166.6493765258789,144.86515129089355,0.15788219728240677,174.3155975341797,173.41993713378906,59.39581806125278,2.4026518449134358,2.787895982954688
957,2024-06-17,175.4600067138672,178.36000061035156,174.80999755859375,177.24000549316406,176.38558959960938,19618500,0,40.0,0.0,0.0,175.93772888183594,175.67640686035156,170.22906494140625,176.7899932861328,176.72999572753906,171.25,0.002545563823176611,0.2545563823176611,174.9721252441406,174.45299224853517,167.14527130126953,145.0717295074463,0.1536493653584029,175.93772888183594,174.1663055419922,60.22733459169249,2.3729181725051376,2.7049004208647784
958,2024-06-18,177.13999938964844,177.38999938964844,174.10000610351562,175.08999633789062,174.2459259033203,21869900,0,0.0,0.0,0.0,176.38558959960938,173.41993713378906,168.3702392578125,177.24000549316406,174.4600067138672,169.3800048828125,-0.012130603759332281,-1.2130603759332281,175.12132568359374,174.37202529907228,167.5516522216797,145.2661681365967,0.15889699927466838,176.38558959960938,175.76856994628906,54.486485297607466,2.1518953346179615,2.5942994036154152
959,2024-06-20,175.3699951171875,177.2899932861328,174.99000549316406,176.3000030517578,175.45010375976562,20160100,0,0.0,40.0,0.0,174.2459259033203,174.1663055419922,168.94679260253906,175.08999633789062,175.00999450683594,169.9600067138672,0.006910794902105444,0.6910794902105444,175.2299072265625,174.30504302978517,167.9473257446289,145.46916236877442,0.15978597246488663,174.2459259033203,176.9329071044922,56.972255002334585,2.0502660418060827,2.485492731253549
960,2024-06-21,177.0,180.85000610351562,176.61000061035156,179.6300048828125,178.76406860351562,57759000,0,0.0,40.0,0.0,175.45010375976562,175.76856994628906,167.64456176757812,176.3000030517578,176.6199951171875,168.64999389648438,0.018888360694774065,1.8888360694774065,175.5386734008789,174.4768211364746,168.41842376708985,145.68817977905275,0.17060896453070226,175.45010375976562,174.3155975341797,62.9667700138848,2.211638964696391,2.4307219779421176
961,2024-06-24,180.16000366210938,180.88999938964844,178.6699981689453,179.22000122070312,178.35601806640625,18298000,0,0.0,40.0,30.0,178.76406860351562,176.9329071044922,168.1316375732422,179.6300048828125,177.7899932861328,169.13999938964844,-0.0022826205528718724,-0.22826205528718724,176.03228149414062,174.76885452270508,168.8163510131836,145.91166778564454,0.1589399305987048,178.76406860351562,175.93772888183594,61.824634169422886,2.2803158390467786,2.40064075016305
962,2024-06-25,179.6199951171875,184.2899932861328,179.4199981689453,184.02999877929688,183.14283752441406,23130200,0,0.0,40.0,30.0,178.35601806640625,174.3155975341797,169.32449340820312,179.22000122070312,175.16000366210938,170.33999633789062,0.026838564293499623,2.6838564293499623,176.9299346923828,175.2286575317383,169.34341400146485,146.1551138305664,0.18119434731073275,178.35601806640625,176.38558959960938,68.94171093846843,2.6899905453555846,2.458510709201557
963,2024-06-26,182.6300048828125,184.50999450683594,182.47999572753906,183.8800048828125,182.99356079101562,19839000,0,0.0,40.0,30.0,183.14283752441406,175.93772888183594,171.48153686523438,184.02999877929688,176.7899932861328,172.50999450683594,-0.0008150836550107066,-0.08150836550107066,177.65243377685547,175.61091690063478,169.9245492553711,146.3922467803955,0.18041195429545992,183.14283752441406,174.2459259033203,68.512748179732,2.9683974784562963,2.560488063052505
964,2024-06-27,184.17999267578125,186.0500030517578,184.02000427246094,185.41000366210938,184.5161895751953,18848900,0,0.0,0.0,30.0,182.99356079101562,176.38558959960938,173.1416015625,183.8800048828125,177.24000549316406,174.17999267578125,0.00832066864865566,0.832066864865566,178.41076202392577,176.09415817260742,170.54528259277345,146.63430908203125,0.18063067558990445,182.99356079101562,175.45010375976562,70.52715068214701,3.2741579418349147,2.703222038808987
965,2024-06-28,184.32000732421875,185.1300048828125,181.9600067138672,182.14999389648438,181.27191162109375,29156600,0,0.0,0.0,30.0,184.5161895751953,174.2459259033203,175.01040649414062,185.41000366210938,175.08999633789062,176.05999755859375,-0.017582619506563257,-1.7582619506563257,179.10639343261718,176.60355606079102,171.07985778808595,146.86800285339356,0.17398350635077128,184.5161895751953,178.76406860351562,61.49919118206734,3.217598719461506,2.8060973749394913
966,2024-07-01,183.02999877929688,183.8800048828125,181.3000030517578,182.99000549316406,182.10784912109375,16006100,37,0.0,0.0,0.0,181.27191162109375,175.45010375976562,175.86526489257812,182.14999389648438,176.3000030517578,176.9199981689453,0.004611511472043972,0.4611511472043972,179.72340545654296,177.1353675842285,171.62041625976562,147.09906715393066,0.17405979804249536,181.27191162109375,178.35601806640625,62.8198329726733,3.203302619659439,2.8855384238834807
967,2024-07-02,182.0500030517578,185.57000732421875,181.55999755859375,185.24000549316406,184.34701538085938,17372500,37,37.0,0.0,0.0,182.10784912109375,178.76406860351562,176.7897491455078,182.99000549316406,179.6300048828125,177.85000610351562,0.012295825087015766,1.2295825087015766,180.51954803466796,177.7458366394043,172.2439291381836,147.33441864013673,0.17711541539029269,182.10784912109375,183.14283752441406,66.16752970812982,3.3342200480048234,2.9752747487077493
968,2024-07-03,184.85000610351562,186.08999633789062,184.0,185.82000732421875,184.92422485351562,10242100,37,37.0,0.0,0.0,184.34701538085938,178.35601806640625,175.32850646972656,185.24000549316406,179.22000122070312,176.3800048828125,0.003131102890186366,0.3131102890186366,181.5873779296875,178.35435180664064,172.83544708251952,147.57613540649413,0.17711959586708179,184.34701538085938,182.99356079101562,66.99257577620835,3.4448390731824077,3.0691876136026814
969,2024-07-05,185.86000061035156,190.86000061035156,185.8000030517578,190.60000610351562,189.68118286132812,20967500,37,37.0,0.0,0.0,184.92422485351562,183.14283752441406,172.51535034179688,185.82000732421875,184.02999877929688,173.5500030517578,0.025723822887891767,2.5723822887891767,183.01048583984374,179.1201965332031,173.48274047851564,147.83761108398437,0.19315194765715527,184.92422485351562,184.5161895751953,72.86541625895794,3.8717214089369634,3.229694372669538
970,2024-07-08,189.89999389648438,190.1699981689453,187.77999877929688,189.02999877929688,188.11874389648438,21035900,0,37.0,0.0,0.0,189.68118286132812,182.99356079101562,173.94677734375,190.60000610351562,183.8800048828125,174.99000549316406,-0.008237184844982814,-0.8237184844982814,183.94595336914062,179.74231338500977,174.08148864746093,148.09211952209472,0.19769927351817956,189.68118286132812,181.27191162109375,68.55112386064351,4.0374121943533225,3.391237937006295
971,2024-07-09,190.30999755859375,191.36000061035156,188.72000122070312,188.97999572753906,188.0689697265625,15121400,0,0.0,0.0,0.0,188.11874389648438,184.5161895751953,175.34837341308594,189.02999877929688,185.41000366210938,176.39999389648438,-0.0002645891041525017,-0.02645891041525017,184.91724853515626,180.47476501464843,174.74146820068358,148.3677508544922,0.18874491217833375,188.11874389648438,182.10784912109375,68.41215833767177,4.117245927841282,3.5364395351732925
972,2024-07-10,189.14999389648438,191.75,189.02999877929688,191.17999267578125,190.2583770751953,15952500,0,0.0,0.0,0.0,188.0689697265625,181.27191162109375,174.8513641357422,188.97999572753906,182.14999389648438,175.89999389648438,0.011641512960995248,1.1641512960995248,185.62880249023436,181.27936859130858,175.12813751220702,148.6707308959961,0.19062249662562275,188.0689697265625,184.34701538085938,71.17972352102814,4.3075271208883805,3.6906570523163102
973,2024-07-11,189.85000610351562,190.86000061035156,185.0800018310547,185.57000732421875,184.6754150390625,25625800,0,0.0,37.0,0.0,190.2583770751953,182.10784912109375,171.08395385742188,191.17999267578125,182.99000549316406,172.11000061035156,-0.029344106272525816,-2.9344106272525816,185.79698791503907,181.72471084594727,175.51845611572264,148.94674049377443,0.22415899461822764,190.2583770751953,184.92422485351562,57.37511073400462,3.962154706622556,3.7449565831775598
974,2024-07-12,185.0800018310547,187.11000061035156,184.49000549316406,185.07000732421875,184.17784118652344,22898400,0,0.0,37.0,0.0,184.6754150390625,184.34701538085938,171.47161865234375,185.57000732421875,185.24000549316406,172.5,-0.0026943156046722594,-0.26943156046722594,185.76315307617188,182.08695755004882,175.96582122802735,149.21598777770996,0.22436371925978704,184.6754150390625,189.68118286132812,56.32663283189113,3.6067185225180367,3.7173089710456555
975,2024-07-15,184.9199981689453,188.24000549316406,184.9199981689453,186.52999877929688,185.6307830810547,16474000,0,0.0,37.0,0.0,184.17784118652344,184.92422485351562,172.13763427734375,185.07000732421875,185.82000732421875,173.1699981689453,0.007888798593636448,0.7888798593636448,186.19904022216798,182.65271682739257,176.42077423095702,149.5051240158081,0.21599877171642248,184.17784118652344,188.11874389648438,58.699980599919456,3.4030448710309997,3.6544561510427247
976,2024-07-16,187.36000061035156,188.67999267578125,183.3699951171875,183.9199981689453,183.03335571289062,18290700,0,0.0,37.0,0.0,185.6307830810547,189.68118286132812,172.75392150878906,186.52999877929688,190.60000610351562,173.7899932861328,-0.013992438781179506,-1.3992438781179506,186.29159088134764,183.00749816894532,176.7689080810547,149.77148189544678,0.22303495450255267,185.6307830810547,188.0689697265625,53.14031492618171,2.997488176012041,3.5230625560365882
977,2024-07-17,182.97000122070312,183.5500030517578,179.89999389648438,181.02000427246094,180.14735412597656,20734100,0,0.0,0.0,0.0,183.03335571289062,188.11874389648438,174.36428833007812,183.9199981689453,189.02999877929688,175.41000366210938,-0.015767626483563446,-1.5767626483563446,185.8716247558594,183.19558639526366,177.04699523925783,150.01461254119874,0.23182009473291562,183.03335571289062,190.2583770751953,47.730923676226006,2.415362568411325,3.301522558511536
978,2024-07-18,181.92999267578125,182.5,176.47000122070312,177.69000244140625,176.83340454101562,25315700,0,0.0,0.0,0.0,180.14735412597656,188.0689697265625,175.67640686035156,181.02000427246094,188.97999572753906,176.72999572753906,-0.018395771622843227,-1.8395771622843227,185.0625427246094,183.32496032714843,177.24170623779298,150.24838024139405,0.23757824994860266,180.14735412597656,184.6754150390625,42.394308999115765,1.6673951019077435,2.9746970671907773
979,2024-07-19,178.8800048828125,180.2899932861328,177.1300048828125,177.66000366210938,176.8035430908203,18881900,0,0.0,0.0,0.0,176.83340454101562,190.2583770751953,173.41993713378906,177.69000244140625,191.17999267578125,174.4600067138672,-0.00016886769936264034,-0.016886769936264034,183.7747787475586,183.39263229370118,177.37319580078125,150.46554721832274,0.23650703698217426,176.83340454101562,184.17784118652344,42.34836251219045,1.0599969415044086,2.5917570420535037
980,2024-07-22,180.58999633789062,182.6999969482422,180.22999572753906,181.6699981689453,180.7942352294922,24100300,42,0.0,0.0,40.0,176.8035430908203,184.6754150390625,174.1663055419922,177.66000366210938,185.57000732421875,175.00999450683594,0.022571335782688218,2.2571335782688218,183.04232788085938,183.494140625,177.62167572021485,150.71131587982177,0.24063240705852879,176.8035430908203,185.6307830810547,50.12744507660101,0.8903812663074575,2.2514818869042945
981,2024-07-23,182.0500030517578,183.61000061035156,181.5399932861328,181.7899932861328,180.91363525390625,36352700,42,42.0,0.0,40.0,180.7942352294922,184.17784118652344,175.76856994628906,181.6699981689453,185.07000732421875,176.6199951171875,0.0006604194224584248,0.06604194224584248,182.32679443359376,183.622021484375,177.8610125732422,150.9437152481079,0.24037945144625547,180.7942352294922,183.03335571289062,50.3433363777213,0.7568694855074796,1.9525594066249317
982,2024-07-24,173.60000610351562,176.19000244140625,171.82000732421875,172.6300048828125,171.79779052734375,49585200,42,42.0,0.0,40.0,180.91363525390625,185.6307830810547,176.9329071044922,181.7899932861328,186.52999877929688,177.7899932861328,-0.05038782573667655,-5.038782573667655,180.4807357788086,183.05476913452148,177.9440771484375,151.13138042449953,0.2821877194262681,180.91363525390625,180.14735412597656,37.12858242392177,-0.08354894755743203,1.545337735788459
983,2024-07-25,172.52000427246094,173.4199981689453,167.19000244140625,167.27999877929688,166.4735870361328,44852000,42,42.0,0.0,40.0,171.79779052734375,183.03335571289062,174.3155975341797,172.6300048828125,183.9199981689453,175.16000366210938,-0.03099110573464292,-3.099110573464292,178.66055297851562,182.22877044677733,177.91091613769532,151.27994930267334,0.2988682001661128,171.79779052734375,176.83340454101562,31.86716325357453,-1.1657670987156337,1.0031167688876406
984,2024-07-26,167.14999389648438,168.08999633789062,164.05999755859375,167.0,166.19493103027344,41336900,42,42.0,0.0,40.0,166.4735870361328,180.14735412597656,175.93772888183594,167.27999877929688,181.02000427246094,176.7899932861328,-0.0016738751823668352,-0.16738751823668352,176.8622619628906,181.31270751953124,177.84832489013672,151.42295001983643,0.29524366365513666,166.4735870361328,176.8035430908203,31.614651626334336,-2.0226026865723554,0.3979728777956414
985,2024-07-29,168.8300018310547,170.42999267578125,167.99000549316406,169.52999877929688,168.71273803710938,20293800,31,42.0,0.0,0.0,166.19493103027344,176.83340454101562,176.38558959960938,167.0,177.69000244140625,177.24000549316406,0.015149722023575452,1.5149722023575452,175.1704574584961,180.68474884033202,177.7929489135742,151.58032901763917,0.2996428189586207,166.19493103027344,180.7942352294922,36.50998338498049,-2.4700123154125038,-0.17562416084598764
986,2024-07-30,170.24000549316406,171.22999572753906,168.44000244140625,170.2899932861328,169.4690704345703,18959700,31,31.0,0.0,0.0,168.71273803710938,176.8035430908203,174.2459259033203,169.52999877929688,177.66000366210938,175.08999633789062,0.004482959652368335,0.44829596523683346,173.81402893066405,180.05280990600585,177.7194982910156,151.72911380767823,0.29959750721382555,168.71273803710938,180.91363525390625,37.946983856817525,-2.7320644280634667,-0.6869122142894836
987,2024-07-31,173.24000549316406,174.25,170.00999450683594,171.5399932861328,170.71302795410156,25729100,31,31.0,42.0,0.0,169.4690704345703,180.7942352294922,175.45010375976562,170.2899932861328,181.6699981689453,176.3000030517578,0.00734032184363409,0.734032184363409,172.87059631347657,179.37111053466796,177.63355072021486,151.8919713973999,0.2966519890276029,169.4690704345703,171.79779052734375,40.338763945299114,-2.807008196496213,-1.1109314107308295
988,2024-08-01,170.25,174.0500030517578,168.8800048828125,170.75999450683594,169.93679809570312,24531400,31,31.0,42.0,0.0,170.71302795410156,180.91363525390625,178.76406860351562,171.5399932861328,181.7899932861328,179.6300048828125,-0.0045469866459585395,-0.45469866459585395,172.18093566894532,178.62173919677736,177.51498138427735,152.05894985198975,0.2955685317503106,170.71302795410156,166.4735870361328,39.32030230427679,-2.8956575969753544,-1.4678766479797345
989,2024-08-02,166.44000244140625,168.50999450683594,164.6699981689453,166.66000366210938,165.85658264160156,29130100,31,31.0,42.0,0.0,169.93679809570312,171.79779052734375,178.35601806640625,170.75999450683594,172.6300048828125,179.22000122070312,-0.024010193788656098,-2.40101937886561,171.08623962402345,177.430509185791,177.29631805419922,152.19687900543212,0.28150791512844775,169.93679809570312,166.19493103027344,34.40330776320867,-3.2576005811881714,-1.8258214346214219
990,2024-08-05,155.5,164.42999267578125,154.92999267578125,159.25,158.48228454589844,53630700,0,31.0,42.0,0.0,165.85658264160156,166.4735870361328,183.14283752441406,166.66000366210938,167.27999877929688,184.02999877929688,-0.04446189580330495,-4.446189580330495,168.85504455566405,175.9486862182617,176.95939361572266,152.2948553085327,0.3121130091922894,165.85658264160156,168.71273803710938,27.668929444327688,-4.092313586924519,-2.2791198650820412
991,2024-08-06,159.3300018310547,160.57000732421875,156.41000366210938,158.2899932861328,157.52691650390625,49004600,0,0.0,42.0,0.0,158.48228454589844,166.19493103027344,182.99356079101562,159.25,167.0,183.8800048828125,-0.006028232396634192,-0.6028232396634192,166.51637268066406,174.4215835571289,176.65962493896484,152.3968021774292,0.31080090786557896,158.48228454589844,169.4690704345703,26.93336186458791,-4.775866656456117,-2.7784692233568564
992,2024-08-07,161.25,162.97999572753906,158.47000122070312,158.94000244140625,158.1737823486328,25138600,0,0.0,31.0,0.0,157.52691650390625,168.71273803710938,184.5161895751953,158.2899932861328,169.52999877929688,185.41000366210938,0.004106382953992016,0.4106382953992016,165.15397186279296,172.81735382080078,176.3441650390625,152.50302715301513,0.30538414160704114,157.52691650390625,170.71302795410156,28.3228007369012,-5.2053862685444585,-3.263852632394377
993,2024-08-08,160.50999450683594,163.69000244140625,160.2100067138672,162.02999877929688,161.24888610839844,25578800,0,0.0,31.0,0.0,158.1737823486328,169.4690704345703,181.27191162109375,158.94000244140625,170.2899932861328,182.14999389648438,0.01944129876712286,1.944129876712286,164.63150177001953,171.6460273742676,176.06217529296876,152.63531352996827,0.311347813704489,158.1737823486328,169.93679809570312,34.68174649622398,-5.237276419475165,-3.658537389810535
994,2024-08-09,160.00999450683594,163.7899932861328,159.05999755859375,163.6699981689453,162.88099670410156,28602300,0,0.0,31.0,37.0,161.24888610839844,170.71302795410156,182.10784912109375,162.02999877929688,171.5399932861328,182.99000549316406,0.01012168601652208,1.012168601652208,164.30010833740235,170.5811851501465,175.82276794433594,152.77128719329835,0.3167426662542329,161.24888610839844,165.85658264160156,37.834071669162896,-5.072380662063097,-3.9413060442610472
995,2024-08-12,164.35000610351562,164.89999389648438,161.83999633789062,162.2899932861328,161.5076446533203,15895300,0,0.0,31.0,37.0,162.88099670410156,169.93679809570312,184.34701538085938,163.6699981689453,170.75999450683594,185.24000549316406,-0.008431628480737752,-0.8431628480737752,163.57959899902343,169.37502822875976,175.6312417602539,152.88891315460205,0.3125671469547581,162.88099670410156,158.48228454589844,36.24878824441408,-4.994939070853121,-4.152032649579462
996,2024-08-13,163.41000366210938,164.72999572753906,162.97000122070312,164.16000366210938,163.36862182617188,18551700,0,0.0,31.0,37.0,161.5076446533203,165.85658264160156,184.92422485351562,162.2899932861328,166.66000366210938,185.82000732421875,0.011522533046941508,1.1522533046941508,162.96955413818358,168.39179153442382,175.46918182373048,153.08145042419434,0.3178027414188377,161.5076446533203,157.52691650390625,39.92229640935114,-4.728889057445713,-4.267403931152712
997,2024-08-14,162.39999389648438,163.22000122070312,157.7100067138672,160.3699951171875,159.59689331054688,40591100,0,0.0,0.0,37.0,163.36862182617188,158.48228454589844,189.68118286132812,164.16000366210938,159.25,190.60000610351562,-0.023087227360210072,-2.308722736021007,161.85794067382812,167.36426849365233,175.21836700439454,153.2716798019409,0.3219819893094688,163.36862182617188,158.1737823486328,35.4622177315281,-4.767433469185562,-4.367409838759283
998,2024-08-15,160.5,161.63999938964844,159.61000061035156,161.3000030517578,160.5224151611328,31524300,0,0.0,0.0,0.0,159.59689331054688,157.52691650390625,188.11874389648438,160.3699951171875,158.2899932861328,189.02999877929688,0.005799121971535204,0.5799121971535204,160.9165023803711,166.5487190246582,174.9737368774414,153.4670835494995,0.3209199608593847,159.59689331054688,161.24888610839844,37.312917611918856,-4.669471553331732,-4.427822181673773
999,2024-08-16,161.47000122070312,165.05999755859375,161.1300048828125,162.9600067138672,162.17442321777344,24208600,0,0.0,0.0,0.0,160.5224151611328,158.1737823486328,188.0689697265625,161.3000030517578,158.94000244140625,188.97999572753906,0.010291447801743736,1.0291447801743736,160.54828643798828,165.81726303100587,174.72993957519532,153.65936557769774,0.32497080944654455,160.5224151611328,162.88099670410156,40.58788614800162,-4.40772329504378,-4.423802404347774
1000,2024-08-19,165.27999877929688,166.69000244140625,164.25999450683594,166.6699981689453,165.8665313720703,22416200,0,0.0,0.0,0.0,162.17442321777344,161.24888610839844,190.2583770751953,162.9600067138672,162.02999877929688,191.17999267578125,0.02276627893005667,2.276627893005667,161.28671112060547,165.07087783813478,174.5337420654297,153.87199684143067,0.32518373369773845,162.17442321777344,161.5076446533203,47.22398173454264,-3.8578922621956906,-4.310620375917358
1001,2024-08-20,166.89999389648438,168.63999938964844,166.82000732421875,167.17999267578125,166.3740692138672,18341500,0,0.0,0.0,0.0,165.8665313720703,162.88099670410156,184.6754150390625,166.6699981689453,163.6699981689453,185.57000732421875,0.0030599171369802836,0.30599171369802836,162.17142639160156,164.34389953613282,174.39282470703125,154.07538639068605,0.32576034911492857,165.8665313720703,163.36862182617188,48.08246219278639,-3.342661029568035,-4.117028506647493
1002,2024-08-21,165.14999389648438,166.85000610351562,164.6699981689453,165.85000610351562,165.05047607421875,22902000,0,0.0,0.0,0.0,166.3740692138672,161.5076446533203,184.17784118652344,167.17999267578125,162.2899932861328,185.07000732421875,-0.00795552543676148,-0.7955525436761479,162.85909576416014,164.00653381347655,174.21050811767577,154.2669889831543,0.276707789654499,166.3740692138672,159.59689331054688,45.981826349720826,-3.006482610249776,-3.89491932736795
1003,2024-08-22,167.25999450683594,167.58999633789062,163.30999755859375,163.8000030517578,163.01036071777344,22493300,0,0.0,0.0,0.0,165.05047607421875,163.36862182617188,185.6307830810547,165.85000610351562,164.16000366210938,186.52999877929688,-0.01236055420723492,-1.236055420723492,163.03524322509764,163.8333724975586,173.95534393310547,154.4403889465332,0.2579567637304271,165.05047607421875,160.5224151611328,42.87275715623751,-2.8715772946570155,-3.690250920825763
1004,2024-08-23,164.72000122070312,166.17999267578125,163.8300018310547,165.6199951171875,164.8215789794922,13955700,0,0.0,0.0,0.0,163.01036071777344,159.59689331054688,183.03335571289062,163.8000030517578,160.3699951171875,183.9199981689453,0.011111062227845636,1.1111062227845636,163.22930145263672,163.76470489501952,173.71311737060546,154.61712936401366,0.2614322387620379,163.01036071777344,162.17442321777344,46.34158508114639,-2.5886730715949966,-3.4699353509796103
1005,2024-08-26,166.3800048828125,167.5500030517578,164.4600067138672,166.16000366210938,165.35899353027344,14190400,32,0.0,0.0,0.0,164.8215789794922,160.5224151611328,180.14735412597656,165.6199951171875,161.3000030517578,181.02000427246094,0.003260583681510054,0.3260583681510054,163.61443634033202,163.59701766967774,173.53398529052734,154.7929782104492,0.25546092675132176,164.8215789794922,165.8665313720703,47.362888666179494,-2.2946532395428676,-3.234878928692262
1006,2024-08-27,165.83999633789062,166.44000244140625,164.4600067138672,164.67999267578125,163.88612365722656,11821900,32,32.0,0.0,0.0,165.35899353027344,162.17442321777344,176.83340454101562,166.16000366210938,162.9600067138672,177.69000244140625,-0.00890710472773426,-0.8907104727734261,163.6661865234375,163.31787033081054,173.29295318603516,154.957138671875,0.25615405864155544,165.35899353027344,166.3740692138672,44.843714262411424,-2.1556398198072486,-3.0190311069152593
1007,2024-08-28,165.0399932861328,165.60000610351562,161.52999877929688,162.85000610351562,162.06494140625,16407400,32,32.0,0.0,0.0,163.88612365722656,165.8665313720703,176.8035430908203,164.67999267578125,166.6699981689453,177.66000366210938,-0.0111124859770656,-1.11124859770656,163.91299133300782,162.88546600341797,173.00654022216796,155.12014556884765,0.25603586713982385,163.88612365722656,165.05047607421875,41.87767861735491,-2.1674399717184087,-2.8487128798758894
1008,2024-08-29,164.30999755859375,165.97000122070312,160.25,161.77999877929688,161.00009155273438,19699800,32,32.0,0.0,42.0,162.06494140625,166.3740692138672,180.7942352294922,162.85000610351562,167.17999267578125,181.6699981689453,-0.006570513303345238,-0.6570513303345238,163.96075897216798,162.43863067626953,172.74162353515624,155.2661483001709,0.25635402478082586,162.06494140625,163.01036071777344,40.20329084844094,-2.2369302218241955,-2.7263563482655506
1009,2024-08-30,162.6199951171875,163.66000366210938,161.69000244140625,163.3800048828125,162.59239196777344,22123800,32,32.0,0.0,42.0,161.00009155273438,165.05047607421875,180.91363525390625,161.77999877929688,165.85000610351562,181.7899932861328,0.009890059065696288,0.9890059065696288,164.00255584716797,162.27542114257812,172.4844692993164,155.4225975036621,0.24681897158792607,161.00009155273438,164.8215789794922,43.82049223855455,-2.13886095194016,-2.6088572690004725
1010,2024-09-03,161.72000122070312,161.85000610351562,156.47999572753906,157.36000061035156,156.60140991210938,38945300,36,32.0,0.0,42.0,162.59239196777344,163.01036071777344,171.79779052734375,163.3800048828125,163.8000030517578,172.6300048828125,-0.03684663214039874,-3.684663214039874,163.07604370117187,162.18137741088867,172.0412161254883,155.54148750305177,0.2298825643281815,162.59239196777344,165.35899353027344,35.194199521917156,-2.5155646685576016,-2.5901987489118983
1011,2024-09-04,156.66000366210938,159.0,155.9600067138672,156.4499969482422,155.69578552246094,19353800,36,36.0,0.0,42.0,156.60140991210938,164.8215789794922,166.4735870361328,157.36000061035156,165.6199951171875,167.27999877929688,-0.0057829900136704415,-0.5782990013670442,162.00821533203126,162.0898208618164,171.58801147460937,155.65087921142577,0.2298059290751706,156.60140991210938,163.88612365722656,34.10136726378805,-2.8542790454969804,-2.643014808228915
1012,2024-09-05,156.3000030517578,159.4499969482422,155.97999572753906,157.24000549316406,156.4820098876953,18688700,36,36.0,32.0,42.0,155.69578552246094,165.35899353027344,166.19493103027344,156.4499969482422,166.16000366210938,167.0,0.0050497472529271725,0.5049747252927173,161.1513687133789,162.00523223876954,171.054794921875,155.75272087097167,0.23008010181226504,155.69578552246094,162.06494140625,35.96051256460959,-3.024407408031948,-2.7192933281895217
1013,2024-09-06,157.3000030517578,157.8300018310547,150.5500030517578,150.9199981689453,150.19244384765625,37912100,36,36.0,32.0,31.0,156.4820098876953,163.88612365722656,168.71273803710938,157.24000549316406,164.67999267578125,169.52999877929688,-0.0401935407434566,-4.01935407434566,159.86957702636718,161.45241012573243,170.39877258300783,155.83116630554198,0.25748981350598443,156.4820098876953,161.00009155273438,28.929254501969567,-3.624964442750155,-2.900427551101649
1014,2024-09-09,152.50999450683594,153.39999389648438,147.22000122070312,148.7100067138672,148.1894989013672,39260500,23,36.0,32.0,31.0,150.19244384765625,162.06494140625,169.4690704345703,150.9199981689453,162.85000610351562,170.2899932861328,-0.013335856951103953,-1.3335856951103953,158.20636901855468,160.71783523559571,169.67223876953125,155.8949252319336,0.25457568484770915,150.19244384765625,162.59239196777344,27.111270533208085,-4.213955283982614,-3.163133097677842
1015,2024-09-10,150.4499969482422,151.27000427246094,148.33999633789062,148.66000366210938,148.1396484375,31118800,23,23.0,32.0,31.0,148.1894989013672,161.00009155273438,170.71302795410156,148.7100067138672,161.77999877929688,171.5399932861328,-0.0003363967368590348,-0.03363967368590348,156.48443450927735,160.0494354248047,169.00959350585939,155.95485626220704,0.254577908329338,148.1894989013672,156.60140991210938,27.065681891249668,-4.631369737519009,-3.4567804256460755
1016,2024-09-11,149.9199981689453,151.5,147.52000427246094,151.16000366210938,150.63092041015625,29607700,23,23.0,32.0,31.0,148.1396484375,162.59239196777344,169.93679809570312,148.66000366210938,163.3800048828125,170.75999450683594,0.016817050660865585,1.6817050660865585,155.1589141845703,159.4125503540039,168.38005493164061,156.0196890258789,0.2595561797336944,148.1396484375,155.69578552246094,33.118395043221994,-4.706890764692986,-3.7068024934554575
1017,2024-09-12,153.8000030517578,154.82000732421875,152.64999389648438,154.69000244140625,154.1485595703125,29621500,23,23.0,36.0,31.0,150.63092041015625,156.60140991210938,165.85658264160156,151.16000366210938,157.36000061035156,166.66000366210938,0.023352703087639703,2.3352703087639703,154.36727600097657,159.1401336669922,167.7760858154297,156.11105628967286,0.26633507155038205,150.63092041015625,156.4820098876953,40.61262666166125,-4.4318104881393765,-3.8518040923922414
1018,2024-09-13,155.42999267578125,158.3800048828125,155.2100067138672,157.4600067138672,156.90887451171875,29591200,23,23.0,36.0,0.0,154.1485595703125,155.69578552246094,158.48228454589844,154.69000244140625,156.4499969482422,159.25,0.017906848750975035,1.7906848750975035,153.958154296875,158.95945663452147,167.21577880859374,156.21761680603026,0.2741495074767708,154.1485595703125,150.19244384765625,45.749687417143264,-3.945590726418118,-3.8705614191974167
1019,2024-09-16,157.30999755859375,158.25,156.60000610351562,158.05999755859375,157.5067596435547,18379800,39,23.0,36.0,0.0,156.90887451171875,156.4820098876953,157.52691650390625,157.4600067138672,157.24000549316406,158.2899932861328,0.0038103971728589148,0.3810397172858915,153.44959106445313,158.72607345581054,166.57229034423827,156.32324035644533,0.27156378679398696,156.90887451171875,148.1894989013672,46.822665740526816,-3.471990780348534,-3.7908472914276405
1020,2024-09-17,159.02000427246094,160.5500030517578,158.3800048828125,159.32000732421875,158.76235961914062,20715600,39,39.0,36.0,0.0,157.5067596435547,150.19244384765625,158.1737823486328,158.05999755859375,150.9199981689453,158.94000244140625,0.00797172120375933,0.797172120375933,153.66568603515626,158.37086486816406,165.9851626586914,156.44612594604493,0.2589453123340655,157.5067596435547,148.1396484375,49.099487769349516,-2.961208023633617,-3.624919437868836
1021,2024-09-18,159.86000061035156,160.5,158.60000610351562,159.80999755859375,159.25064086914062,23677300,39,39.0,23.0,0.0,158.76235961914062,148.1894989013672,161.24888610839844,159.32000732421875,148.7100067138672,162.02999877929688,0.0030755479521176188,0.3075547952117619,154.02117156982422,158.01469345092772,165.40879608154296,156.58367958068848,0.25894941615747724,158.76235961914062,150.63092041015625,49.996110493136776,-2.4883249319209426,-3.3976005366792577
1022,2024-09-19,163.7100067138672,163.7899932861328,161.33999633789062,162.13999938964844,161.5724639892578,26587700,39,39.0,23.0,0.0,159.25064086914062,148.1396484375,162.88099670410156,159.80999755859375,148.66000366210938,163.6699981689453,0.014579678345062907,1.4579678345062907,154.53021697998048,157.84079284667968,164.83507781982422,156.73617233276366,0.26443903712897315,159.25064086914062,154.1485595703125,54.13350478910398,-1.9042588427131193,-3.0989321978860302
1023,2024-09-20,163.5,163.72999572753906,162.05999755859375,163.58999633789062,163.0174102783203,40896400,39,39.0,23.0,0.0,161.5724639892578,150.63092041015625,161.5076446533203,162.13999938964844,151.16000366210938,162.2899932861328,0.0089430231698302,0.89430231698302,155.81271362304688,157.84114532470704,164.40191772460938,156.90876274108888,0.2630352348144945,161.5724639892578,156.90887451171875,56.54333673454388,-1.3096898797594179,-2.741083734260708
1024,2024-09-23,164.35000610351562,165.49000549316406,161.6699981689453,161.85000610351562,161.2834930419922,24150900,0,39.0,23.0,0.0,163.0174102783203,154.1485595703125,163.36862182617188,163.58999633789062,154.69000244140625,164.16000366210938,-0.010636392967890984,-1.0636392967890984,157.1221130371094,157.66424102783202,163.94403076171875,157.06413467407228,0.262324922693717,163.0174102783203,157.5067596435547,52.94829044124534,-0.9672524389784201,-2.3863174752042506
1025,2024-09-24,163.02999877929688,163.22000122070312,160.69000244140625,162.2899932861328,161.72195434570312,23332100,0,0.0,23.0,0.0,161.2834930419922,156.90887451171875,159.59689331054688,161.85000610351562,157.4600067138672,160.3699951171875,0.002718575196017037,0.2718575196017037,158.4803436279297,157.4823890686035,163.46585418701173,157.22652008056642,0.2622164803850322,161.2834930419922,158.76235961914062,53.749102870723384,-0.6529612068570998,-2.0396462215348206
1026,2024-09-25,161.47000122070312,162.80999755859375,161.3000030517578,161.49000549316406,160.9247589111328,18869200,0,0.0,39.0,0.0,161.72195434570312,157.5067596435547,160.5224151611328,162.2899932861328,158.05999755859375,161.3000030517578,-0.004929419989979866,-0.49294199899798663,159.50972747802734,157.33432083129884,163.02368225097655,157.35057548522948,0.26099896350263535,161.72195434570312,159.25064086914062,52.015666978350374,-0.46287442197726136,-1.724291861623309
1027,2024-09-26,163.63999938964844,164.0800018310547,162.27999877929688,162.72999572753906,162.16041564941406,20319300,0,0.0,39.0,0.0,160.9247589111328,158.76235961914062,162.17442321777344,161.49000549316406,159.32000732421875,162.9600067138672,0.007678475000628238,0.7678475000628238,160.3109130859375,157.33909454345704,162.6639434814453,157.49045135498048,0.25965354303422095,160.9247589111328,161.5724639892578,54.46688343867193,-0.21010019918026046,-1.4214535291346995
1028,2024-09-27,162.80999755859375,165.6999969482422,162.6300048828125,163.9499969482422,163.3761444091797,21101300,0,0.0,39.0,0.0,162.16041564941406,159.25064086914062,165.8665313720703,162.72999572753906,159.80999755859375,166.6699981689453,0.007497074763264111,0.7497074763264111,160.9576400756836,157.4578971862793,162.3947982788086,157.6448551940918,0.2596201176626247,162.16041564941406,163.0174102783203,56.804862384955385,0.08731779893747671,-1.1196992635202643
1029,2024-09-30,163.32000732421875,166.14999389648438,163.25999450683594,165.85000610351562,165.26950073242188,20413900,0,0.0,39.0,0.0,163.3761444091797,161.5724639892578,166.3740692138672,163.9499969482422,162.13999938964844,167.17999267578125,0.01158893992809773,1.158893992809773,161.73391418457032,157.5917526245117,162.16411743164062,157.8125528717041,0.26047234934615476,163.3761444091797,161.2834930419922,60.229790384983545,0.47037949505545384,-0.8016835118051207
1030,2024-10-01,167.69000244140625,169.16000366210938,164.5800018310547,166.99000549316406,166.405517578125,28338100,0,0.0,39.0,0.0,165.26950073242188,163.0174102783203,165.05047607421875,165.85000610351562,163.58999633789062,165.85000610351562,0.006873723467842874,0.6873723467842874,162.49822998046875,158.0819580078125,161.87634307861327,157.9856820678711,0.21931766637764522,165.26950073242188,161.72195434570312,62.16805197210349,0.8557610338928043,-0.4701946026655357
1031,2024-10-02,166.4199981689453,167.52000427246094,164.72999572753906,165.86000061035156,165.2794647216797,17760200,0,0.0,0.0,0.0,166.405517578125,161.2834930419922,163.01036071777344,166.99000549316406,161.85000610351562,163.8000030517578,-0.006766920188909231,-0.6766920188909231,163.10111236572266,158.56114196777344,161.56365966796875,158.15631217956542,0.2198752608272949,166.405517578125,160.9247589111328,59.093694660280704,1.0581182961840625,-0.16453202289561605
1032,2024-10-03,164.41000366210938,166.63999938964844,163.9199981689453,165.86000061035156,165.2794647216797,15073100,0,0.0,0.0,0.0,165.2794647216797,161.72195434570312,164.8215789794922,165.86000061035156,162.2899932861328,165.6199951171875,0.0,0.0,163.47181243896483,159.00101470947266,161.43329315185548,158.323662109375,0.2200068518649177,165.2794647216797,162.16041564941406,59.093694660280704,1.2046019826380814,0.10929477821112343
1033,2024-10-04,168.05999755859375,168.22999572753906,165.47999572753906,167.05999755859375,166.47525024414062,19047400,0,0.0,0.0,32.0,165.2794647216797,160.9247589111328,165.35899353027344,165.86000061035156,161.49000549316406,166.16000366210938,0.007234930996869782,0.7234930996869782,163.81759643554688,159.81515502929688,161.43332641601563,158.48108627319337,0.1503902344272886,165.2794647216797,163.3761444091797,61.44205553886877,1.401031043815351,0.367642031331969
1034,2024-10-07,167.72000122070312,168.47999572753906,162.75,162.97999572753906,162.4095458984375,22463100,0,0.0,0.0,32.0,166.47525024414062,162.16041564941406,163.88612365722656,167.05999755859375,162.72999572753906,164.67999267578125,-0.024422275021305895,-2.4422275021305895,163.9302017211914,160.5261573791504,161.3576187133789,158.6139572906494,0.17209756849116187,166.47525024414062,165.26950073242188,50.769982658467086,1.2146325992819982,0.5370401449219748
1035,2024-10-08,163.94000244140625,164.72999572753906,162.8699951171875,164.3800048828125,163.8046417236328,23072700,0,0.0,0.0,32.0,162.4095458984375,163.3761444091797,162.06494140625,162.97999572753906,163.9499969482422,162.85000610351562,0.008589986613642298,0.8589986613642298,164.1384704589844,161.30940704345704,161.25945678710937,158.74540420532227,0.1715848231660993,162.4095458984375,166.405517578125,53.73924577429986,1.1660416604263446,0.6628404480228488
1036,2024-10-09,163.4499969482422,164.83999633789062,159.74000549316406,161.86000061035156,161.29345703125,31181800,0,0.0,0.0,32.0,163.8046417236328,165.26950073242188,161.00009155273438,164.3800048828125,165.85000610351562,161.77999877929688,-0.015330363449771012,-1.5330363449771012,164.1753402709961,161.84253387451173,161.09594451904297,158.85395706176757,0.1801837845585618,163.8046417236328,165.2794647216797,48.11390773375196,0.9143611868829566,0.7131445957948703
1037,2024-10-10,160.8699951171875,163.07000732421875,160.39999389648438,162.0800018310547,161.5126953125,14144100,0,0.0,0.0,32.0,161.29345703125,166.405517578125,162.59239196777344,161.86000061035156,166.99000549316406,163.3800048828125,0.0013592509286195487,0.13592509286195487,164.11056823730468,162.2107406616211,160.91193786621093,158.95828804016114,0.16422880911522095,161.29345703125,165.2794647216797,48.619589212619935,0.724244653843158,0.7153646074045279
1038,2024-10-11,162.1300048828125,163.89999389648438,161.24000549316406,163.24000549316406,162.6686248779297,15344300,0,0.0,0.0,36.0,161.5126953125,165.2794647216797,156.60140991210938,162.0800018310547,165.86000061035156,157.36000061035156,0.007156896014849812,0.7156896014849812,164.0398162841797,162.49872817993165,160.76657440185548,159.06824951171876,0.1549245895576386,161.5126953125,166.47525024414062,51.313800344031016,0.6592503593437584,0.7041417577923741
1039,2024-10-14,163.63999938964844,166.22999572753906,163.39999389648438,164.9600067138672,164.3826141357422,19016100,0,0.0,0.0,36.0,162.6686248779297,165.2794647216797,155.69578552246094,163.24000549316406,165.86000061035156,156.4499969482422,0.010536692365222367,1.0536692365222367,163.9511276245117,162.842520904541,160.73709503173828,159.1924967956543,0.1578655637206547,162.6686248779297,162.4095458984375,55.07545680932105,0.7375445667341864,0.7108223195807366
1040,2024-10-15,165.7899932861328,167.67999267578125,164.6300048828125,165.4600067138672,164.88087463378906,20247200,0,0.0,0.0,36.0,164.3826141357422,166.47525024414062,156.4820098876953,164.9600067138672,167.05999755859375,157.24000549316406,0.0030311021677476013,0.30311021677476013,163.7986633300781,163.14844665527343,160.8650668334961,159.31993118286132,0.15643157327332038,164.3826141357422,163.8046417236328,56.13644399230799,0.8302283921209153,0.7347035340887723
1041,2024-10-16,164.52999877929688,165.8000030517578,163.74000549316406,165.16000366210938,164.58189392089844,16406000,0,0.0,0.0,36.0,164.88087463378906,162.4095458984375,150.19244384765625,165.4600067138672,162.97999572753906,150.9199981689453,-0.0018133134819589003,-0.18133134819589003,163.72890625,163.41500930786134,161.00616638183592,159.44855445861816,0.15692223625560037,164.88087463378906,161.29345703125,55.29259480259167,0.8695323193344109,0.7616692911379002
1042,2024-10-17,165.72999572753906,166.3699951171875,162.75999450683594,162.92999267578125,162.35971069335938,21453400,0,0.0,0.0,23.0,164.58189392089844,163.8046417236328,148.1894989013672,165.16000366210938,164.3800048828125,148.7100067138672,-0.013501990860593005,-1.3501990860593005,163.43693084716796,163.4543716430664,161.08988494873046,159.57362159729004,0.15799517282637365,164.58189392089844,161.5126953125,49.354244376396025,0.7131486165859258,0.7519651562275054
1043,2024-10-18,163.19000244140625,164.7100067138672,163.0800018310547,163.4199981689453,162.84800720214844,19757700,0,0.0,0.0,23.0,162.35971069335938,161.29345703125,148.1396484375,162.92999267578125,161.86000061035156,148.66000366210938,0.0030074980221619363,0.30074980221619363,163.07420654296874,163.4459014892578,161.12186737060546,159.69740257263183,0.1550614184708072,162.35971069335938,162.6686248779297,50.60949587073032,0.6214511508421197,0.7258623551504282
1044,2024-10-21,162.9499969482422,164.5,162.6199951171875,164.07000732421875,163.49574279785156,20946500,0,0.0,0.0,23.0,162.84800720214844,161.5126953125,150.63092041015625,163.4199981689453,162.0800018310547,151.16000366210938,0.003977546958244815,0.39775469582448153,163.18282623291014,163.55651397705077,161.13416229248048,159.83699684143068,0.1503802596257737,162.84800720214844,164.3826141357422,52.298454344132544,0.5941975582402677,0.6995293957683961
1045,2024-10-22,162.97999572753906,165.77000427246094,162.97999572753906,165.13999938964844,164.56198120117188,16568100,0,0.0,0.0,23.0,163.49574279785156,162.6686248779297,154.1485595703125,164.07000732421875,163.24000549316406,154.69000244140625,0.006521505606654321,0.6521505606654321,163.25856018066406,163.69851531982422,161.1952490234375,159.98520271301268,0.15164967228802062,163.49574279785156,164.88087463378906,55.02485291280847,0.6511296012445769,0.6898494368636323
1046,2024-10-23,164.75999450683594,165.82000732421875,161.92999267578125,162.77999877929688,162.21023559570312,18280500,0,0.0,0.0,23.0,164.56198120117188,164.3826141357422,156.90887451171875,165.13999938964844,164.9600067138672,157.4600067138672,-0.014290941250845846,-1.4290941250845846,163.35023803710936,163.76278915405274,161.17208129882812,160.1061923980713,0.15985323239367802,164.56198120117188,164.58189392089844,48.447529017640555,0.5007105598430712,0.6520216614595201
1047,2024-10-24,162.8300018310547,163.3300018310547,161.00999450683594,162.72000122070312,162.15045166015625,22412500,0,0.0,0.0,39.0,162.21023559570312,164.88087463378906,157.5067596435547,162.77999877929688,165.4600067138672,158.05999755859375,-0.00036855834237170537,-0.03685583423717054,163.414013671875,163.76229095458984,161.2231524658203,160.21639610290526,0.15756020573790047,162.21023559570312,162.35971069335938,48.28950542207862,0.37238569140973254,0.5960944674495626
1048,2024-10-25,163.6699981689453,165.58999633789062,163.4199981689453,165.27000427246094,164.6915283203125,19828900,0,0.0,0.0,39.0,162.15045166015625,164.58189392089844,158.76235961914062,162.72000122070312,165.16000366210938,159.32000732421875,0.015671104422712245,1.5671104422712245,163.61630401611328,163.82806015014648,161.3065347290039,160.33269485473633,0.1651759756836639,162.15045166015625,162.84800720214844,55.007079192708844,0.470309523032455,0.5709374785661412
1049,2024-10-28,168.75,168.75,163.9499969482422,166.72000122070312,166.13645935058594,32138600,43,0.0,0.0,39.0,164.6915283203125,162.35971069335938,159.25064086914062,165.27000427246094,162.92999267578125,159.80999755859375,0.008773560152184334,0.8773560152184334,163.79168853759765,163.87140808105468,161.38577545166015,160.45721229553223,0.16294571291455773,164.6915283203125,163.49574279785156,58.32257629002559,0.6569359744620158,0.5881371777453162
1050,2024-10-29,167.72999572753906,170.3800048828125,167.08999633789062,169.67999267578125,169.08609008789062,42169000,43,43.0,0.0,39.0,166.13645935058594,162.84800720214844,161.5724639892578,166.72000122070312,163.4199981689453,162.13999938964844,0.017754265071222575,1.7754265071222575,164.21221008300782,164.00543670654298,161.45016662597655,160.59364479064942,0.17302262439704047,166.13645935058594,164.56198120117188,64.13296465491933,1.0309650083360964,0.6767027438634723
1051,2024-10-30,180.67999267578125,182.02000427246094,174.05999755859375,174.4600067138672,173.84934997558594,68890800,43,43.0,0.0,39.0,169.08609008789062,163.49574279785156,163.0174102783203,169.67999267578125,164.07000732421875,163.58999633789062,0.02817061938814347,2.817061938814347,165.13895568847656,164.43393096923828,161.59967224121092,160.754688873291,0.19558154081031573,169.08609008789062,162.21023559570312,71.13205340125353,1.6922339574458078,0.8798089865799394
1052,2024-10-31,173.1300048828125,176.82000732421875,171.0,171.11000061035156,170.51107788085938,44769000,43,43.0,0.0,0.0,173.84934997558594,164.56198120117188,161.2834930419922,174.4600067138672,165.13999938964844,161.85000610351562,-0.019202097075400992,-1.9202097075400992,165.95409240722657,164.69551162719728,161.70888427734374,160.9041111755371,0.21029460514722434,173.84934997558594,162.15045166015625,62.0005240817414,1.9247365401325283,1.0887944972904573
1053,2024-11-01,170.07000732421875,172.32000732421875,168.8800048828125,171.2899932861328,170.69044494628906,31796500,43,43.0,0.0,0.0,170.51107788085938,162.21023559570312,161.72195434570312,171.11000061035156,162.77999877929688,162.2899932861328,0.001051937901389799,0.10519379013897989,166.73833618164062,164.9062713623047,161.86248596191408,161.04444023132325,0.2092566126429107,170.51107788085938,164.6915283203125,62.280710660216855,2.0992708475694144,1.2908897673462487
1054,2024-11-04,169.92999267578125,170.72999572753906,168.00999450683594,169.24000549316406,168.6476287841797,21492700,0,43.0,0.0,0.0,170.69044494628906,162.15045166015625,160.9247589111328,171.2899932861328,162.72000122070312,161.49000549316406,-0.011967958503782627,-1.1967958503782627,167.25352478027344,165.2181755065918,161.9390069580078,161.1601417541504,0.19296065482120425,170.69044494628906,166.13645935058594,57.115424403456345,2.049131242486226,1.4425380623742443
1055,2024-11-05,169.42999267578125,170.52999877929688,168.83999633789062,169.74000549316406,169.14588928222656,18242100,0,0.0,0.0,0.0,168.6476287841797,164.6915283203125,162.16041564941406,169.24000549316406,165.27000427246094,162.72999572753906,0.002954447101563007,0.2954447101563007,167.7119155883789,165.4852378845215,162.01474487304688,161.28027282714845,0.19142182903278235,168.6476287841797,169.08609008789062,58.0297363383303,2.0262434293167075,1.559279135762737
1056,2024-11-06,173.8000030517578,176.94000244140625,173.5,176.50999450683594,175.89218139648438,33695500,0,0.0,43.0,0.0,169.14588928222656,166.13645935058594,163.3761444091797,169.74000549316406,166.72000122070312,163.9499969482422,0.03988445798408602,3.988445798408602,169.08011016845703,166.2151741027832,162.25486602783204,161.4289167022705,0.22394073064639783,169.14588928222656,173.84934997558594,67.98303090073739,2.523386041454387,1.7521005169010668
1057,2024-11-07,177.41000366210938,181.0800018310547,177.19000244140625,180.75,180.11732482910156,25352900,0,0.0,43.0,0.0,175.89218139648438,169.08609008789062,165.26950073242188,176.50999450683594,169.67999267578125,165.85000610351562,0.02402121230785781,2.402121230785781,170.87679748535157,167.1454055786133,162.61591369628906,161.59043586730957,0.23403254405752538,175.89218139648438,170.51107788085938,72.39799159198398,3.2211771818684554,2.045915849894545
1058,2024-11-08,180.64999389648438,180.89999389648438,178.0800018310547,178.35000610351562,177.72573852539062,22006200,0,0.0,43.0,0.0,180.11732482910156,173.84934997558594,166.405517578125,180.75,174.4600067138672,166.99000549316406,-0.013277935956355735,-1.3277935956355735,172.1802185058594,167.89826126098632,162.9504266357422,161.72424156188964,0.24325235368652112,180.11732482910156,170.69044494628906,66.78427928332539,3.5403892570322455,2.3448105313220853
1059,2024-11-11,178.5800018310547,180.5500030517578,178.47000122070312,180.35000610351562,179.71873474121094,17450400,29,0.0,43.0,0.0,177.72573852539062,170.51107788085938,165.2794647216797,178.35000610351562,171.11000061035156,165.86000061035156,0.01121388625168418,1.121388625168418,173.53844604492187,168.66506729125976,163.29295349121094,161.8664217376709,0.24348529230555768,177.72573852539062,168.6476287841797,68.94528670116523,3.9091233245105173,2.657673089959772
1060,2024-11-12,179.82000732421875,182.49000549316406,179.38999938964844,181.6199951171875,180.9842987060547,25134900,29,29.0,43.0,0.0,179.71873474121094,170.69044494628906,165.2794647216797,180.35000610351562,171.2899932861328,165.86000061035156,0.007041914504161806,0.7041914504161806,174.72826690673827,169.47023849487306,163.78061126708985,162.00836898803712,0.2435629968311891,179.71873474121094,169.14588928222656,70.26809707833883,4.254425792527911,2.9770236304734
1061,2024-11-13,180.4600067138672,180.9600067138672,178.5399932861328,178.8800048828125,178.25387573242188,23184000,29,29.0,0.0,0.0,180.9842987060547,168.6476287841797,166.47525024414062,181.6199951171875,169.24000549316406,167.05999755859375,-0.015086518516545078,-1.5086518516545078,175.16871948242186,170.15383758544922,164.23177307128907,162.14685310363768,0.25271442982317677,180.9842987060547,175.89218139648438,63.93999893394172,4.258666910114698,3.23335228640166
1062,2024-11-14,178.27999877929688,178.82000732421875,174.32000732421875,175.5800018310547,174.96543884277344,31007500,29,29.0,0.0,0.0,178.25387573242188,169.14588928222656,162.4095458984375,178.8800048828125,169.74000549316406,162.97999572753906,-0.018448052678443516,-1.8448052678443516,175.6141555786133,170.78412399291992,164.60144165039063,162.32535629272462,0.2578458867795243,178.25387573242188,180.11732482910156,57.25263776049168,3.951132456512852,3.3769083204238988
1063,2024-11-15,173.72999572753906,174.13999938964844,171.22000122070312,172.49000549316406,171.88626098632812,32504600,29,29.0,0.0,0.0,174.96543884277344,175.89218139648438,163.8046417236328,175.5800018310547,176.50999450683594,164.3800048828125,-0.01759877766038298,-1.759877766038298,175.73373718261718,171.2360366821289,165.03531799316406,162.48319519042968,0.2688981189625685,174.96543884277344,177.72573852539062,51.79050505081485,3.4195270874330106,3.3854320738257213
1064,2024-11-18,173.4199981689453,175.44000244140625,172.89999389648438,175.3000030517578,174.68641662597656,20135300,28,29.0,0.0,0.0,171.88626098632812,180.11732482910156,161.29345703125,172.49000549316406,180.75,161.86000061035156,0.016290747285911067,1.6290747285911067,176.33761596679688,171.79557037353516,165.56525634765626,162.64897132873534,0.27310834420690255,171.88626098632812,179.71873474121094,55.9099562005223,3.187432423796139,3.345832143819805
1065,2024-11-19,173.72000122070312,178.8699951171875,173.55999755859375,178.1199951171875,177.4965362548828,23434900,28,28.0,0.0,0.0,174.68641662597656,177.72573852539062,161.5126953125,175.3000030517578,178.35000610351562,162.0800018310547,0.016086652203319396,1.6086652203319396,177.1726806640625,172.4422981262207,166.15239410400392,162.82233680725096,0.27662052349055277,174.68641662597656,180.9842987060547,59.63741670463937,3.1934369463432972,3.3153531043245037
1066,2024-11-20,177.33999633789062,177.67999267578125,173.77999877929688,175.97999572753906,175.36404418945312,18997100,28,28.0,29.0,0.0,177.4965362548828,179.71873474121094,162.6686248779297,178.1199951171875,180.35000610351562,163.24000549316406,-0.012014274252470258,-1.2014274252470258,177.11986694335937,173.0999885559082,166.64705657958984,162.98295234680177,0.27474280260071315,177.4965362548828,178.25387573242188,55.78330697132666,2.991635573360554,3.250609598131714
1067,2024-11-21,173.89999389648438,174.1300048828125,163.6999969482422,167.6300048828125,167.0432586669922,59734400,28,28.0,29.0,0.0,175.36404418945312,180.9842987060547,164.3826141357422,175.97999572753906,181.6199951171875,164.9600067138672,-0.04744864068869015,-4.744864068869015,175.81246032714844,173.34462890625,166.90495056152344,163.09480690002442,0.33004093833257925,175.36404418945312,174.96543884277344,43.86995379510016,2.135670005005551,3.027621679506481
1068,2024-11-22,165.85000610351562,166.4600067138672,163.89999389648438,164.75999450683594,164.1833038330078,38604600,28,28.0,29.0,0.0,167.0432586669922,178.25387573242188,164.88087463378906,167.6300048828125,178.8800048828125,165.4600067138672,-0.01712104311665652,-1.712104311665652,174.45821685791014,173.31921768188477,167.05043914794922,163.1905226135254,0.33214101215856806,167.0432586669922,171.88626098632812,40.656039029493066,1.2125590458340412,2.6646091527719933
1069,2024-11-25,166.08999633789062,168.6300048828125,165.61000061035156,167.64999389648438,167.0631866455078,33135300,36,28.0,29.0,0.0,164.1833038330078,174.96543884277344,164.58189392089844,164.75999450683594,175.5800018310547,165.16000366210938,0.017540655750411416,1.7540655750411416,173.19266204833986,173.36555404663085,167.2415676879883,163.28527992248536,0.3366213618928613,164.1833038330078,174.68641662597656,45.02364494257991,0.7052398686103913,2.272735295939673
1070,2024-11-26,167.6300048828125,169.82000732421875,167.5800018310547,169.1199951171875,168.52804565429688,20486700,36,36.0,29.0,0.0,167.0631866455078,171.88626098632812,162.35971069335938,167.64999389648438,172.49000549316406,162.92999267578125,0.008768293232053193,0.8768293232053193,171.94703674316406,173.33765182495117,167.43688140869142,163.3946676635742,0.33198902481528986,167.0631866455078,177.4965362548828,47.15415437096778,0.41658550688717355,1.9015053381291733
1071,2024-11-27,169.0,169.47999572753906,168.02000427246094,169.22999572753906,168.63766479492188,19266500,36,36.0,28.0,0.0,168.52804565429688,174.68641662597656,162.84800720214844,169.1199951171875,175.3000030517578,163.4199981689453,0.0006504504351154683,0.06504504351154683,170.98541564941405,173.07706756591796,167.62462188720704,163.51648231506348,0.31500162037980395,168.52804565429688,175.36404418945312,47.318682211660224,0.19442893832896857,1.5600900581691326
1072,2024-11-29,168.5,169.42999267578125,167.16000366210938,168.9499969482422,168.358642578125,14257200,36,36.0,28.0,0.0,168.63766479492188,177.4965362548828,163.49574279785156,169.22999572753906,178.1199951171875,164.07000732421875,-0.0016545664169163032,-0.16545664169163032,170.32473602294922,172.96944580078124,167.76034545898438,163.63292572021484,0.3078769604102458,168.63766479492188,167.0432586669922,46.91826972806907,-0.004099250209890215,1.247252196493328
1073,2024-12-02,168.77000427246094,172.0800018310547,168.57000732421875,171.49000549316406,170.88975524902344,23789100,29,36.0,28.0,0.0,168.358642578125,175.36404418945312,164.56198120117188,168.9499969482422,175.97999572753906,165.13999938964844,0.015034052497328254,1.5034052497328254,170.22508544921874,172.97941131591796,167.91779235839843,163.77778015136718,0.3127469811072486,168.358642578125,164.1833038330078,50.971324779115164,0.04231755872973508,1.0062652689406095
1074,2024-12-03,171.49000549316406,172.67999267578125,170.85000610351562,171.33999633789062,170.7402801513672,22248700,29,29.0,28.0,0.0,170.88975524902344,167.0432586669922,162.21023559570312,171.49000549316406,167.6300048828125,162.77999877929688,-0.0008746872943813377,-0.08746872943813377,169.83047180175782,173.08404388427735,168.10692810058595,163.93307014465333,0.3094638352787807,170.88975524902344,167.0631866455078,50.725003704560976,0.06627781368445085,0.8182677778893779
1075,2024-12-04,171.14999389648438,174.91000366210938,171.05999755859375,174.3699951171875,173.75965881347656,31615100,29,29.0,28.0,0.0,170.7402801513672,164.1833038330078,162.15045166015625,171.33999633789062,164.75999450683594,162.72000122070312,0.017684044206982552,1.7684044206982552,169.4567840576172,173.31473236083986,168.3476821899414,164.10047492980956,0.31518899272319856,170.7402801513672,168.52804565429688,55.412316909647245,0.32515690598319225,0.7196456035081408
1076,2024-12-05,175.36000061035156,176.05999755859375,172.3300018310547,172.63999938964844,172.0357208251953,21356200,29,29.0,36.0,0.0,173.75965881347656,167.0631866455078,164.6915283203125,174.3699951171875,167.64999389648438,165.27000427246094,-0.009921393723107075,-0.9921393723107075,169.12395172119142,173.12190933227538,168.56990142822266,164.25215263366698,0.2827249931194224,173.75965881347656,168.63766479492188,52.35031528483509,0.38675479511809385,0.6530674418301314
1077,2024-12-06,172.02999877929688,175.0800018310547,171.86000061035156,174.7100067138672,174.0985107421875,21462400,29,29.0,36.0,43.0,172.0357208251953,168.52804565429688,166.13645935058594,172.63999938964844,169.1199951171875,166.72000122070312,0.01199047446133683,1.199047446133683,169.82947692871093,172.8209686279297,168.80866333007813,164.40649024963378,0.27163618734682127,172.0357208251953,168.358642578125,55.517724299956086,0.5951608293272557,0.6414861193295563
1078,2024-12-09,173.9600067138672,176.25999450683594,173.64999389648438,175.3699951171875,174.95645141601562,25389600,67,29.0,36.0,43.0,174.0985107421875,168.63766479492188,169.08609008789062,174.7100067138672,169.22999572753906,169.67999267578125,0.004927903576950277,0.49279035769502766,170.90679168701172,172.68250427246093,169.04026947021484,164.5657635498047,0.2688906807567146,174.0985107421875,170.88975524902344,56.803828955744265,0.8200991625391794,0.677208727971481
1079,2024-12-10,182.85000610351562,186.36000061035156,181.0500030517578,185.1699981689453,184.7333526611328,54813000,67,67.0,36.0,43.0,174.95645141601562,168.358642578125,173.84934997558594,175.3699951171875,168.9499969482422,174.4600067138672,0.05588191327606107,5.588191327606107,172.6738082885742,172.93323516845703,169.42954650878906,164.80568092346192,0.33390982094464217,174.95645141601562,170.7402801513672,68.11686143015491,1.766910786033236,0.895149139583832
1080,2024-12-11,185.30999755859375,195.61000061035156,184.85000610351562,195.39999389648438,194.93922424316406,67894100,67,67.0,29.0,43.0,184.7333526611328,170.88975524902344,170.51107788085938,185.1699981689453,171.49000549316406,171.11000061035156,0.05524650224235628,5.524650224235628,175.31492614746094,173.6309814453125,170.00022064208986,165.09011672973634,0.384382627572386,184.7333526611328,173.75965881347656,75.36878439001862,3.3027226310862545,1.3766638378843166
1081,2024-12-12,195.0,195.17999267578125,191.7100067138672,191.9600067138672,191.50733947753906,34817500,67,67.0,29.0,43.0,194.93922424316406,170.7402801513672,170.69044494628906,195.39999389648438,171.33999633789062,171.2899932861328,-0.017604895982063273,-1.7604895982063273,177.60189361572264,174.29365463256835,170.52477813720702,165.36981857299804,0.38614082540129474,194.93922424316406,172.0357208251953,69.63322348234843,4.194587569626805,1.940248584232814
1082,2024-12-13,191.00999450683594,192.72999572753906,189.63999938964844,189.82000732421875,189.3723907470703,25143500,67,67.0,29.0,0.0,191.50733947753906,173.75965881347656,168.6476287841797,191.9600067138672,174.3699951171875,169.24000549316406,-0.011148130073203477,-1.1148130073203477,179.7032684326172,175.0140022277832,171.00663665771484,165.6285076904297,0.3813847915518738,191.50733947753906,174.0985107421875,66.25533967303335,4.675231282923136,2.4872451239708786
1083,2024-12-16,192.8699951171875,199.0,192.6199951171875,196.66000366210938,196.19625854492188,44934900,49,67.0,29.0,0.0,189.3723907470703,172.0357208251953,169.14588928222656,189.82000732421875,172.63999938964844,169.74000549316406,0.036034121821726606,3.6034121821726606,182.23391876220703,176.2295021057129,171.60105682373046,165.9278768157959,0.3881165683618871,189.3723907470703,174.95645141601562,71.08369136257448,5.542879130115864,3.098371925199876
1084,2024-12-17,197.25,201.4199981689453,194.97999572753906,195.4199981689453,194.95916748046875,43504000,49,49.0,29.0,0.0,196.19625854492188,174.0985107421875,175.89218139648438,196.66000366210938,174.7100067138672,176.50999450683594,-0.00630537541147802,-0.630537541147802,184.6558074951172,177.2431396484375,172.2520492553711,166.23989753723146,0.3891651779030485,196.19625854492188,184.7333526611328,69.1519282082444,6.060808166163895,3.6908591733926803
1085,2024-12-18,195.22000122070312,197.0,187.74000549316406,188.39999389648438,187.95571899414062,34166100,49,49.0,67.0,0.0,194.95916748046875,174.95645141601562,180.11732482910156,195.4199981689453,175.3699951171875,180.75,-0.03592264255554811,-3.592264255554811,186.0754135131836,177.7660987854004,172.73507080078124,166.52028076171874,0.41391230216196667,194.95916748046875,194.93922424316406,59.323081540329426,5.838844333204804,4.120456205355105
1086,2024-12-19,191.6300048828125,193.02999877929688,188.3800048828125,188.50999450683594,188.06546020507812,32265200,49,49.0,67.0,0.0,187.95571899414062,184.7333526611328,177.72573852539062,188.39999389648438,185.1699981689453,178.35000610351562,0.0005838673679352535,0.05838673679352535,187.6783874511719,178.40116958618165,173.2705108642578,166.80752494812012,0.4101745203782924,187.95571899414062,191.50733947753906,59.4204119144911,5.607155793346351,4.417796122953354
1087,2024-12-20,185.77999877929688,192.88999938964844,185.22000122070312,191.41000366210938,190.95863342285156,63462900,49,49.0,67.0,29.0,188.06546020507812,194.93922424316406,179.71873474121094,188.50999450683594,195.39999389648438,180.35000610351562,0.015383862696629835,1.5383862696629835,189.3643997192383,179.5969383239746,173.85942962646484,167.09442367553712,0.3640627614858641,188.06546020507812,189.3723907470703,62.001796897280464,5.592528666460879,4.65274263165486
1088,2024-12-23,192.6199951171875,195.10000610351562,190.14999389648438,194.6300048828125,194.17105102539062,25675000,0,49.0,67.0,29.0,190.95863342285156,191.50733947753906,180.9842987060547,191.41000366210938,191.9600067138672,181.6199951171875,0.016822583744750652,1.6822583744750652,191.28585968017578,181.09632568359376,174.48947814941405,167.39226524353026,0.35408710103465346,190.95863342285156,196.19625854492188,64.68783250075262,5.773597379599721,4.876913581243833
1089,2024-12-24,194.83999633789062,196.11000061035156,193.77999877929688,196.11000061035156,195.64755249023438,10403300,0,0.0,67.0,29.0,194.17105102539062,189.3723907470703,178.25387573242188,194.6300048828125,189.82000732421875,178.8800048828125,0.007604127685597595,0.7604127685597595,192.37727966308594,182.5255439758301,175.1147769165039,167.68625671386718,0.3525335145882256,194.17105102539062,194.95916748046875,65.88161109979063,5.967447942592372,5.095020453513541
1090,2024-12-26,195.14999389648438,196.75,194.3800048828125,195.60000610351562,195.13876342773438,12046600,0,0.0,49.0,29.0,195.64755249023438,196.19625854492188,174.96543884277344,196.11000061035156,196.66000366210938,175.5800018310547,-0.002600538856857848,-0.2600538856857848,192.39723358154296,183.85607986450196,175.71993469238282,167.97357894897462,0.3545767819937832,195.64755249023438,187.95571899414062,65.06533394110616,6.010732897870469,5.278162942384927
1091,2024-12-27,194.9499969482422,195.32000732421875,190.64999389648438,192.75999450683594,192.30545043945312,18891400,0,0.0,49.0,29.0,195.13876342773438,194.95916748046875,171.88626098632812,195.60000610351562,195.4199981689453,172.49000549316406,-0.014519478029440869,-1.4519478029440869,192.47704467773437,185.03946914672852,176.27440582275392,168.2403231048584,0.3625148504464697,195.13876342773438,188.06546020507812,60.56507829716116,5.75012796179675,5.372555946267291
1092,2024-12-30,189.8000030517578,192.5500030517578,189.1199951171875,191.24000549316406,190.78903198242188,14264700,0,0.0,49.0,28.0,192.30545043945312,187.95571899414062,174.68641662597656,192.75999450683594,188.39999389648438,175.3000030517578,-0.007885467903098742,-0.7885467903098742,192.61870880126952,186.16098861694337,176.84299224853515,168.4830337524414,0.3651149124180816,192.30545043945312,190.95863342285156,58.24318719468108,5.35945392742542,5.369935542498917
1093,2024-12-31,191.0800018310547,191.9600067138672,188.50999450683594,189.3000030517578,188.85362243652344,17466900,0,0.0,49.0,28.0,190.78903198242188,188.06546020507812,177.4965362548828,191.24000549316406,188.50999450683594,178.1199951171875,-0.010144239036113722,-1.0144239036113722,191.8844451904297,187.05918197631837,177.36310455322266,168.7256101989746,0.3682533882322925,190.78903198242188,194.17105102539062,55.32776668385584,4.837902239542274,5.263528881907589
1094,2025-01-02,190.64999389648438,192.0,187.5,189.42999267578125,188.98329162597656,20370800,0,0.0,49.0,28.0,188.85362243652344,190.95863342285156,175.36404418945312,189.3000030517578,191.41000366210938,175.97999572753906,0.000686612137909659,0.0686612137909659,191.28685760498047,187.97133255004883,177.87285552978517,168.93652870178224,0.3679499065436775,188.85362243652344,195.64755249023438,55.48852618412613,4.384490314125372,5.087721168351146
1095,2025-01-03,191.3699951171875,193.2100067138672,189.97999572753906,191.7899932861328,191.33773803710938,18596200,0,0.0,0.0,28.0,188.98329162597656,194.17105102539062,167.0432586669922,189.42999267578125,194.6300048828125,167.6300048828125,0.012458489800212469,1.2458489800212469,191.62505950927735,188.85023651123046,178.4083706665039,169.16245010375977,0.36608753861248905,188.98329162597656,195.13876342773438,58.414796935266736,4.167106435964541,4.903598221873825
1096,2025-01-06,193.97999572753906,198.22000122070312,193.85000610351562,196.8699951171875,196.40576171875,29563600,27,0.0,0.0,28.0,191.33773803710938,195.64755249023438,164.1833038330078,191.7899932861328,196.11000061035156,164.75999450683594,0.02648731888247635,2.648731888247635,192.45908966064454,190.0687385559082,179.09228118896485,169.40521255493164,0.36910150978839706,191.33773803710938,192.30545043945312,63.91417612645198,4.353589828693487,4.793596543237758
1097,2025-01-07,197.11000061035156,201.0,194.60000610351562,195.49000549316406,195.02902221679688,26487200,27,27.0,0.0,36.0,196.40576171875,195.13876342773438,167.0631866455078,196.8699951171875,195.60000610351562,167.64999389648438,-0.00700966962427807,-0.700966962427807,192.86612854003906,191.11526412963866,179.74985260009765,169.64675727844238,0.3717773467757848,196.40576171875,190.78903198242188,61.53358463801734,4.3402561182404895,4.702928458238304
1098,2025-01-08,192.57000732421875,196.2899932861328,192.3800048828125,193.9499969482422,193.49264526367188,24864800,27,27.0,0.0,36.0,195.02902221679688,192.30545043945312,168.52804565429688,195.49000549316406,192.75999450683594,169.1199951171875,-0.007877683719385797,-0.7877683719385797,192.79828796386718,192.04207382202148,180.32587493896483,169.864864654541,0.37500850679236847,195.02902221679688,188.85362243652344,58.89717529788435,4.157787885946959,4.593900343780035
1099,2025-01-10,194.3000030517578,196.52000427246094,190.30999755859375,192.0399932861328,191.58714294433594,26665200,27,27.0,0.0,36.0,193.49264526367188,190.78903198242188,168.63766479492188,193.9499969482422,191.24000549316406,169.22999572753906,-0.009847931515636232,-0.9847931515636232,192.39224700927736,192.38476333618163,180.83488861083984,170.07692359924317,0.3269409297521085,193.49264526367188,188.98329162597656,55.709137638203536,3.815440363536908,4.438208347731409
1100,2025-01-13,190.07000732421875,191.17999267578125,187.36000061035156,191.00999450683594,190.5595703125,21823700,0,27.0,0.0,36.0,191.58714294433594,188.85362243652344,168.358642578125,192.0399932861328,189.3000030517578,168.9499969482422,-0.005363473853433276,-0.5363473853433276,191.9343276977539,192.16578063964843,181.26435821533204,170.2808625793457,0.2600101282076624,191.58714294433594,191.33773803710938,54.011280364653466,3.421766962373624,4.234920070659852
1101,2025-01-14,191.24000549316406,191.97999572753906,188.30999755859375,189.66000366210938,189.21275329589844,17174900,0,0.0,0.0,29.0,190.5595703125,188.98329162597656,170.88975524902344,191.00999450683594,189.42999267578125,171.49000549316406,-0.007067695494867632,-0.7067695494867632,191.62505798339845,192.0510513305664,181.57162628173828,170.4770735168457,0.25370326538856336,190.5595703125,196.40576171875,51.78362529914921,2.9669004961791927,3.98131615576372
1102,2025-01-15,193.08999633789062,196.36000061035156,191.86000061035156,195.5500030517578,195.0888671875,21776000,0,0.0,0.0,29.0,189.21275329589844,191.33773803710938,170.7402801513672,189.66000366210938,191.7899932861328,171.33999633789062,0.031055591070081157,3.1055591070081157,192.05504150390624,192.33687515258788,182.06318206787108,170.70236686706542,0.2736175661448842,189.21275329589844,195.02902221679688,59.6106488663603,3.0454626294460354,3.7941454505001837
1103,2025-01-16,194.13999938964844,195.47999572753906,192.80999755859375,192.91000366210938,192.45509338378906,17815400,0,0.0,27.0,29.0,195.0888671875,196.40576171875,173.75965881347656,195.5500030517578,196.8699951171875,174.3699951171875,-0.01350037980988228,-1.350037980988228,192.41518859863282,192.14981689453126,182.4984750366211,170.89182708740233,0.24611999270135712,195.0888671875,193.49264526367188,55.27916672412183,2.8622064175562514,3.6077576439113974
1104,2025-01-17,196.52999877929688,197.22999572753906,193.75,196.0,195.5377960205078,27735100,0,0.0,27.0,29.0,192.45509338378906,195.02902221679688,172.0357208251953,192.91000366210938,195.49000549316406,172.63999938964844,0.016017776316116006,1.6017776316116006,193.07063903808594,192.1787483215332,183.03627838134764,171.10132316589355,0.2522348005139603,192.45509338378906,191.58714294433594,59.03149351803943,2.9319254770668124,3.4725912105424808
1105,2025-01-21,199.07000732421875,202.2899932861328,197.8699951171875,198.0500030517578,197.58297729492188,29971300,45,0.0,27.0,29.0,195.5377960205078,193.49264526367188,174.0985107421875,196.0,193.9499969482422,174.7100067138672,0.010459263201471058,1.0459263201471058,193.69516296386718,192.66011123657228,183.60502014160156,171.31925605773927,0.2149456674299957,195.5377960205078,190.5595703125,61.34857413592012,3.1162847794620916,3.4013299243264035
1106,2025-01-22,199.05999755859375,200.47999572753906,197.52999877929688,198.3699951171875,197.9022216796875,26200600,45,45.0,27.0,67.0,197.58297729492188,191.58714294433594,174.95645141601562,198.0500030517578,192.0399932861328,175.3699951171875,0.0016157484269967437,0.16157484269967437,193.84480895996094,193.15194931030274,184.04522094726562,171.56060417175294,0.21484930157503826,197.58297729492188,189.21275329589844,61.71259235245817,3.250679400015599,3.371199819464243
1107,2025-01-23,198.13999938964844,200.3000030517578,195.1999969482422,197.97999572753906,197.5131378173828,26951400,45,45.0,0.0,67.0,197.9022216796875,190.5595703125,184.7333526611328,198.3699951171875,191.00999450683594,185.1699981689453,-0.0019660409014227165,-0.19660409014227165,194.09322052001954,193.47967453002929,184.39313720703126,171.79021560668946,0.20996997108777232,197.9022216796875,195.0888671875,60.95906241562291,3.287891522259571,3.354538160023309
1108,2025-01-24,198.10000610351562,200.89999389648438,198.0,200.2100067138672,199.73788452148438,23877500,45,45.0,0.0,67.0,197.5131378173828,189.21275329589844,194.93922424316406,197.97999572753906,189.66000366210938,195.39999389648438,0.01126379099986008,1.126379099986008,194.71774444580078,193.75801620483398,184.83338012695313,172.0192706298828,0.20556591785535913,197.5131378173828,192.45509338378906,63.68920024336135,3.457050141185192,3.3750405562556858
1109,2025-01-27,192.41000366210938,196.8800048828125,190.72999572753906,191.80999755859375,191.35768127441406,41728900,29,45.0,0.0,67.0,199.73788452148438,195.0888671875,191.50733947753906,200.2100067138672,195.5500030517578,191.9600067138672,-0.04195600282413581,-4.195600282413581,194.6947982788086,193.54352264404298,185.0661590576172,172.19772689819337,0.25528801659803135,199.73788452148438,195.5377960205078,49.61469031857166,2.881678997942572,3.2763682445930633
1110,2025-01-28,192.75,195.47999572753906,190.67999267578125,195.3000030517578,194.83946228027344,24157900,29,29.0,0.0,67.0,191.35768127441406,192.45509338378906,189.3723907470703,191.80999755859375,192.91000366210938,189.82000732421875,0.018195146297087295,1.8195146297087295,195.12278747558594,193.52855758666993,185.34326232910155,172.39587837219239,0.2640636748711075,191.35768127441406,197.58297729492188,54.14839865288685,2.6757989061493106,3.156254376904313
1111,2025-01-29,195.55999755859375,196.7899932861328,193.42999267578125,195.41000366210938,194.94920349121094,18218300,29,29.0,0.0,49.0,194.83946228027344,195.5377960205078,196.19625854492188,195.3000030517578,196.0,196.66000366210938,0.0005632391387924152,0.056323913879241516,195.6964324951172,193.6607452392578,185.67716888427734,172.57832611083984,0.25838896462023736,194.83946228027344,197.9022216796875,54.288013857219305,2.4927576897347876,3.0235550394704083
1112,2025-01-30,198.0,201.39999389648438,197.6699981689453,200.8699951171875,200.3963165283203,24354700,29,29.0,45.0,49.0,194.94920349121094,197.58297729492188,194.95916748046875,195.41000366210938,198.0500030517578,195.4199981689453,0.027941191549187172,2.794119154918717,196.22717742919923,194.14110946655273,186.18578643798827,172.79635925292968,0.27326652022371617,194.94920349121094,197.5131378173828,60.68680420203739,2.7554693699802044,2.969937905572368
1113,2025-01-31,202.0,205.47999572753906,201.8000030517578,204.02000427246094,203.53890991210938,32001100,29,29.0,45.0,49.0,200.3963165283203,197.9022216796875,187.95571899414062,200.8699951171875,198.3699951171875,188.39999389648438,0.015681891954061777,1.5681891954061777,197.33555908203124,194.87537384033203,186.81883941650392,173.04436981201172,0.27266747474931835,200.3963165283203,199.73788452148438,63.83234037470597,3.180587459249864,3.012067816307867
1114,2025-02-03,200.69000244140625,203.75,200.10000610351562,201.22999572753906,200.75546264648438,27838300,0,29.0,45.0,49.0,203.53890991210938,197.5131378173828,188.06546020507812,204.02000427246094,197.97999572753906,188.50999450683594,-0.013675258783821365,-1.3675258783821365,197.8573257446289,195.46398239135743,187.34022033691406,173.28074951171874,0.2795846290876567,203.53890991210938,191.35768127441406,59.30612348190767,3.2553697990637147,3.0607282128590367
1115,2025-02-04,203.38999938964844,207.0500030517578,202.80999755859375,206.3800048828125,205.89334106445312,43856400,0,0.0,45.0,49.0,200.75546264648438,199.73788452148438,190.95863342285156,201.22999572753906,200.2100067138672,191.41000366210938,0.025592720368541988,2.559272036854199,198.68836212158203,196.1917625427246,187.90815643310546,173.53750045776368,0.2890951214041695,200.75546264648438,194.83946228027344,64.33349171267699,3.686720967028606,3.185926763692951
1116,2025-02-05,191.07000732421875,192.75,188.02999877929688,191.3300018310547,190.8788299560547,70373900,0,0.0,29.0,0.0,205.89334106445312,191.35768127441406,194.17105102539062,206.3800048828125,191.80999755859375,194.6300048828125,-0.07292373337949898,-7.292373337949898,197.98602294921875,195.91541595458983,188.2184521484375,173.7164949798584,0.3851621949274451,205.89334106445312,194.94920349121094,46.32315535634066,2.7849214692709836,3.105725704808558
1117,2025-02-06,189.5,192.10000610351562,188.72000122070312,191.60000610351562,191.148193359375,29297400,0,0.0,29.0,0.0,190.8788299560547,194.83946228027344,195.64755249023438,191.3300018310547,195.3000030517578,196.11000061035156,0.0014111748452267925,0.14111748452267925,197.34952850341796,195.72137451171875,188.70055084228517,173.90637908935548,0.3846196506179923,190.8788299560547,200.3963165283203,46.61191805835531,2.0681340833237982,2.898207380511606
1118,2025-02-07,191.0500030517578,191.17999267578125,183.24000549316406,185.33999633789062,184.90293884277344,49315000,0,0.0,29.0,0.0,191.148193359375,194.94920349121094,195.13876342773438,191.60000610351562,195.41000366210938,195.60000610351562,-0.03267231778047697,-3.2672317780476967,195.86603393554688,195.29188919067383,189.11494354248046,174.05415214538573,0.40048313893107973,191.148193359375,203.53890991210938,41.09228009096025,0.9847831034559533,2.5155225251004754
1119,2025-02-10,187.35000610351562,188.1999969482422,185.86000061035156,186.47000122070312,186.03028869628906,23105600,27,0.0,29.0,0.0,184.90293884277344,200.3963165283203,192.30545043945312,185.33999633789062,200.8699951171875,192.75999450683594,0.006096981803378698,0.6096981803378698,195.3332946777344,195.0140464782715,189.4942855834961,174.19772102355958,0.4003165891126904,184.90293884277344,200.75546264648438,42.41782646782012,0.2147122887008095,2.055360477820542
1120,2025-02-11,185.02999877929688,186.94000244140625,184.27999877929688,185.32000732421875,184.8830108642578,21239500,27,27.0,29.0,0.0,186.03028869628906,203.53890991210938,190.78903198242188,186.47000122070312,204.02000427246094,191.24000549316406,-0.006167156112434347,-0.6167156112434347,194.3376495361328,194.73021850585937,189.8213848876953,174.33122940063475,0.4004386223320028,186.03028869628906,205.89334106445312,41.39692146504579,-0.482587148647724,1.547770952526889
1121,2025-02-12,183.22000122070312,185.11000061035156,181.8300018310547,183.61000061035156,183.17703247070312,22072600,27,27.0,0.0,0.0,184.8830108642578,200.75546264648438,188.85362243652344,185.32000732421875,201.22999572753906,189.3000030517578,-0.009227339957197156,-0.9227339957197156,193.16043243408203,194.4284324645996,190.11217224121094,174.47176460266112,0.40093129705847175,184.8830108642578,190.8788299560547,39.86063998235243,-1.1594942474961272,1.0063179125222859
1122,2025-02-13,184.32000732421875,186.27999877929688,183.13999938964844,186.13999938964844,185.70106506347656,21402500,27,27.0,0.0,0.0,183.17703247070312,205.89334106445312,188.98329162597656,183.61000061035156,206.3800048828125,189.42999267578125,0.01377919796346272,1.377919796346272,191.69090728759767,193.95904235839845,190.45902069091798,174.54564537048338,0.3868776883469502,183.17703247070312,191.148193359375,43.21815793401913,-1.475273628110557,0.5099996043957173
1123,2025-02-14,185.05999755859375,186.39999389648438,184.32000732421875,185.22999572753906,184.79319763183594,20448400,27,27.0,0.0,0.0,185.70106506347656,190.8788299560547,191.33773803710938,186.13999938964844,191.3300018310547,191.7899932861328,-0.0048888649687081065,-0.48888649687081065,189.81633605957032,193.5759475708008,190.73708953857422,174.64381393432618,0.38473539090149256,185.70106506347656,184.90293884277344,42.30331589531433,-1.7782893638440669,0.05234181074776051
1124,2025-02-18,185.60000610351562,185.9600067138672,181.74000549316406,183.77000427246094,183.33663940429688,29916700,34,27.0,0.0,27.0,184.79319763183594,191.148193359375,196.40576171875,185.22999572753906,191.60000610351562,196.8699951171875,-0.007882098725522146,-0.7882098725522146,188.07445373535157,192.96588973999025,190.9890167236328,174.7514492034912,0.3794188147513048,184.79319763183594,186.03028869628906,40.8107134614854,-2.1116221280675234,-0.3804509770152963
1125,2025-02-19,184.07000732421875,185.4600067138672,183.58999633789062,185.27000427246094,184.83311462402344,19549400,34,34.0,0.0,27.0,183.33663940429688,184.90293884277344,195.02902221679688,183.77000427246094,185.33999633789062,195.49000549316406,0.008162444913296873,0.8162444913296873,185.9684310913086,192.32839660644532,191.21048583984376,174.86119911193848,0.37842947561058676,183.33663940429688,184.8830108642578,43.03457349922331,-2.2293392662351437,-0.7502286348592658
1126,2025-02-20,184.8000030517578,185.30999755859375,182.72000122070312,184.55999755859375,184.12478637695312,20441500,34,34.0,27.0,27.0,184.83311462402344,186.03028869628906,193.49264526367188,185.27000427246094,186.47000122070312,193.9499969482422,-0.003832258351059825,-0.3832258351059825,185.29302673339845,191.6395248413086,191.4522671508789,174.9536897277832,0.37803197370292635,184.83311462402344,183.17703247070312,42.225863889154645,-2.352667035036035,-1.0707163148946197
1127,2025-02-21,185.14999389648438,185.33999633789062,179.0800018310547,179.66000366210938,179.23634338378906,35199200,34,34.0,27.0,27.0,184.12478637695312,184.8830108642578,191.58714294433594,184.55999755859375,185.32000732421875,192.0399932861328,-0.02654961936062261,-2.654961936062261,184.10184173583986,190.7256851196289,191.55502380371092,175.01865646362305,0.38682904744216223,184.12478637695312,185.70106506347656,37.05103365900507,-2.8124415993913487,-1.4190613717939655
1128,2025-02-24,181.99000549316406,183.1199951171875,178.88999938964844,179.25,178.82730102539062,29854200,31,34.0,27.0,0.0,179.23634338378906,183.17703247070312,190.5595703125,179.66000366210938,183.61000061035156,191.00999450683594,-0.002282139607828193,-0.2282139607828193,183.49427795410156,189.6801559448242,191.63244079589845,175.07730369567872,0.3824459237021908,179.23634338378906,184.79319763183594,36.64633614547285,-3.173243379548893,-1.7698977733449512
1129,2025-02-25,178.0399932861328,178.74000549316406,174.69000244140625,175.4199981689453,175.00633239746094,41913400,31,31.0,27.0,0.0,178.82730102539062,185.70106506347656,189.21275329589844,179.25,186.13999938964844,189.66000366210938,-0.02136680812169267,-2.136680812169267,182.39188232421876,188.86258850097656,191.437900390625,175.10119003295898,0.36269684418804615,178.82730102539062,183.33663940429688,33.01827604149868,-3.7245671334154054,-2.160831645359042
1130,2025-02-26,175.07000732421875,176.0800018310547,171.5800018310547,172.72999572753906,172.3226776123047,35431300,31,31.0,27.0,0.0,175.00633239746094,184.79319763183594,195.0888671875,175.4199981689453,185.22999572753906,195.5500030517578,-0.015334615315869438,-1.5334615315869438,181.13584899902344,187.73674926757812,190.9855694580078,175.12095222473144,0.3546742633168193,175.00633239746094,184.83311462402344,30.718025855853327,-4.328151457529401,-2.5942956077931143
1131,2025-02-27,173.99000549316406,174.55999755859375,167.94000244140625,168.5,168.1026611328125,39991000,31,31.0,34.0,0.0,172.3226776123047,183.33663940429688,192.45509338378906,172.72999572753906,183.77000427246094,192.91000366210938,-0.024489037298889182,-2.4489037298889182,179.62841186523437,186.3944221496582,190.5174758911133,175.1167315673828,0.35975111786901265,172.3226776123047,184.12478637695312,27.476468072284533,-5.088360986666174,-3.093108683567727
1132,2025-02-28,168.67999267578125,170.61000061035156,166.77000427246094,170.27999877929688,169.87844848632812,48130600,31,31.0,34.0,0.0,168.1026611328125,184.83311462402344,195.5377960205078,168.5,185.27000427246094,196.0,0.010563707567440739,1.0563707567440739,178.04615020751953,184.8685287475586,190.12759704589843,175.12790100097655,0.34213849074368885,168.1026611328125,179.23634338378906,30.78635881668562,-5.484321472898415,-3.571351241433865
1133,2025-03-03,171.92999267578125,173.3699951171875,165.92999267578125,167.00999450683594,166.6161651611328,40770500,26,31.0,34.0,45.0,169.87844848632812,184.12478637695312,197.58297729492188,170.27999877929688,184.55999755859375,198.0500030517578,-0.0192036326812689,-1.92036326812689,176.22844696044922,183.02239151000975,189.53599517822266,175.120323638916,0.33238222809660056,169.87844848632812,178.82730102539062,28.236797009013316,-5.992286660726734,-4.055538325292439
1134,2025-03-04,166.24000549316406,173.2899932861328,165.8000030517578,170.9199981689453,170.51695251464844,45388000,26,26.0,34.0,45.0,166.6161651611328,179.23634338378906,197.9022216796875,167.00999450683594,179.66000366210938,198.3699951171875,0.023411818113465932,2.341181811346593,174.94647827148438,181.51046600341797,189.04715087890625,175.12628593444825,0.3520533335247839,166.6161651611328,175.00633239746094,35.15220366324792,-6.010802997226563,-4.446591259679264
1135,2025-03-05,170.52000427246094,173.77999877929688,169.05999755859375,173.02000427246094,172.61199951171875,30954900,26,26.0,31.0,45.0,170.51695251464844,178.82730102539062,197.5131378173828,170.9199981689453,179.25,197.97999572753906,0.01228644405247814,1.228644405247814,173.7243667602539,179.84639892578124,188.7402764892578,175.13193824768067,0.33816292182205937,170.51695251464844,172.3226776123047,38.57579284845631,-5.789684662840756,-4.715209940311563
1136,2025-03-06,170.52999877929688,174.80999755859375,170.5,172.35000610351562,171.94357299804688,28302000,26,26.0,31.0,45.0,172.61199951171875,175.00633239746094,199.73788452148438,173.02000427246094,175.4199981689453,200.2100067138672,-0.0038724220538706167,-0.38724220538706167,172.5062454223633,178.89963607788087,188.4178387451172,175.1259481048584,0.23776041048068755,172.61199951171875,168.1026611328125,37.888505296806265,-5.603786263340339,-4.892925204917318
1137,2025-03-07,171.25999450683594,174.97000122070312,170.27000427246094,173.86000061035156,173.4500274658203,27385800,26,26.0,31.0,29.0,171.94357299804688,172.3226776123047,191.35768127441406,172.35000610351562,172.72999572753906,191.80999755859375,0.008761330484801322,0.8761330484801322,171.9276138305664,178.0147277832031,188.06766662597656,175.1181462097168,0.2418279898567426,171.94357299804688,169.87844848632812,40.463031744765196,-5.274105551050809,-4.969161274144016
1138,2025-03-10,168.25999450683594,168.4600067138672,163.69000244140625,165.8699951171875,165.66943359375,43604000,25,26.0,31.0,29.0,173.4500274658203,168.1026611328125,194.83946228027344,173.86000061035156,168.5,195.3000030517578,-0.044857841683556554,-4.485784168355655,170.61182708740233,177.05305252075195,187.49763427734376,175.06716705322265,0.26340460495968765,173.4500274658203,166.6161651611328,32.88204670870893,-5.57637908476633,-5.090604836268479
1139,2025-03-11,164.91000366210938,166.75,161.3699951171875,164.0399932861328,163.84164428710938,39587400,25,25.0,31.0,29.0,165.66943359375,169.87844848632812,194.94920349121094,165.8699951171875,170.27999877929688,195.41000366210938,-0.011032749174012868,-1.1032749174012868,169.4953582763672,175.94362030029296,186.86151611328125,175.00242652893067,0.26053838841294535,165.66943359375,170.51695251464844,31.394015117406653,-5.89546115319547,-5.251576099653878
1140,2025-03-12,166.5800018310547,167.63999938964844,163.52999877929688,167.11000061035156,166.90794372558594,28372400,25,25.0,26.0,29.0,163.84164428710938,166.6161651611328,200.3963165283203,164.0399932861328,167.00999450683594,200.8699951171875,0.01871501871101411,1.8715018711014109,168.95388488769532,175.04486694335938,186.29689971923827,174.96032371520997,0.27514285216029655,163.84164428710938,172.61199951171875,36.5791326092191,-5.83366440085328,-5.367993759893759
1141,2025-03-13,166.0399932861328,166.1300048828125,162.11000061035156,162.75999450683594,162.56320190429688,31756200,25,25.0,26.0,29.0,166.90794372558594,170.51695251464844,203.53890991210938,167.11000061035156,170.9199981689453,204.02000427246094,-0.026030767166074886,-2.6030767166074886,168.39993896484376,174.01417541503906,185.70205474853515,174.91056297302245,0.2848942042389537,166.90794372558594,171.94357299804688,32.79678089135987,-6.0653567270600774,-5.507466353327023
1142,2025-03-14,163.27000427246094,166.49000549316406,162.4499969482422,165.49000549316406,165.28990173339844,31995900,25,25.0,26.0,0.0,162.56320190429688,172.61199951171875,200.75546264648438,162.75999450683594,173.02000427246094,201.22999572753906,0.016773167587501137,1.6773167587501137,167.9410842895508,172.99361724853514,185.1920721435547,174.8672785949707,0.2878061594279998,162.56320190429688,173.4500274658203,37.18652654698296,-5.960246663196159,-5.59802241530085
1143,2025-03-17,165.02999877929688,166.3000030517578,163.6699981689453,164.2899932861328,164.09133911132812,31184300,26,25.0,26.0,0.0,165.28990173339844,171.94357299804688,205.89334106445312,165.49000549316406,172.35000610351562,206.3800048828125,-0.007251275543762592,-0.7251275543762592,167.6886016845703,171.95852432250976,184.6968264770508,174.81099342346192,0.2878457373558863,165.28990173339844,165.66943359375,36.07116035504323,-5.905584267762009,-5.659534785793083
1144,2025-03-18,163.67999267578125,164.25,156.72000122070312,160.6699981689453,160.47572326660156,42074800,26,26.0,26.0,0.0,164.09133911132812,173.4500274658203,190.8788299560547,164.2899932861328,173.86000061035156,191.3300018310547,-0.022034166241239217,-2.2034166241239217,166.68447875976562,170.815478515625,184.12667510986327,174.7391152191162,0.29355282337801397,164.09133911132812,163.84164428710938,32.868452306867,-6.083882694647826,-5.744404367564032
1145,2025-03-19,161.75999450683594,165.8699951171875,161.0,163.88999938964844,163.69183349609375,34275600,26,26.0,25.0,0.0,160.47572326660156,165.66943359375,191.148193359375,160.6699981689453,165.8699951171875,191.60000610351562,0.02004110132066028,2.004110132066028,165.79246215820314,169.7584144592285,183.57375701904297,174.70215461730956,0.30424133443015894,160.47572326660156,166.90794372558594,38.13063837880017,-5.8976873960416185,-5.775060973259549
1146,2025-03-20,161.57000732421875,164.88999938964844,160.9600067138672,162.8000030517578,162.6031494140625,28138500,26,26.0,25.0,0.0,163.69183349609375,163.84164428710938,184.90293884277344,163.88999938964844,164.0399932861328,185.33999633789062,-0.00665081488049446,-0.665081488049446,164.8584197998047,168.68233261108398,182.89770477294923,174.65781227111816,0.3041543078807632,163.69183349609375,162.56320190429688,37.071304075929,-5.771444369249593,-5.774337652457558
1147,2025-03-21,161.2100067138672,164.24000549316406,160.88999938964844,163.99000549316406,163.79171752929688,36625800,26,26.0,25.0,27.0,162.6031494140625,166.90794372558594,186.03028869628906,162.8000030517578,167.11000061035156,186.47000122070312,0.007309625425567345,0.7309625425567345,163.89258880615233,167.91010131835938,182.2729586791992,174.61608268737794,0.2975169540793133,162.6031494140625,165.28990173339844,39.06177414505373,-5.511950018618904,-5.721860125689828
1148,2025-03-24,167.07000732421875,168.32000732421875,165.13999938964844,167.67999267578125,167.4772491455078,30879100,0,26.0,25.0,27.0,163.79171752929688,162.56320190429688,184.8830108642578,163.99000549316406,162.75999450683594,185.32000732421875,0.022501330786470986,2.2501330786470986,164.07337036132813,167.34259872436525,181.75265075683595,174.58969932556153,0.31240993675992745,163.79171752929688,164.09133911132812,44.88347028356262,-4.95182571163366,-5.567853242878595
1149,2025-03-25,168.97999572753906,170.6300048828125,168.32000732421875,170.55999755859375,170.353759765625,24174400,0,0.0,25.0,27.0,167.4772491455078,165.28990173339844,183.17703247070312,167.67999267578125,165.49000549316406,183.61000061035156,0.017175530615612278,1.7175530615612278,164.72458190917968,167.10997009277344,181.3279830932617,174.56964668273926,0.31245711083705247,167.4772491455078,160.47572326660156,48.980302090121214,-4.227085584480534,-5.299699711198983
1150,2025-03-26,169.0,169.61000061035156,164.83999633789062,165.05999755859375,164.86041259765625,28901600,0,0.0,26.0,27.0,170.353759765625,164.09133911132812,185.70106506347656,170.55999755859375,164.2899932861328,186.13999938964844,-0.03224670342190605,-3.2246703421906053,164.51982879638672,166.73685684204102,180.81399993896486,174.51556671142578,0.3280119255581513,170.353759765625,163.69183349609375,42.485541132793976,-4.04931305854916,-5.049622380669018
1151,2025-03-27,164.6300048828125,165.4199981689453,162.0,162.24000549316406,162.04383850097656,24508300,0,0.0,26.0,27.0,164.86041259765625,160.47572326660156,184.79319763183594,165.05999755859375,160.6699981689453,185.22999572753906,-0.01708459934255757,-1.7084599342557572,164.4678924560547,166.4339157104492,180.27062164306642,174.45868621826173,0.3222836948950034,164.86041259765625,162.6031494140625,39.58710165619162,-4.0885705452776335,-4.857412013590742
1152,2025-03-28,160.49000549316406,161.82000732421875,153.6300048828125,154.3300018310547,154.14340209960938,48669300,0,0.0,26.0,34.0,162.04383850097656,163.69183349609375,183.33663940429688,162.24000549316406,163.88999938964844,183.77000427246094,-0.04875493245810503,-4.875493245810503,163.35324249267578,165.64716339111328,179.4517123413086,174.3585717010498,0.3591735634910045,162.04383850097656,163.79171752929688,32.8229249366113,-4.702968681766265,-4.826523347225847
1153,2025-03-31,153.11000061035156,155.5399932861328,150.66000366210938,154.63999938964844,154.45301818847656,54603500,31,0.0,26.0,34.0,154.14340209960938,162.6031494140625,184.83311462402344,154.3300018310547,162.8000030517578,185.27000427246094,0.0020086236883958275,0.20086236883958275,162.38941040039063,165.03900604248048,178.69167083740234,174.25199394226075,0.3556109945755126,154.14340209960938,167.4772491455078,33.30389586612624,-5.106040939085432,-4.882426865597765
1154,2025-04-01,153.6199951171875,158.10000610351562,153.6199951171875,157.07000732421875,156.8800811767578,30672900,31,31.0,26.0,34.0,154.45301818847656,163.79171752929688,184.12478637695312,154.63999938964844,163.99000549316406,184.55999755859375,0.015713923992858092,1.5713923992858092,162.02984619140625,164.35716247558594,177.91851654052735,174.15172981262208,0.34885816759016947,154.45301818847656,170.353759765625,37.10538217378577,-5.170037928642586,-4.939949078206729
1155,2025-04-02,155.14999389648438,158.41000366210938,154.6999969482422,157.0399932861328,156.85011291503906,25041700,31,31.0,0.0,34.0,156.8800811767578,167.4772491455078,179.23634338378906,157.07000732421875,167.67999267578125,179.66000366210938,-0.0001910265566792413,-0.01910265566792413,161.34567413330078,163.56906814575194,177.10385925292968,174.06440238952638,0.3439440304987615,156.8800811767578,164.86041259765625,37.07728089846766,-5.1636508395878025,-4.984689430482944
1156,2025-04-03,151.11000061035156,152.77999877929688,150.38999938964844,150.72000122070312,150.5377655029297,46883400,31,31.0,0.0,31.0,156.85011291503906,170.353759765625,178.82730102539062,157.0399932861328,170.55999755859375,179.25,-0.04024445564491608,-4.024445564491607,160.1391357421875,162.4987777709961,176.15657012939454,173.93740257263184,0.3664863462957404,156.85011291503906,162.04383850097656,31.64151853398603,-5.603350767481373,-5.10842169788263
1157,2025-04-04,148.00999450683594,151.07000732421875,145.3800048828125,145.60000610351562,145.4239501953125,62259500,31,31.0,0.0,31.0,150.5377655029297,164.86041259765625,175.00633239746094,150.72000122070312,165.05999755859375,175.4199981689453,-0.033970314960717674,-3.3970314960717674,158.30235900878907,161.09747390747071,175.11478637695313,173.78259437561036,0.3743919743196842,150.5377655029297,154.14340209960938,28.053325746030154,-6.291928846438907,-5.345123127593886
1158,2025-04-07,141.5500030517578,152.85000610351562,140.52999877929688,146.75,146.5725555419922,76794100,54,31.0,0.0,31.0,145.4239501953125,162.04383850097656,172.3226776123047,145.60000610351562,162.24000549316406,172.72999572753906,0.00789832311071903,0.789832311071903,156.2118896484375,160.14263000488282,174.05147979736327,173.64422752380372,0.3526549147394125,145.4239501953125,154.45301818847656,29.974148654517663,-6.668083566155502,-5.60971521530621
1159,2025-04-08,151.22000122070312,152.24000549316406,143.02999877929688,144.6999969482422,144.52503967285156,52200200,54,54.0,0.0,31.0,146.5725555419922,154.14340209960938,168.1026611328125,146.75,154.3300018310547,168.5,-0.013969299106298405,-1.3969299106298405,153.62901763916017,159.17679977416992,173.11482696533204,173.48960220336915,0.3533786555137266,146.5725555419922,156.8800811767578,28.512787986602987,-7.050136722831809,-5.89779951681133
1160,2025-04-09,144.4199981689453,159.5500030517578,143.91000366210938,158.7100067138672,158.51809692382812,70406200,54,54.0,31.0,31.0,144.52503967285156,154.45301818847656,169.87844848632812,144.6999969482422,154.63999938964844,170.27999877929688,0.0968209888241609,9.68209888241609,152.99478607177736,158.75730743408204,172.38839965820313,173.3883723449707,0.5029708520736984,144.52503967285156,156.85011291503906,47.39035263328369,-6.152867401371168,-5.948813093723297
1161,2025-04-10,156.5399932861328,157.72000122070312,149.92999267578125,152.82000732421875,152.63522338867188,48022000,54,54.0,31.0,26.0,158.51809692382812,156.8800811767578,166.6161651611328,158.7100067138672,157.07000732421875,167.00999450683594,-0.037111684087294594,-3.7111684087294594,152.05392456054688,158.2609085083008,171.54212005615236,173.25976837158203,0.5114275828926428,158.51809692382812,150.5377655029297,42.3295141738561,-5.8490495266623554,-5.928860380311109
1162,2025-04-11,152.89999389648438,157.6699981689453,152.82000732421875,157.13999938964844,156.9499969482422,33636200,54,54.0,31.0,26.0,152.63522338867188,156.85011291503906,170.51695251464844,152.82000732421875,157.0399932861328,170.9199981689453,0.028268531101652172,2.8268531101652172,152.33458404541017,157.84391326904296,170.67319366455078,173.12880416870118,0.5187966309572585,152.63522338867188,145.4239501953125,46.81562286650078,-5.200161283586738,-5.7831205609662355
1163,2025-04-14,160.0,161.72000122070312,157.55999755859375,159.07000732421875,158.87767028808594,30333000,40,54.0,31.0,26.0,156.9499969482422,150.5377655029297,172.61199951171875,157.13999938964844,150.72000122070312,173.02000427246094,0.012282085870185977,1.2282085870185977,152.77704925537108,157.58322982788087,169.7799688720703,173.00822471618653,0.5208478215522324,156.9499969482422,146.5725555419922,48.73430549109631,-4.47873745026547,-5.522243938826083
1164,2025-04-15,159.1300048828125,159.64999389648438,155.2100067138672,156.30999755859375,156.12100219726562,27551500,40,40.0,31.0,26.0,158.87767028808594,145.4239501953125,171.94357299804688,159.07000732421875,145.60000610351562,172.35000610351562,-0.017350884399436217,-1.7350884399436217,152.70114135742188,157.36549377441406,168.88727966308593,172.86624877929688,0.5186131820761147,158.87767028808594,144.52503967285156,46.16918933614,-4.082384751059095,-5.234272101272686
1165,2025-04-16,153.10000610351562,155.88999938964844,151.50999450683594,153.3300018310547,153.1446075439453,28187400,40,40.0,54.0,26.0,156.12100219726562,146.5725555419922,173.4500274658203,156.30999755859375,146.75,173.86000061035156,-0.019064665300825512,-1.9064665300825512,152.3305908203125,156.83813247680663,167.83230499267577,172.72561225891113,0.5162640284438427,156.12100219726562,158.51809692382812,43.50651951564224,-3.96276229808754,-4.979970140635658
1166,2025-04-17,154.2899932861328,154.67999267578125,148.5,151.16000366210938,150.97723388671875,33046600,40,40.0,54.0,25.0,153.1446075439453,144.52503967285156,165.66943359375,153.3300018310547,144.6999969482422,165.8699951171875,-0.014152464732423709,-1.4152464732423709,152.3745376586914,156.25683670043946,167.03427307128905,172.56995918273927,0.517684571996587,153.1446075439453,152.63522338867188,41.62401098643317,-3.9967772229958314,-4.783331557107693
1167,2025-04-21,148.8800048828125,148.9499969482422,146.10000610351562,147.6699981689453,147.49143981933594,26049100,38,40.0,54.0,25.0,150.97723388671875,158.51809692382812,163.84164428710938,151.16000366210938,158.7100067138672,164.0399932861328,-0.023088209908510238,-2.3088209908510238,152.58128662109374,155.44182281494142,166.16113800048828,172.38568130493164,0.5207294703597742,150.97723388671875,156.9499969482422,38.72203755411561,-4.255948816569941,-4.677855009000142
1168,2025-04-22,148.88999938964844,152.19000244140625,148.5399932861328,151.47000122070312,151.28684997558594,26971800,38,38.0,54.0,25.0,147.49143981933594,152.63522338867188,166.90794372558594,147.6699981689453,152.82000732421875,167.11000061035156,0.025733087702574764,2.5733087702574764,153.05271606445314,154.6323028564453,165.48881622314454,172.217494430542,0.5230918241925473,147.49143981933594,158.87767028808594,43.35296877771954,-4.107734880933521,-4.5638309833868185
1169,2025-04-23,155.61000061035156,157.52999877929688,153.80999755859375,155.35000610351562,155.16217041015625,31128800,38,38.0,54.0,25.0,151.28684997558594,156.9499969482422,162.56320190429688,151.47000122070312,157.13999938964844,162.75999450683594,0.025615712371535926,2.5615712371535926,154.1164291381836,153.8727233886719,164.87145385742187,172.04489936828614,0.5285739060921792,151.28684997558594,156.12100219726562,47.699136300956795,-3.6356586872248613,-4.378196524154427
1170,2025-04-24,156.14999389648438,159.58999633789062,155.7899932861328,159.27999877929688,159.08740234375,45894000,38,38.0,40.0,25.0,155.16217041015625,158.87767028808594,165.28990173339844,155.35000610351562,159.07000732421875,165.49000549316406,0.02529760909645562,2.529760909645562,154.1733596801758,153.58407287597657,164.3555416870117,171.89974266052246,0.5274627134917169,155.16217041015625,153.1446075439453,51.73815288170461,-2.9112424987365557,-4.084805719070853
1171,2025-04-25,165.07000732421875,166.10000610351562,161.0399932861328,161.9600067138672,161.76417541503906,56034000,38,38.0,40.0,26.0,159.08740234375,156.12100219726562,164.09133911132812,159.27999877929688,156.30999755859375,164.2899932861328,0.016825801615046654,1.6825801615046654,155.0862548828125,153.5700897216797,163.92728454589843,171.76821868896485,0.5277099540640167,159.08740234375,150.97723388671875,54.328415334515604,-2.0969716502313247,-3.6872389053029475
1172,2025-04-28,162.42999267578125,163.14999389648438,158.60000610351562,160.61000061035156,160.41580200195312,29745800,37,38.0,40.0,26.0,161.76417541503906,153.1446075439453,160.47572326660156,161.9600067138672,153.3300018310547,160.6699981689453,-0.008335426614863306,-0.8335426614863306,155.4328353881836,153.8837097167969,163.42157928466796,171.61900581359862,0.49631595601353756,161.76417541503906,147.49143981933594,52.79137207823353,-1.542675597885335,-3.258326243819425
1173,2025-04-29,160.32000732421875,160.74000549316406,157.52000427246094,160.16000366210938,159.9663543701172,26809000,37,37.0,40.0,26.0,160.41580200195312,150.97723388671875,163.69183349609375,160.61000061035156,151.16000366210938,163.88999938964844,-0.002801766573036657,-0.2801766573036657,155.5417037963867,154.1593765258789,162.9250424194336,171.4954605102539,0.49666620897941927,160.41580200195312,151.28684997558594,52.26062543717066,-1.126671087642336,-2.8319952125840073
1174,2025-04-30,157.97999572753906,159.27000427246094,155.39999389648438,158.8000030517578,158.6079864501953,34981100,37,37.0,38.0,26.0,159.9663543701172,147.49143981933594,162.6031494140625,160.16000366210938,147.6699981689453,162.8000030517578,-0.008491585154081771,-0.8491585154081771,155.7904022216797,154.2457717895508,162.43046936035157,171.36761123657226,0.4953668667388536,159.9663543701172,155.16217041015625,50.60470965467762,-0.8962619055637617,-2.4448485511799585
1175,2025-05-01,160.4499969482422,161.9499969482422,158.91000366210938,161.3000030517578,161.10496520996094,30203200,37,37.0,38.0,26.0,158.6079864501953,151.28684997558594,163.79171752929688,158.8000030517578,151.47000122070312,163.99000549316406,0.015743083407402825,1.5743083407402825,156.58643798828126,154.45851440429686,161.9559063720703,171.2449821472168,0.4980809491744555,158.6079864501953,159.08740234375,53.52018989658274,-0.5063388914119287,-2.057146619226353
1176,2025-05-02,163.41000366210938,164.97000122070312,161.8699951171875,164.02999877929688,163.8316650390625,25715000,37,37.0,38.0,0.0,161.10496520996094,155.16217041015625,167.4772491455078,161.3000030517578,155.35000610351562,167.67999267578125,0.01692498940394538,1.6924989403945379,157.87188110351562,155.12320938110352,161.5500439453125,171.14897369384767,0.47488191372788097,161.10496520996094,161.76417541503906,56.53702242419525,0.022441107654287862,-1.6412290738502249
1177,2025-05-05,163.0,165.38999938964844,162.72000122070312,164.2100067138672,164.01145935058594,21341800,38,37.0,38.0,0.0,163.8316650390625,159.08740234375,170.353759765625,164.02999877929688,159.27999877929688,170.55999755859375,0.0010974332189115366,0.10974332189115366,159.5238830566406,156.05258483886718,161.24554626464842,171.0682942199707,0.4528563653140125,163.8316650390625,160.41580200195312,56.73642582086304,0.4508142587518762,-1.2228204073298048
1178,2025-05-06,162.1699981689453,164.8000030517578,161.19000244140625,163.22999572753906,163.03262329101562,21277200,38,38.0,38.0,0.0,164.01145935058594,161.76417541503906,164.86041259765625,164.2100067138672,161.9600067138672,165.05999755859375,-0.005968095543116836,-0.5968095543116836,160.6984603881836,156.87558822631837,160.92965270996095,170.9992903137207,0.45492094867560084,164.01145935058594,159.9663543701172,55.250263900728505,0.7032129762700094,-0.837613730609842
1179,2025-05-07,164.0800018310547,165.0,147.83999633789062,151.3800048828125,151.19696044921875,127490100,38,38.0,37.0,0.0,163.03262329101562,160.41580200195312,162.04383850097656,163.22999572753906,160.61000061035156,162.24000549316406,-0.07259689872418995,-7.2596898724189955,160.30193939208985,157.2091842651367,160.4534652709961,170.8712574005127,0.5299738874452607,163.03262329101562,158.6079864501953,41.19796862948189,-0.05120800423685523,-0.6803325853352447
1180,2025-05-08,155.0,155.92999267578125,152.89999389648438,154.27999877929688,154.0934600830078,57498700,38,38.0,37.0,0.0,151.19696044921875,159.9663543701172,154.14340209960938,151.3800048828125,160.16000366210938,154.3300018310547,0.019157128722583572,1.9157128722583572,159.80254516601562,156.9879524230957,160.08888092041016,170.73775352478026,0.40390481791780924,151.19696044921875,161.10496520996094,44.89194066644351,-0.41063520616378923,-0.6263931095009536
1181,2025-05-09,154.1699981689453,155.0500030517578,152.1999969482422,152.75,152.5653076171875,32435300,38,38.0,37.0,31.0,154.0934600830078,158.6079864501953,154.45301818847656,154.27999877929688,158.8000030517578,154.63999938964844,-0.00991704946463734,-0.991704946463734,158.88265838623047,156.98445663452148,159.77813385009765,170.59601188659667,0.38272721392375114,154.0934600830078,163.8316650390625,43.344846889237466,-0.8094620117142881,-0.6630068899436206
1182,2025-05-12,157.49000549316406,159.10000610351562,156.25,158.4600067138672,158.26840209960938,44138800,26,38.0,37.0,31.0,152.5653076171875,161.10496520996094,156.8800811767578,152.75,161.3000030517578,157.07000732421875,0.037381332437200765,3.7381332437200765,158.66791839599608,157.05037689208984,159.54593292236328,170.52836494445802,0.3928068231580466,152.5653076171875,164.01145935058594,50.23739671699284,-0.6577608093544995,-0.6619576738257964
1183,2025-05-13,158.7899932861328,160.57000732421875,156.16000366210938,159.52999877929688,159.33709716796875,42382100,26,26.0,37.0,31.0,158.26840209960938,163.8316650390625,156.85011291503906,158.4600067138672,164.02999877929688,157.0399932861328,0.006752422177654704,0.6752422177654704,158.60499267578126,157.07334823608397,159.4003515625,170.49268249511718,0.3911339024657977,158.26840209960938,163.03262329101562,51.429840593634836,-0.44615871305697397,-0.6187978816720319
1184,2025-05-14,159.9600067138672,167.0,159.61000061035156,165.3699951171875,165.1700439453125,48755900,26,26.0,38.0,31.0,159.33709716796875,164.01145935058594,150.5377655029297,159.52999877929688,164.2100067138672,150.72000122070312,0.03660758781864093,3.660758781864093,159.26119842529297,157.52580032348632,159.2934133911133,170.4875580596924,0.40522728503031086,159.33709716796875,151.19696044921875,57.42630296652926,0.19001713053182812,-0.45703487923125985
1185,2025-05-15,165.83999633789062,166.2100067138672,162.3699951171875,163.9600067138672,163.76174926757812,33146700,26,26.0,38.0,31.0,165.1700439453125,163.03262329101562,145.4239501953125,165.3699951171875,163.22999572753906,145.60000610351562,-0.008526332282145943,-0.8526332282145943,159.5268768310547,158.05665740966796,159.11640838623046,170.46280311584474,0.3992523258559979,165.1700439453125,154.0934600830078,55.64020803999576,0.5739374652561366,-0.2508404103337806
1186,2025-05-16,167.72999572753906,169.35000610351562,165.6199951171875,166.19000244140625,165.9890594482422,42846900,26,26.0,38.0,54.0,163.76174926757812,151.19696044921875,146.5725555419922,163.9600067138672,151.3800048828125,146.75,0.01360091835013777,1.360091835013777,159.74261627197265,158.80724868774413,158.99731811523438,170.4454030609131,0.3949581970453115,163.76174926757812,152.5653076171875,57.87191537429256,1.045866317810976,0.008500935295170736
1187,2025-05-19,164.50999450683594,166.63999938964844,164.22000122070312,166.5399932861328,166.338623046875,30426100,48,26.0,38.0,54.0,165.9890594482422,154.0934600830078,144.52503967285156,166.19000244140625,154.27999877929688,144.6999969482422,0.0021059436073365134,0.21059436073365134,159.97533264160157,159.7496078491211,158.85509002685546,170.42353103637694,0.3810306863071384,165.9890594482422,158.26840209960938,58.22711491381293,1.4315778561102945,0.2931163194581955
1188,2025-05-20,166.42999267578125,168.5,162.89999389648438,163.97999572753906,163.78172302246094,46607700,48,48.0,38.0,54.0,166.338623046875,152.5653076171875,158.51809692382812,166.5399932861328,152.75,158.7100067138672,-0.01537165558773157,-1.537165558773157,160.05024261474608,160.37435150146484,158.8173358154297,170.39275566101074,0.3811765429559357,166.338623046875,159.33709716796875,54.600749897345075,1.5134899954957177,0.5371910546656999
1189,2025-05-21,163.69000244140625,173.13999938964844,163.55999755859375,168.55999755859375,168.35618591308594,73416000,48,48.0,26.0,54.0,163.78172302246094,158.26840209960938,152.63522338867188,163.97999572753906,158.4600067138672,152.82000732421875,0.027930240360199754,2.7930240360199754,161.76616516113282,161.03405227661133,158.90762664794923,170.40525367736817,0.38298108599764386,163.78172302246094,165.1700439453125,59.46471569957922,1.9253328424658207,0.8148194122257242
1190,2025-05-22,171.85000610351562,176.77000427246094,170.7100067138672,170.8699951171875,170.66339111328125,74864400,48,48.0,26.0,54.0,168.35618591308594,159.33709716796875,156.9499969482422,168.55999755859375,159.52999877929688,157.13999938964844,0.01370430903790143,1.370430903790143,163.42315826416015,161.61285171508788,158.98273559570313,170.4661592102051,0.3767392138688122,168.35618591308594,163.76174926757812,61.69387376931342,2.4101111819312564,1.1338777661668307
1191,2025-05-23,169.05999755859375,169.9600067138672,167.88999938964844,168.47000122070312,168.26629638671875,35211400,48,48.0,26.0,40.0,170.66339111328125,165.1700439453125,158.87767028808594,170.8699951171875,165.3699951171875,159.07000732421875,-0.014045746489189215,-1.4045746489189215,164.99325714111328,161.93795776367188,159.09679748535157,170.51985610961913,0.37850585864142955,170.66339111328125,165.9890594482422,58.11784656428199,2.5712363850125257,1.4213494899359698
1192,2025-05-27,170.16000366210938,173.1699981689453,170.0,172.89999389648438,172.69093322753906,37995700,0,48.0,26.0,40.0,168.26629638671875,163.76174926757812,156.12100219726562,168.47000122070312,163.9600067138672,156.30999755859375,0.026295443210156533,2.6295443210156533,166.43551025390624,162.55171432495118,159.24481811523438,170.59244186401367,0.3855593383908079,168.26629638671875,166.338623046875,62.44501217548826,3.02113472361728,1.741306536672232
1193,2025-05-28,173.16000366210938,175.27000427246094,171.91000366210938,172.36000061035156,172.15159606933594,34784000,0,0.0,26.0,40.0,172.69093322753906,165.9890594482422,153.1446075439453,172.89999389648438,166.19000244140625,153.3300018310547,-0.003123135350091011,-0.3123135350091011,167.71696014404296,163.1609764099121,159.40602325439454,170.64695541381835,0.3856359807501959,172.69093322753906,163.78172302246094,61.60943012907594,3.296166244392623,2.0522784782163104
1194,2025-05-29,174.0,174.4199981689453,170.6300048828125,171.86000061035156,171.65219116210938,29317300,0,0.0,48.0,40.0,172.15159606933594,166.338623046875,150.97723388671875,172.36000061035156,166.5399932861328,151.16000366210938,-0.002900960076056558,-0.2900960076056558,168.36517486572265,163.8131866455078,159.62955261230468,170.6908113861084,0.3837472119517321,172.15159606933594,168.35618591308594,60.79817208882671,3.43424506443057,2.3286717954591625
1195,2025-05-30,171.35000610351562,172.2100067138672,167.44000244140625,171.74000549316406,171.5323486328125,52639900,0,0.0,48.0,38.0,171.65219116210938,163.78172302246094,147.49143981933594,171.86000061035156,163.97999572753906,147.6699981689453,-0.000698170693222866,-0.0698170693222866,169.1422348022461,164.33455581665038,159.78636291503906,170.74093490600586,0.381644085826056,171.65219116210938,170.66339111328125,60.591981034943906,3.4937296924430825,2.5616833748559467
1196,2025-06-02,167.83999633789062,169.8699951171875,167.38999938964844,169.02999877929688,168.82562255859375,38612300,29,0.0,48.0,38.0,171.5323486328125,168.35618591308594,151.28684997558594,171.74000549316406,168.55999755859375,151.47000122070312,-0.015779682933234063,-1.5779682933234063,169.42589111328124,164.58425369262696,159.9108123779297,170.76821990966798,0.3839446442830838,171.5323486328125,168.26629638671875,55.974672644259854,3.2845987062765403,2.7062664411400656
1197,2025-06-03,167.49000549316406,168.47999572753906,165.27999877929688,166.17999267578125,165.97906494140625,45084900,29,29.0,48.0,38.0,168.82562255859375,170.66339111328125,155.16217041015625,169.02999877929688,170.8699951171875,155.35000610351562,-0.01686093363108765,-1.686093363108765,169.3899353027344,164.68263397216796,159.95455932617188,170.80013076782225,0.38962120383714205,168.82562255859375,172.69093322753906,51.5276021036876,2.8562424974384726,2.736261652399747
1198,2025-06-04,166.74000549316406,168.22000122070312,166.36000061035156,168.0500030517578,167.8468017578125,26900800,29,29.0,48.0,38.0,165.97906494140625,168.26629638671875,159.08740234375,166.17999267578125,168.47000122070312,159.27999877929688,0.011252845755370444,1.1252845755370444,169.79644317626952,164.9233428955078,159.96195037841798,170.83675270080568,0.39039689191311766,165.97906494140625,172.15159606933594,54.10413897617586,2.6370792593734222,2.716425173794482
1199,2025-06-05,170.33999633789062,170.92999267578125,167.58999633789062,168.2100067138672,168.00662231445312,36379100,29,29.0,0.0,38.0,167.8468017578125,172.69093322753906,161.76417541503906,168.0500030517578,172.89999389648438,161.9600067138672,0.0009521811256865131,0.09521811256865131,169.76148681640626,165.76382598876953,159.91500762939452,170.86591369628906,0.27481341291230005,167.8468017578125,171.65219116210938,54.32785388103101,2.448067202622866,2.662753579560159
1200,2025-06-06,170.8300018310547,174.5,170.8300018310547,173.67999267578125,173.46998596191406,35731800,29,29.0,0.0,37.0,168.00662231445312,172.15159606933594,160.41580200195312,168.2100067138672,172.36000061035156,160.61000061035156,0.0325187398698803,3.2518739869880298,170.04214630126953,166.73265228271484,160.08719909667968,170.90393096923827,0.28746959020469726,168.00662231445312,171.5323486328125,61.27660798619925,2.7079065123436976,2.671784166116867
1201,2025-06-09,174.5399932861328,176.47000122070312,174.3699951171875,176.08999633789062,176.08999633789062,28935900,33,29.0,0.0,37.0,173.46998596191406,171.65219116210938,159.9663543701172,173.67999267578125,171.86000061035156,160.16000366210938,0.0151035371418764,1.51035371418764,170.82451629638672,167.90888671875,160.36812225341797,170.9525106048584,0.28266623325436885,173.46998596191406,168.82562255859375,64.097628514603,3.08962866234711,2.755353065362916
1202,2025-06-10,176.1999969482422,181.11000061035156,174.91000366210938,178.60000610351562,178.60000610351562,61766100,33,33.0,0.0,37.0,176.08999633789062,171.5323486328125,158.6079864501953,176.08999633789062,171.74000549316406,158.8000030517578,0.014254130375519258,1.4254130375519258,171.41542358398436,168.92546691894532,160.8572543334961,171.02025825500488,0.26117584538464017,176.08999633789062,165.97906494140625,66.6074322042907,3.553717978697648,2.9150260480298624
1203,2025-06-11,179.77000427246094,180.3699951171875,176.75,177.35000610351562,177.35000610351562,31646800,33,33.0,29.0,37.0,178.60000610351562,168.82562255859375,161.10496520996094,178.60000610351562,169.02999877929688,161.3000030517578,-0.006998879939990044,-0.6998879939990044,171.93526458740234,169.82611236572265,161.31519409179688,171.0919564819336,0.26531074030002794,178.60000610351562,167.8468017578125,64.20044414986162,3.777107409129627,3.0874423202498154
1204,2025-06-12,176.17999267578125,176.72000122070312,174.75,175.6999969482422,175.6999969482422,20941900,33,33.0,29.0,37.0,177.35000610351562,165.97906494140625,163.8316650390625,177.35000610351562,166.17999267578125,164.02999877929688,-0.009303688178676217,-0.9303688178676217,172.3400451660156,170.35261001586915,161.69159240722655,171.14634857177734,0.2430335089473821,177.35000610351562,168.00662231445312,61.06358811157257,3.7774589971199646,3.2254456556238456
1205,2025-06-13,172.44000244140625,177.1300048828125,172.38999938964844,174.6699981689453,174.6699981689453,27663100,33,33.0,29.0,38.0,175.6999969482422,167.8468017578125,164.01145935058594,175.6999969482422,168.0500030517578,164.2100067138672,-0.005862258378981577,-0.5862258378981577,172.6538101196289,170.8980224609375,162.0479901123047,171.19290359497072,0.24150703839752743,175.6999969482422,173.46998596191406,59.12163807010672,3.6525213472297935,3.3108607939450354
1206,2025-06-16,174.72999572753906,176.94000244140625,174.64999389648438,176.77000427246094,176.77000427246094,27389200,40,33.0,29.0,38.0,174.6699981689453,168.00662231445312,163.03262329101562,174.6699981689453,168.2100067138672,163.22999572753906,0.01202270639222447,1.202270639222447,173.44824829101563,171.43706970214845,162.5726348876953,171.25732299804687,0.24068114243919098,174.6699981689453,176.08999633789062,61.78975056238766,3.680533403610781,3.384795315878185
1207,2025-06-17,175.6999969482422,177.36000061035156,174.5800018310547,175.9499969482422,175.9499969482422,24973000,40,40.0,29.0,38.0,176.77000427246094,173.46998596191406,151.19696044921875,176.77000427246094,173.67999267578125,151.3800048828125,-0.004638837497310089,-0.4638837497310089,174.44534149169922,171.9176383972168,163.18315582275392,171.32674827575684,0.2422953661702178,176.77000427246094,178.60000610351562,60.139121122961086,3.595123081138439,3.426860868930236
1208,2025-06-18,176.00999450683594,176.55999755859375,173.1999969482422,173.32000732421875,173.32000732421875,28707500,40,40.0,33.0,38.0,175.9499969482422,176.08999633789062,154.0934600830078,175.9499969482422,176.08999633789062,154.27999877929688,-0.014947369534749622,-1.4947369534749622,174.99266204833984,172.3945526123047,163.71810485839845,171.38834785461427,0.24187479514725704,175.9499969482422,177.35000610351562,55.05891021460292,3.2774363561324265,3.396975966370674
1209,2025-06-20,173.9499969482422,174.33999633789062,165.4600067138672,166.63999938964844,166.63999938964844,75659900,40,40.0,33.0,38.0,173.32000732421875,178.60000610351562,152.5653076171875,173.32000732421875,178.60000610351562,152.75,-0.0385414704147482,-3.8541470414748202,174.8559997558594,172.30874328613282,164.16040405273438,171.40858589172365,0.26479974309146337,173.32000732421875,175.6999969482422,44.72465289722528,2.458308672459623,3.2092425075884643
1210,2025-06-23,166.27000427246094,167.33999633789062,162.0,165.19000244140625,165.19000244140625,57671000,38,40.0,33.0,26.0,166.63999938964844,177.35000610351562,158.26840209960938,166.63999938964844,177.35000610351562,158.4600067138672,-0.008701373941149115,-0.8701373941149115,174.0280014038086,172.03507385253906,164.29384216308594,171.4515288543701,0.2609089859053273,166.63999938964844,174.6699981689453,42.84479706847882,1.6728577828566813,2.9019655626421077
1211,2025-06-24,166.9199981689453,168.22000122070312,166.1300048828125,166.77000427246094,166.77000427246094,40524300,38,38.0,33.0,26.0,165.19000244140625,175.6999969482422,159.33709716796875,165.19000244140625,175.6999969482422,159.52999877929688,0.009564754571724787,0.9564754571724787,173.09600219726562,171.96025924682618,164.57653778076173,171.50689994812012,0.2593070322017273,165.19000244140625,176.77000427246094,45.531373344329225,1.164452157492832,2.5544628816122525
1212,2025-06-25,167.6300048828125,172.36000061035156,167.5500030517578,170.67999267578125,170.67999267578125,35479000,38,38.0,33.0,26.0,166.77000427246094,174.6699981689453,165.1700439453125,166.77000427246094,174.6699981689453,165.3699951171875,0.02344539367482623,2.344539367482623,172.3040008544922,171.85971221923828,164.8511376953125,171.57788986206054,0.2555980245868015,166.77000427246094,175.9499969482422,51.5950463767193,1.0647664585980863,2.2565235970094193
1213,2025-06-26,172.42999267578125,173.69000244140625,169.94000244140625,173.5399932861328,173.5399932861328,31796700,38,38.0,40.0,26.0,170.67999267578125,176.77000427246094,163.76174926757812,170.67999267578125,176.77000427246094,163.9600067138672,0.01675650769322634,1.6756507693226341,171.9229995727539,171.92913208007812,165.14438415527343,171.69462760925293,0.26250072692394244,170.67999267578125,173.32000732421875,55.4975937489478,1.2026792336960739,2.04575472434675
1214,2025-06-27,173.5399932861328,178.67999267578125,171.72999572753906,178.52999877929688,178.52999877929688,108140200,38,38.0,40.0,26.0,173.5399932861328,175.9499969482422,165.9890594482422,173.5399932861328,175.9499969482422,166.19000244140625,0.028754210477215603,2.8754210477215603,172.20599975585938,172.2730224609375,165.59256408691405,171.84633010864258,0.2804459637379103,173.5399932861328,166.63999938964844,61.352259021319895,1.6950879232281295,1.9756213641230262
1215,2025-06-30,180.77999877929688,181.22999572753906,174.5800018310547,176.22999572753906,176.22999572753906,63378900,26,38.0,40.0,48.0,178.52999877929688,173.32000732421875,166.338623046875,178.52999877929688,173.32000732421875,166.5399932861328,-0.01288300603531134,-1.288300603531134,172.36199951171875,172.50790481567384,166.05427185058593,171.98678184509276,0.2853590880248754,178.52999877929688,165.19000244140625,57.59138999848867,1.8780849388383274,1.9561140790660865
1216,2025-07-01,175.74000549316406,176.08999633789062,173.52999877929688,175.83999633789062,175.83999633789062,35904500,26,26.0,40.0,48.0,176.22999572753906,166.63999938964844,163.78172302246094,176.22999572753906,166.63999938964844,163.97999572753906,-0.002213013670223307,-0.22130136702233072,172.2689987182617,172.85862350463867,166.5515270996094,172.11282722473143,0.27843932412059647,176.22999572753906,166.77000427246094,56.95385943767743,1.968944929229508,1.958680249098771
1217,2025-07-02,175.5399932861328,178.86000061035156,175.07000732421875,178.63999938964844,178.63999938964844,29128900,26,26.0,38.0,48.0,175.83999633789062,165.19000244140625,168.35618591308594,175.83999633789062,165.19000244140625,168.55999755859375,0.015923584565922022,1.5923584565922022,172.53799896240236,173.49167022705078,167.17449829101562,172.23528442382812,0.2729634170207983,175.83999633789062,170.67999267578125,60.347697520231485,2.2410554793431174,2.01515529514764
1218,2025-07-03,178.5,179.6699981689453,177.0500030517578,179.52999877929688,179.52999877929688,21689700,26,26.0,38.0,48.0,178.63999938964844,166.77000427246094,170.66339111328125,178.63999938964844,166.77000427246094,170.8699951171875,0.004982083479003974,0.49820834790039736,173.15899810791015,174.075830078125,167.73936126708983,172.348390045166,0.2716037499368536,178.63999938964844,173.5399932861328,61.38971684495571,2.49970551431187,2.112065338980486
1219,2025-07-07,179.05999755859375,179.3000030517578,175.67999267578125,176.7899932861328,176.7899932861328,34175600,26,26.0,38.0,48.0,179.52999877929688,170.67999267578125,168.26629638671875,179.52999877929688,170.67999267578125,168.47000122070312,-0.015262103892355383,-1.5262103892355383,174.1739974975586,174.51499862670897,168.1719177246094,172.4448062133789,0.27960873922177176,179.52999877929688,178.52999877929688,56.469672263212814,2.455288943800639,2.180710059944517
1220,2025-07-08,177.85000610351562,177.9499969482422,172.80999755859375,174.36000061035156,174.36000061035156,40442500,26,26.0,38.0,0.0,176.7899932861328,173.5399932861328,172.69093322753906,176.7899932861328,173.5399932861328,172.89999389648438,-0.01374508042346223,-1.374508042346223,175.09099731445312,174.55949935913085,168.4773696899414,172.52279441833497,0.26182801658585986,176.7899932861328,176.22999572753906,52.45458423496258,2.1986635660579736,2.1843007611672083
1221,2025-07-09,175.25,179.44000244140625,172.77000427246094,176.6199951171875,176.6199951171875,43025600,26,26.0,38.0,0.0,174.36000061035156,178.52999877929688,172.15159606933594,174.36000061035156,178.52999877929688,172.36000061035156,0.012961656910557284,1.2961656910557284,176.07599639892578,174.58599929809571,168.77448608398439,172.6096411895752,0.2603372646447101,174.36000061035156,175.83999633789062,55.61540023098885,2.1528322642002706,2.1780070617738208
1222,2025-07-10,175.6300048828125,178.42999267578125,174.3800048828125,177.6199951171875,177.6199951171875,29252400,26,26.0,26.0,0.0,176.6199951171875,176.22999572753906,171.65219116210938,176.6199951171875,176.22999572753906,171.86000061035156,0.0056618731040984915,0.5661873104098492,176.7699966430664,174.5369987487793,169.11856994628906,172.68987884521485,0.2559694279409207,176.6199951171875,178.63999938964844,56.97827418865304,2.1721629278251555,2.176838234984088
1223,2025-07-11,176.7899932861328,181.42999267578125,176.47999572753906,180.19000244140625,180.19000244140625,34282900,26,26.0,26.0,0.0,177.6199951171875,175.83999633789062,171.5323486328125,177.6199951171875,175.83999633789062,171.74000549316406,0.014469132951631547,1.4469132951631547,177.43499755859375,174.67899856567382,169.52304290771485,172.77574180603028,0.25966874944769086,177.6199951171875,179.52999877929688,60.34809269868752,2.3675688704566937,2.214984362078609
1224,2025-07-14,181.00999450683594,183.6699981689453,179.67999267578125,181.55999755859375,181.55999755859375,32536600,49,26.0,26.0,29.0,180.19000244140625,178.63999938964844,168.82562255859375,180.19000244140625,178.63999938964844,169.02999877929688,0.007603058430686094,0.7603058430686094,177.73799743652344,174.9719985961914,169.98208312988282,172.8771243286133,0.2577661421565691,180.19000244140625,176.7899932861328,62.05437067437192,2.602971212402821,2.2925817321434514
1225,2025-07-15,182.80999755859375,184.22000122070312,181.60000610351562,182.0,182.0,33448300,49,49.0,26.0,29.0,181.55999755859375,179.52999877929688,165.97906494140625,181.55999755859375,179.52999877929688,166.17999267578125,0.0024234547660435535,0.24234547660435535,178.31499786376952,175.33849868774413,170.3999838256836,172.97851455688476,0.25618639132392035,181.55999755859375,174.36000061035156,62.61085380177435,2.792839666946861,2.3926333191041333
1226,2025-07-16,183.24000549316406,184.3300018310547,182.02999877929688,182.97000122070312,182.97000122070312,33104200,49,49.0,26.0,29.0,182.0,176.7899932861328,167.8468017578125,182.0,176.7899932861328,168.0500030517578,0.005329677036830294,0.5329677036830294,179.0279983520508,175.64849853515625,170.7827505493164,173.08874076843261,0.2538675596124281,182.0,176.6199951171875,63.868834814841286,2.987148785213236,2.5115364123259543
1227,2025-07-17,182.13999938964844,184.05999755859375,180.47999572753906,183.5800018310547,183.5800018310547,31992600,49,49.0,26.0,29.0,182.97000122070312,174.36000061035156,168.00662231445312,182.97000122070312,174.36000061035156,168.2100067138672,0.0033338831845759476,0.33338831845759476,179.5219985961914,176.02999877929688,171.1741213989258,173.1958386993408,0.2527408650367484,182.97000122070312,177.6199951171875,64.6737837562073,3.1540047096355863,2.640030071787881
1228,2025-07-18,185.39999389648438,186.4199981689453,183.7100067138672,185.05999755859375,185.05999755859375,34014500,49,49.0,26.0,29.0,183.5800018310547,176.6199951171875,173.46998596191406,183.5800018310547,176.6199951171875,173.67999267578125,0.008061857025696506,0.8061857025696506,180.0749984741211,176.61699829101562,171.61466888427734,173.30425796508788,0.24506090455312984,183.5800018310547,180.19000244140625,66.61702313759619,3.3668515493754967,2.785394367305404
1229,2025-07-21,186.25,190.2899932861328,186.14999389648438,190.10000610351562,190.10000610351562,45803100,78,49.0,26.0,33.0,185.05999755859375,177.6199951171875,176.08999633789062,185.05999755859375,177.6199951171875,176.08999633789062,0.0272344569945544,2.72344569945544,181.40599975585937,177.78999862670898,172.39272979736327,173.42841049194337,0.20345946321032002,185.05999755859375,181.55999755859375,72.2210531387822,3.8972951789731667,3.007774529638957
1230,2025-07-22,191.5,191.64999389648438,187.4600067138672,191.33999633789062,191.33999633789062,44660200,78,78.0,26.0,33.0,190.10000610351562,180.19000244140625,178.60000610351562,190.10000610351562,180.19000244140625,178.60000610351562,0.006522831112902638,0.6522831112902638,183.10399932861327,179.0974983215332,173.13766052246095,173.55308288574219,0.1951984902816101,190.10000610351562,182.0,73.40399518506908,4.367387896881894,3.2796972030875446
1231,2025-07-23,191.5,192.52999877929688,189.17999267578125,190.22999572753906,190.22999572753906,58681900,78,78.0,49.0,33.0,191.33999633789062,181.55999755859375,177.35000610351562,191.33999633789062,181.55999755859375,177.35000610351562,-0.005801194897021911,-0.5801194897021911,184.46499938964843,180.2704978942871,173.89095428466797,173.6778355407715,0.20053419769933725,191.33999633789062,182.97000122070312,70.50942233497646,4.597376297872017,3.5432330220444395
1232,2025-07-24,197.02999877929688,197.9499969482422,191.0,192.1699981689453,192.1699981689453,74881700,78,78.0,49.0,33.0,190.22999572753906,182.0,175.6999969482422,190.22999572753906,182.0,175.6999969482422,0.010198194212151845,1.0198194212151845,185.9199996948242,181.34499816894532,174.5689862060547,173.8122882080078,0.19113621314099613,190.22999572753906,183.5800018310547,72.5470182000413,4.8799329173596675,3.8105730011074854
1233,2025-07-25,191.97999572753906,194.3300018310547,191.25999450683594,193.17999267578125,193.17999267578125,39785900,78,78.0,49.0,33.0,192.1699981689453,182.97000122070312,174.6699981689453,192.1699981689453,182.97000122070312,174.6699981689453,0.0052557345915569265,0.5255734591556926,187.21899871826173,182.32699813842774,175.24584411621095,173.94581192016602,0.18687660249671187,192.1699981689453,185.05999755859375,73.5708290544855,5.126266777419687,4.073711756369926
1234,2025-07-28,193.64999389648438,194.0500030517578,190.83999633789062,192.5800018310547,192.5800018310547,38139500,100,78.0,49.0,40.0,193.17999267578125,183.5800018310547,176.77000427246094,193.17999267578125,183.5800018310547,176.77000427246094,-0.003105864310356088,-0.3105864310356088,188.3209991455078,183.0294982910156,175.79404327392578,174.0966641998291,0.16736070177388235,193.17999267578125,190.10000610351562,71.8564522822107,5.212981879284342,4.30156578095281
1235,2025-07-29,192.42999267578125,195.9199981689453,192.0800018310547,195.75,195.75,41389200,100,100.0,49.0,40.0,192.5800018310547,185.05999755859375,175.9499969482422,192.5800018310547,185.05999755859375,175.9499969482422,0.016460681996079085,1.6460681996079085,189.6959991455078,184.00549850463867,176.43380828857423,174.25639099121094,0.16073618928953437,192.5800018310547,191.33999633789062,75.1510857946652,5.474391207563855,4.536130866275019
1236,2025-07-30,195.60000610351562,197.60000610351562,194.69000244140625,196.52999877929688,196.52999877929688,32445400,100,100.0,78.0,40.0,195.75,190.10000610351562,173.32000732421875,195.75,190.10000610351562,173.32000732421875,0.003984668093470534,0.39846680934705336,191.0519989013672,185.03999862670898,177.0446270751953,174.43257369995118,0.1583746455054739,195.75,190.22999572753906,75.89871801200175,5.679034986102096,4.764711690240434
1237,2025-07-31,195.7100067138672,195.99000549316406,191.08999633789062,191.89999389648438,191.89999389648438,51329200,100,100.0,78.0,40.0,196.52999877929688,191.33999633789062,166.63999938964844,196.52999877929688,191.33999633789062,166.63999938964844,-0.023558769203535168,-2.355876920353517,191.88399810791014,185.70299835205077,177.5558544921875,174.5845101928711,0.18422215139279302,196.52999877929688,192.1699981689453,63.65566192084346,5.405304964548975,4.892830345102142
1238,2025-08-01,189.02999877929688,190.8300018310547,187.82000732421875,189.1300048828125,189.1300048828125,34832200,100,100.0,78.0,38.0,191.89999389648438,190.22999572753906,165.19000244140625,191.89999389648438,190.22999572753906,165.19000244140625,-0.014434544563696416,-1.4434544563696416,192.29099884033204,186.18299865722656,178.06282012939454,174.7168170928955,0.19494163590007038,191.89999389648438,193.17999267578125,57.66282330695374,4.9082774199104335,4.895919760063801
1239,2025-08-04,190.2899932861328,195.27000427246094,190.1199951171875,195.0399932861328,195.0399932861328,31547400,76,100.0,78.0,38.0,189.1300048828125,192.1699981689453,166.77000427246094,189.1300048828125,192.1699981689453,166.77000427246094,0.031248285574688284,3.1248285574688284,192.78499755859374,187.09549865722656,178.59649627685548,174.87010398864746,0.20766103154022836,189.1300048828125,192.5800018310547,65.19229063941088,4.934385655915378,4.903612939234117
1240,2025-08-05,194.7100067138672,197.86000061035156,193.88999938964844,194.6699981689453,194.6699981689453,31602300,76,76.0,78.0,38.0,195.0399932861328,193.17999267578125,170.67999267578125,195.0399932861328,193.17999267578125,170.67999267578125,-0.0018970217900114994,-0.18970217900114994,193.1179977416992,188.11099853515626,179.07662841796875,175.01904960632325,0.19748141584817752,195.0399932861328,195.75,64.41986581384208,4.869093231403895,4.896708997668073
1241,2025-08-06,194.5,196.6300048828125,193.6699981689453,196.08999633789062,196.08999633789062,21562900,76,76.0,100.0,38.0,194.6699981689453,192.5800018310547,173.5399932861328,194.6699981689453,192.5800018310547,173.5399932861328,0.0072943863065790815,0.7294386306579081,193.70399780273436,189.0844985961914,179.6331024169922,175.1765901184082,0.19569502864179414,194.6699981689453,196.52999877929688,66.08090804673449,4.875726163210658,4.89251243077659
1242,2025-08-07,197.05999755859375,197.5399932861328,194.3300018310547,196.52000427246094,196.52000427246094,26321800,76,76.0,100.0,38.0,196.08999633789062,195.75,178.52999877929688,196.08999633789062,195.75,178.52999877929688,0.0021929111255085676,0.21929111255085676,194.13899841308594,190.02949905395508,180.10968383789063,175.3473915863037,0.19600045907171446,196.08999633789062,191.89999389648438,66.58956916008296,4.85966170099411,4.885942284820095
1243,2025-08-08,197.22000122070312,202.61000061035156,197.1699981689453,201.4199981689453,201.4199981689453,39161800,76,76.0,100.0,26.0,196.52000427246094,196.52999877929688,176.22999572753906,196.52000427246094,196.52999877929688,176.22999572753906,0.024933817372051692,2.493381737205169,194.96299896240234,191.09099884033202,180.6950518798828,175.5402515411377,0.20587727214421456,196.52000427246094,189.1300048828125,71.7824400992705,5.182577527740648,4.945269333404205
1244,2025-08-11,200.94000244140625,201.47999572753906,199.07000732421875,201.0,201.0,25832400,17,76.0,100.0,26.0,201.4199981689453,191.89999389648438,175.83999633789062,201.4199981689453,191.89999389648438,175.83999633789062,-0.0020851860429123015,-0.20851860429123015,195.80499877929688,192.06299896240233,181.28200805664062,175.72777282714844,0.20753263499604044,201.4199981689453,195.0399932861328,70.76714182096802,5.343009418093544,5.024817350342073
1245,2025-08-12,201.3699951171875,204.5,200.58999633789062,203.33999633789062,203.33999633789062,30397900,17,17.0,100.0,26.0,201.0,189.1300048828125,178.63999938964844,201.0,189.1300048828125,178.63999938964844,0.011641772825326413,1.1641772825326413,196.56399841308593,193.12999877929687,181.91816101074218,175.92166290283203,0.20848633477541154,201.0,194.6699981689453,73.05391734023378,5.594481297397266,5.138750139753112
1246,2025-08-13,204.1300048828125,204.52999877929688,197.50999450683594,201.9600067138672,201.9600067138672,28342900,17,17.0,76.0,26.0,203.33999633789062,195.0399932861328,179.52999877929688,203.33999633789062,195.0399932861328,179.52999877929688,-0.0067866118268749,-0.67866118268749,197.10699920654298,194.0794990539551,182.58084869384766,176.12041175842285,0.21311075959561582,203.33999633789062,196.08999633789062,69.59624838432254,5.617664010064715,5.234532913815433
1247,2025-08-14,201.5,204.44000244140625,201.22999572753906,202.94000244140625,202.94000244140625,25230400,17,17.0,76.0,26.0,201.9600067138672,194.6699981689453,176.7899932861328,201.9600067138672,194.6699981689453,176.7899932861328,0.00485242471261893,0.485242471261893,198.21100006103515,195.04749908447266,183.32006744384765,176.3243595123291,0.21301816670020254,201.9600067138672,196.52000427246094,70.65832972497768,5.649984438310838,5.317623218714514
1248,2025-08-15,203.85000610351562,206.44000244140625,201.27999877929688,203.89999389648438,203.89999389648438,34931400,17,17.0,76.0,26.0,202.94000244140625,196.08999633789062,174.36000061035156,202.94000244140625,196.08999633789062,174.36000061035156,0.004730420043013828,0.47304200430138277,199.68799896240233,195.9894989013672,184.0411312866211,176.52040184020996,0.21273405690055072,202.94000244140625,201.4199981689453,71.70119120494451,5.68749993904197,5.391598562780006
1249,2025-08-18,204.1999969482422,205.27000427246094,202.49000549316406,203.5,203.5,18526600,20,17.0,76.0,26.0,203.89999389648438,196.52000427246094,176.6199951171875,203.89999389648438,196.52000427246094,176.6199951171875,-0.001961716078753062,-0.1961716078753062,200.53399963378905,196.6594985961914,184.75099884033204,176.70721954345703,0.19680716394544942,203.89999389648438,201.0,70.57563479032977,5.62016926623096,5.437312703470196
1250,2025-08-19,203.02999877929688,203.44000244140625,199.9600067138672,201.57000732421875,201.57000732421875,24240200,20,20.0,76.0,26.0,203.5,201.4199981689453,177.6199951171875,203.5,201.4199981689453,177.6199951171875,-0.009483993492782505,-0.9483993492782505,201.2240005493164,197.1709991455078,185.31299926757814,176.86963912963867,0.20167109071229636,203.5,203.33999633789062,65.25298083711667,5.34941027190095,5.419732217156347
1251,2025-08-20,200.72999572753906,201.27999877929688,196.60000610351562,199.32000732421875,199.32000732421875,28955500,20,20.0,17.0,26.0,201.57000732421875,201.0,180.19000244140625,201.57000732421875,201.0,180.19000244140625,-0.011162374947880749,-1.1162374947880749,201.54700164794923,197.6254997253418,185.77759948730468,176.99699241638183,0.2055238899316425,201.57000732421875,201.9600067138672,59.60886602606135,4.8968280367774355,5.315151381080565
1252,2025-08-21,199.75,202.47999572753906,199.42999267578125,199.75,199.75,19774600,20,20.0,17.0,49.0,199.32000732421875,203.33999633789062,181.55999755859375,199.32000732421875,203.33999633789062,181.55999755859375,0.0021572981134894142,0.21572981134894142,201.87000122070313,198.00449981689454,186.20059936523438,177.14318702697753,0.20345711961551718,199.32000732421875,202.94000244140625,60.315316352139355,4.520737917449225,5.156268688354297
1253,2025-08-22,202.72999572753906,208.5399932861328,201.3000030517578,206.08999633789062,206.08999633789062,42827000,20,20.0,17.0,49.0,199.75,201.9600067138672,182.0,199.75,201.9600067138672,182.0,0.031739656259777815,3.1739656259777815,202.33700103759764,198.65,186.77539916992188,177.32018478393556,0.22915045535663392,199.75,203.89999389648438,68.94103355616299,4.680316729346316,5.061078296552701
1254,2025-08-25,206.42999267578125,210.52000427246094,205.27999877929688,208.49000549316406,208.49000549316406,29904300,15,20.0,17.0,49.0,206.08999633789062,202.94000244140625,182.97000122070312,206.08999633789062,202.94000244140625,182.97000122070312,0.011645442272406825,1.1645442272406825,203.08600158691405,199.44550018310548,187.4311993408203,177.51939666748046,0.22963063740225273,206.08999633789062,203.5,71.46914200444724,4.943459643027126,5.037554565847586
1255,2025-08-26,207.7899932861328,207.7899932861328,205.77499389648438,206.75,206.75,11580303,15,15.0,17.0,49.0,208.49000549316406,203.89999389648438,183.5800018310547,208.49000549316406,203.89999389648438,183.5800018310547,-0.008345750143025965,-0.8345750143025965,203.427001953125,199.99550018310546,188.0727993774414,177.70741722106933,0.22876640298408565,208.49000549316406,201.57000732421875,67.19852296403562,4.954486164057158,5.020940885489501
