Date,Price,Open,High,Low,Vol.,Change %,Return,MA10,MA20,MA50,MA200,Volatility20,Price_lag1,Price_lag5,RSI,MACD,Signal,Year,Month,DayOfWeek
2020-08-31,81.48,82.18,82.22,81.27,26420000.0,-0.006,-0.005977796754910281,79.92500000000001,77.407,77.25142857142858,77.25142857142858,0.011754091455261162,81.97,79.26,80.11317704122888,1.9131781175952227,1.3963342294404817,2020,8,Monday
2020-09-01,82.75,81.61,82.96,81.48,22680000.0,0.015700000000000002,0.015586647029945944,80.421,77.861,77.50136363636364,77.50136363636364,0.011683098624560243,81.48,80.29,80.01624695369628,2.026120018155666,1.5222913871835186,2020,9,Tuesday
2020-09-02,85.87,83.4,86.31,83.01,49520000.0,0.037599999999999995,0.03770392749244711,81.285,78.45700000000001,77.86521739130436,77.86521739130436,0.013656513680589856,82.75,82.21,83.55614973262041,2.340406464256816,1.685914402598178,2020,9,Wednesday
2020-09-03,81.48,84.98,85.0,80.39,63730000.0,-0.0512,-0.051123791778269534,81.55199999999999,78.7685,78.01583333333333,78.01583333333333,0.01871493603927349,85.87,81.43,66.66666666666669,2.209771554914326,1.7906858330614077,2020,9,Thursday
2020-09-04,79.06,80.45,81.75,76.9,55850000.0,-0.0296,-0.029700540009818366,81.58000000000001,78.9755,78.05760000000001,78.05760000000001,0.020125694923754107,81.48,81.97,57.89218067022827,1.8891912520971204,1.8103869168685502,2020,9,Friday
2020-09-08,76.18,76.25,77.78,75.82,54030000.0,-0.0364,-0.03642802934480138,81.272,79.0425,77.98538461538462,77.98538461538462,0.021960896522816905,79.06,81.48,46.25407166123778,1.3867515133987638,1.7256598361745932,2020,9,Tuesday
2020-09-09,77.36,77.44,77.94,76.26,39240000.0,0.0155,0.015489629824100737,80.979,79.209,77.96222222222222,77.96222222222222,0.021995962938361015,76.18,82.75,50.293984622342826,1.0714297635536383,1.5948138216504024,2020,9,Wednesday
2020-09-10,76.3,77.51,78.68,76.0,33020000.000000004,-0.0137,-0.013702171664943141,80.388,79.256,77.90285714285714,77.90285714285714,0.02195888705754308,77.36,85.87,44.18712366836496,0.7276143781928823,1.4213739329588986,2020,9,Thursday
2020-09-11,75.79,76.41,76.93,74.65,30710000.0,-0.0067,-0.006684141546526745,79.824,79.254,77.83000000000001,77.83000000000001,0.02198215927810782,76.3,81.48,43.22609877661984,0.40926768734678376,1.2189526838364757,2020,9,Friday
2020-09-14,75.44,76.58,77.85,75.26,42660000.0,-0.0046,-0.004618023485948086,79.171,79.2645,77.75033333333334,77.75033333333334,0.02193041199031961,75.79,79.06,41.294439380127585,0.12726651716995718,1.000615450503172,2020,9,Monday
2020-09-15,76.76,76.39,77.55,76.11,23040000.0,0.0174,0.017497348886532427,78.699,79.312,77.7183870967742,77.7183870967742,0.022210244572508,75.44,76.18,42.06027890238415,0.010174244043724912,0.8025272092112825,2020,9,Tuesday
2020-09-16,75.6,77.12,77.72,75.58,22140000.0,-0.015,-0.015112037519541599,77.984,79.20250000000001,77.6521875,77.6521875,0.021648738143012596,76.76,77.36,34.60642757335816,-0.17421627471946977,0.6071785124251321,2020,9,Wednesday
2020-09-17,74.35,74.29,74.93,73.12,40010000.0,-0.0166,-0.016534391534391513,76.832,79.05850000000001,77.55212121212122,77.55212121212122,0.021884200984225152,75.6,76.3,33.86508659981766,-0.4164115099360117,0.40246050795290333,2020,9,Thursday
2020-09-18,72.55,74.42,74.76,71.58,63060000.0,-0.0242,-0.024209818426361718,75.939,78.74549999999999,77.405,77.405,0.021786221434729983,74.35,75.79,29.698275862068968,-0.7450099248784738,0.17296642138662793,2020,9,Friday
2020-09-21,71.51,71.58,72.0,70.13,56910000.0,-0.0144,-0.014334941419710479,75.184,78.38199999999999,77.23657142857144,77.23657142857144,0.021890694308386412,72.55,75.44,29.010526315789477,-1.0769316468433345,-0.07701319225936457,2020,9,Monday
2020-09-22,72.99,72.52,73.2,71.47,33950000.0,0.0208,0.020696406097049147,74.86500000000001,78.0685,77.11861111111111,77.11861111111111,0.022501179629041208,71.51,76.76,29.632721202003324,-1.2066488746295505,-0.30294032873340176,2020,9,Tuesday
2020-09-23,70.47,72.6,72.65,70.13,37730000.0,-0.0345,-0.03452527743526501,74.176,77.5775,76.93891891891893,76.93891891891893,0.023126837206541902,72.99,75.6,17.037671232876676,-1.49555383799904,-0.5414630305865294,2020,9,Wednesday
2020-09-24,71.14,70.13,71.9,70.11,34550000.0,0.0096,0.009507591883070932,73.66,77.024,76.78631578947369,76.78631578947369,0.022349351090806595,70.47,74.35,23.676171079429707,-1.6514132384965308,-0.7634530721685298,2020,9,Thursday
2020-09-25,71.95,71.25,72.3,70.38,30330000.0,0.011399999999999999,0.011385999437728556,73.276,76.55000000000001,76.66230769230769,76.66230769230769,0.022709884852610097,71.14,72.55,30.282861896838583,-1.6900903957125308,-0.9487805368773301,2020,9,Friday
2020-09-28,72.93,73.6,73.65,72.31,30780000.0,0.013600000000000001,0.013620569840166796,73.025,76.098,76.569,76.569,0.02296556588537059,71.95,71.51,39.92560446373218,-1.6229560841784831,-1.0836156463375608,2020,9,Monday
2020-09-29,73.3,73.2,73.6,72.7,31820000.0,0.005,0.005073358014534346,72.679,75.68900000000001,76.48926829268292,76.48926829268292,0.023087938214286077,72.93,72.99,36.74934725848563,-1.5223470813050568,-1.17136193333106,2020,9,Tuesday
2020-09-30,73.28,73.05,74.31,72.79,40920000.0,-0.0003,-0.0002728512960435969,72.447,75.2155,76.41285714285715,76.41285714285715,0.02261032802029302,73.3,70.47,39.42577030812326,-1.427769120862294,-1.222643370837307,2020,9,Wednesday
2020-10-01,74.39,74.18,74.75,73.84,32880000.000000004,0.0152,0.015147379912663794,72.451,74.6415,76.36581395348837,76.36581395348837,0.020816821587452627,73.28,71.14,45.295698924731155,-1.2488516974856196,-1.2278850361669695,2020,10,Thursday
2020-10-02,72.78,72.98,73.95,72.37,31220000.0,-0.0217,-0.0216426939104718,72.474,74.20649999999999,76.2843181818182,76.2843181818182,0.018430592289249495,74.39,71.95,41.75960346964065,-1.222875349284692,-1.2268830987905142,2020,10,Friday
2020-10-05,74.14,73.13,74.24,73.0,21600000.0,0.0187,0.01868645232206645,72.737,73.9605,76.23666666666666,76.23666666666666,0.018257139562818193,72.78,72.93,41.90358467243509,-1.0800975796197463,-1.1975259949563606,2020,10,Monday
2020-10-06,72.55,73.78,74.23,72.25,26100000.0,-0.0215,-0.021445913137307815,72.693,73.779,76.15652173913044,76.15652173913044,0.017085193461073855,74.14,73.3,40.81878386514148,-1.082763457180036,-1.1745734874010956,2020,10,Tuesday
2020-10-07,72.96,72.97,73.45,71.66,36110000.0,0.005600000000000001,0.0056512749827704045,72.94200000000001,73.559,76.08851063829788,76.08851063829788,0.0166829682630685,72.55,73.28,45.59289790741913,-1.0398063702864846,-1.1476200639781733,2020,10,Wednesday
2020-10-08,74.17,73.27,74.4,73.27,26080000.0,0.0166,0.01658442982456143,73.24499999999999,73.45250000000001,76.04854166666667,76.04854166666667,0.017011736498942935,72.96,74.39,55.33596837944666,-0.8977766712070689,-1.0976513854239525,2020,10,Thursday
2020-10-09,75.52,74.64,75.59,74.35,32970000.0,0.0182,0.018201429149251602,73.602,73.439,76.03775510204082,76.03775510204082,0.017498518968031656,74.17,72.78,62.9438347320852,-0.6685764605755367,-1.0118364004542693,2020,10,Friday
2020-10-12,78.23,76.9,79.42,76.46,55340000.0,0.0358,0.03588453389830515,74.13199999999999,73.5785,76.0816,76.0816,0.019200771792513494,75.52,74.14,65.66985645933018,-0.26520220483202195,-0.8625095613298198,2020,10,Monday
2020-10-13,78.35,78.85,79.26,77.93,39070000.0,0.0016,0.0015339383868080425,74.637,73.658,76.1658,76.12607843137255,0.018850946722123514,78.23,72.55,77.51396648044692,0.06342665314174667,-0.6773223184355066,2020,10,Tuesday
2020-10-14,78.17,78.73,79.19,77.29,33180000.0,-0.0023,-0.002297383535417863,75.126,73.7865,76.2558,76.16538461538461,0.01848168083182379,78.35,72.96,75.41576283441796,0.30581761989451195,-0.4806943307695029,2020,10,Wednesday
2020-10-15,77.77,77.22,78.57,77.06,31230000.0,-0.0051,-0.005117052577715331,75.464,73.95750000000001,76.3322,76.1956603773585,0.018055827439090052,78.17,74.17,71.68405365126677,0.46033113948833204,-0.2924892367179359,2020,10,Thursday
2020-10-16,78.39,78.09,78.89,77.88,34210000.0,0.0079,0.007972225794008025,76.025,74.2495,76.395,76.2362962962963,0.01695973272588996,77.77,75.52,70.90352220520674,0.6256014908568517,-0.10887109120297839,2020,10,Friday
2020-10-19,76.5,78.8,79.2,76.15,29730000.0,-0.0241,-0.024110218140068862,76.261,74.499,76.42660000000001,76.24109090909091,0.017643482702192254,78.39,78.23,60.973936899862835,0.5971882163922118,0.03234077031605964,2020,10,Monday
2020-10-20,77.55,76.16,78.69,76.03,41720000.0,0.0138,0.013725490196078383,76.761,74.727,76.4808,76.2644642857143,0.017352906817083798,76.5,78.35,63.67713004484303,0.6518822239610387,0.15624906104505548,2020,10,Tuesday
2020-10-21,79.3,78.49,80.76,78.36,60320000.0,0.0225,0.022566086395873652,77.395,75.16850000000001,76.5862,76.3177192982456,0.015411402053773554,77.55,78.17,65.1076923076923,0.8269059367404736,0.2903804361841391,2020,10,Wednesday
2020-10-22,80.33,79.25,80.67,78.87,30520000.0,0.013000000000000001,0.012988650693568804,78.011,75.628,76.68560000000001,76.38689655172413,0.015472248866158144,79.3,77.77,74.09061901723037,1.0367745899239083,0.439659266932093,2020,10,Thursday
2020-10-23,81.65,80.75,81.71,80.6,30550000.0,0.016399999999999998,0.016432217104444202,78.624,76.113,76.80199999999999,76.47610169491526,0.015601756303444552,80.33,78.39,74.02431222008957,1.2946856476610833,0.6106645430778911,2020,10,Friday
2020-10-26,79.21,80.75,81.48,78.39,35830000.0,-0.0298,-0.029883649724433692,78.72200000000001,76.42699999999999,76.8816,76.52166666666668,0.0174714184878375,81.65,76.5,70.20631067961162,1.2873545886498903,0.746002552192291,2020,10,Monday
2020-10-27,79.94,79.45,80.1,78.85,25900000.0,0.0092,0.009216008079788063,78.881,76.75899999999999,76.9642,76.57770491803278,0.017505793487206486,79.21,77.55,70.7738095238095,1.3251737921180649,0.8618368001774457,2020,10,Tuesday
2020-10-28,75.54,77.5,77.69,75.42,45170000.0,-0.055099999999999996,-0.05504128096072047,78.61800000000001,76.87199999999999,76.9192,76.56096774193549,0.02199763671592693,79.94,79.3,53.426713356678356,0.9887053755519162,0.8872105152523397,2020,10,Wednesday
2020-10-29,77.84,75.85,79.44,75.83,55410000.0,0.0305,0.030447445062218748,78.625,77.0445,76.9314,76.58126984126984,0.022741445957263778,75.54,80.33,55.53963705826171,0.8972990050165777,0.8892282132051874,2020,10,Thursday
2020-10-30,80.81,83.37,84.07,80.08,99920000.0,0.038,0.038155190133607464,78.86699999999999,77.446,76.97139999999999,76.64734375,0.02332135080335894,77.84,81.65,56.08490566037735,1.0523817744829955,0.9218589254607491,2020,10,Friday
2020-11-02,81.22,81.18,82.91,80.71,44230000.0,0.0051,0.005073629501299193,79.33900000000001,77.8,77.0202,76.7176923076923,0.023114202176681174,80.81,79.21,56.677524429967434,1.1945989668059127,0.9764069337297818,2020,11,Monday
2020-11-03,82.28,81.54,82.95,80.61,31430000.0,0.0131,0.013050972666830862,79.812,78.2865,77.08059999999999,76.8019696969697,0.022324092108508463,81.22,79.94,59.18641037103262,1.3769674341038325,1.056519033804592,2020,11,Tuesday
2020-11-04,87.29,85.28,88.5,85.15,71340000.0,0.060899999999999996,0.060889645114243995,80.611,79.003,77.2206,76.95850746268657,0.025410497899577934,82.28,75.54,67.64269829503337,1.9038148949884857,1.2259782060413709,2020,11,Wednesday
2020-11-05,88.13,88.52,89.59,87.05,39760000.0,0.0095,0.009623095429029505,81.39099999999999,79.701,77.339,77.12279411764706,0.025353275188192022,87.29,77.84,67.90441176470587,2.3618997729466855,1.4531625194224338,2020,11,Thursday
2020-11-06,87.99,87.57,88.42,86.83,28620000.0,-0.0016,-0.001588562351072298,82.025,80.3245,77.4702,77.28028985507247,0.025360026849338288,88.13,80.81,72.57367387033398,2.6827138537065593,1.6990727862792587,2020,11,Friday
2020-11-09,88.07,89.8,90.84,87.88,53440000.0,0.001,0.0009091942266166164,82.911,80.81649999999999,77.59219999999999,77.43442857142857,0.024526442729254017,87.99,81.22,71.48692810457516,2.9098734457126625,1.9412329181659396,2020,11,Monday
2020-11-10,86.89,86.49,87.97,85.81,43020000.0,-0.013500000000000002,-0.01339843306460764,83.60600000000001,81.2435,77.7004,77.56760563380281,0.024901251183927605,88.07,82.28,65.87202007528231,2.960555479954337,2.1450974305236192,2020,11,Tuesday
2020-11-11,87.36,87.42,88.14,87.15,31840000.0,0.0055000000000000005,0.005409137990562751,84.788,81.703,77.7926,77.70361111111112,0.02483409315781993,86.89,87.29,65.05353319057816,3.004017979944763,2.3168815404078478,2020,11,Wednesday
2020-11-12,87.14,87.1,88.25,86.9,26490000.0,-0.0025,-0.0025183150183150094,85.718,82.1715,77.818,77.83287671232877,0.024780343603641564,87.36,88.13,62.33707865168539,2.986286115493442,2.4507624554249667,2020,11,Thursday
2020-11-13,88.61,87.4,88.86,86.8,29760000.0,0.0169,0.016869405554280403,86.498,82.6825,77.9606,77.9785135135135,0.024897275217022702,87.14,87.99,72.08646616541358,3.0556268357610037,2.5717353314921745,2020,11,Friday
2020-11-16,88.7,88.21,89.72,88.07,25470000.0,0.001,0.0010156867170749706,87.246,83.2925,78.1534,78.12146666666666,0.023888021963061747,88.61,88.07,71.22093023255817,3.082311139836605,2.673850493161061,2020,11,Monday
2020-11-17,88.08,88.39,88.86,87.97,21320000.0,-0.006999999999999999,-0.006989853438556959,87.826,83.819,78.3914,78.2525,0.024061349562452504,88.7,86.89,87.18861209964413,3.018632903544429,2.742806975237735,2020,11,Tuesday
2020-11-18,87.03,87.83,88.25,86.93,20110000.0,-0.011899999999999999,-0.011920980926430458,87.8,84.2055,78.5848,78.36649350649351,0.02409727467403954,88.08,87.36,79.43625880845613,2.850581488745192,2.7643618779392263,2020,11,Wednesday
2020-11-19,87.93,86.66,88.17,86.5,20110000.0,0.0103,0.010341261633919352,87.78,84.5855,78.81739999999999,78.48910256410257,0.02405795700302472,87.03,87.14,76.29246676514036,2.758226887535031,2.7631348798583875,2020,11,Thursday
2020-11-20,86.82,88.1,88.42,86.75,27710000.0,-0.0126,-0.0126236779256228,87.663,84.844,79.038,78.59455696202532,0.02419574909046804,87.93,88.61,69.66292134831457,2.565889500404168,2.723685803967544,2020,11,Friday
2020-11-23,86.38,87.01,87.3,85.51,22550000.0,-0.0051,-0.005067956692006437,87.494,85.20250000000001,79.2568,78.69187500000001,0.023008874331456448,86.82,88.7,65.05139500734211,2.3508571942429057,2.649120082022616,2020,11,Monday
2020-11-24,88.19,86.38,88.32,86.04,28010000.0,0.021,0.02095392451956468,87.624,85.615,79.4854,78.80913580246913,0.023281103949911175,86.38,88.08,54.31861804222645,2.2999816587120705,2.5792923973605073,2020,11,Tuesday
2020-11-25,88.21,88.39,88.52,87.42,19600000.0,0.0001,0.00022678308198198494,87.70899999999999,86.2485,79.7376,78.92378048780488,0.01855780135188835,88.19,87.03,50.416666666666664,2.235506733054436,2.510535264499293,2020,11,Wednesday
2020-11-27,89.35,88.23,89.85,88.23,14790000.0,0.013000000000000001,0.012923704795374746,87.92999999999999,86.824,80.0376,79.04939759036145,0.017839115668752556,88.21,87.93,56.41509433962263,2.250456500894714,2.458519511778378,2020,11,Friday
2020-11-30,87.72,88.78,89.02,87.39,32420000.0,-0.0183,-0.018242865137101272,87.841,87.1695,80.34100000000001,79.15261904761904,0.017108768005661888,89.35,86.82,48.559670781893026,2.1064945640072494,2.388114522224152,2020,11,Monday
2020-12-01,89.77,88.33,91.09,88.15,37360000.0,0.0233,0.023369813041495657,87.94800000000001,87.597,80.7062,79.2775294117647,0.017636322786133547,87.72,86.38,61.05990783410136,2.1332310001893546,2.337137817817193,2020,12,Tuesday
2020-12-02,91.25,89.77,91.64,89.26,29420000.0,0.0165,0.016486576807396736,88.265,88.04549999999999,81.0714,79.41674418604651,0.017733673712571653,89.77,88.19,63.8631503920171,2.247930703748679,2.3192963950034904,2020,12,Wednesday
2020-12-03,91.09,91.03,92.19,90.85,24730000.0,-0.0017000000000000001,-0.0017534246575342527,88.671,88.2355,81.48379999999999,79.55091954022988,0.012014677170764425,91.25,88.21,64.13743736578382,2.2994141671783552,2.3153199494384635,2020,12,Thursday
2020-12-04,91.19,91.01,91.47,90.68,20540000.0,0.0011,0.001097815347458564,88.99699999999999,88.3885,81.8848,79.68318181818182,0.011888066168804577,91.09,89.35,60.23809523809522,2.3215232719488625,2.3165606139405432,2020,12,Friday
2020-12-07,90.85,90.78,91.46,90.15,22290000.0,-0.0037,-0.0037284789998903722,89.4,88.5315,82.26280000000001,79.80865168539326,0.011929489844131447,91.19,87.72,58.365758754863776,2.285266607345136,2.310301812621462,2020,12,Monday
2020-12-08,90.57,90.43,90.8,89.56,19940000.0,-0.0031,-0.0030820033021463633,89.81899999999999,88.6565,82.6156,79.92822222222222,0.011976142558193268,90.85,89.77,59.95203836930453,2.2084812820021114,2.289937706497592,2020,12,Tuesday
2020-12-09,88.89,90.52,91.42,88.1,31730000.0,-0.018500000000000003,-0.01854918847300424,89.88899999999998,88.7565,82.92739999999999,80.0267032967033,0.012361839608728015,90.57,91.25,57.07762557077625,1.9891368671948726,2.229777538637048,2020,12,Wednesday
2020-12-10,88.38,88.13,88.75,86.68,28690000.0,-0.005699999999999999,-0.005737428282146517,89.90599999999999,88.80749999999999,83.2294,80.1175,0.012413760511151147,88.89,91.09,51.7647058823529,1.7539338428621818,2.1346087994820753,2020,12,Thursday
2020-12-11,88.74,88.0,88.87,87.64,18630000.0,0.004,0.004073319755600879,89.845,88.8875,83.51639999999999,80.21021505376345,0.012412619423920567,88.38,91.19,58.00000000000002,1.5783880677540907,2.023364653136478,2020,12,Friday
2020-12-14,87.61,88.54,89.49,87.46,33049999.999999996,-0.0127,-0.012733829163849353,89.83399999999999,88.8375,83.81300000000002,80.28893617021276,0.012181419085066694,88.74,90.85,54.84633569739955,1.3327224255155272,1.8852362076122882,2020,12,Monday
2020-12-15,88.05,87.99,88.2,87.08,21370000.0,0.005,0.00502225773313536,89.662,88.80499999999999,84.09119999999999,80.37063157894737,0.012240407894166378,87.61,90.57,49.38162544169611,1.1601613391404015,1.740221233917911,2020,12,Tuesday
2020-12-16,87.86,88.46,88.46,87.45,24680000.0,-0.0022,-0.002157864849517299,89.32300000000001,88.794,84.3974,80.44864583333333,0.012148689468257354,88.05,88.89,48.476936466492624,0.9965859997964657,1.5914941870936221,2020,12,Wednesday
2020-12-17,87.03,88.2,88.34,86.56,34880000.0,-0.0095,-0.009446847256999735,88.917,88.794,84.6788,80.51649484536082,0.012033554489608978,87.86,88.38,39.62432915921289,0.7908607510250363,1.431367499879905,2020,12,Thursday
2020-12-18,86.31,87.31,87.42,85.75,85260000.0,-0.008199999999999999,-0.008273009307135482,88.429,88.713,84.9216,80.57561224489795,0.011916490902171803,87.03,88.74,43.13534566699124,0.5632314449958784,1.2577402889030997,2020,12,Friday
2020-12-21,86.73,85.46,86.85,84.7,33970000.0,0.0048,0.0048661800486617945,88.017,88.7085,85.1458,80.63777777777779,0.011646632077514936,86.31,87.61,32.40740740740742,0.41197507765112107,1.088587246652704,2020,12,Monday
2020-12-22,86.01,86.47,86.63,85.29,20380000.0,-0.0083,-0.008301625735039786,87.561,88.69,85.3014,80.69149999999999,0.011742918889340025,86.73,88.05,16.751269035532943,0.2313386066243197,0.9171375186470272,2020,12,Tuesday
2020-12-23,86.41,86.2,87.21,86.06,22970000.0,0.004699999999999999,0.0046506220206952165,87.31300000000002,88.601,85.46260000000001,80.7481188118812,0.010722405733681894,86.01,87.86,21.1822660098521,0.11908680047368136,0.757527375012358,2020,12,Wednesday
2020-12-24,86.71,86.45,87.12,86.22,9310000.0,0.0034000000000000002,0.0034718203911583423,87.14599999999999,88.526,85.6334,80.80656862745099,0.010765844662967596,86.41,87.03,23.07692307692298,0.053714738099557735,0.616764847629798,2020,12,Thursday
2020-12-28,88.7,87.25,89.35,87.09,27650000.0,0.023,0.02295006342982364,87.14200000000001,88.49350000000001,85.85199999999999,80.88320388349514,0.011636848084456865,86.71,86.31,39.217652958876656,0.1606316152925018,0.5255382011623387,2020,12,Monday
2020-12-29,87.89,89.36,89.42,87.76,19730000.0,-0.0091,-0.009131905298759846,87.17,88.502,86.042,80.95057692307692,0.011061623045520438,88.7,86.73,37.238095238095255,0.17795245508419555,0.4560210519467101,2020,12,Tuesday
2020-12-30,86.81,88.25,88.39,86.4,21030000.0,-0.012199999999999999,-0.012288087381954749,87.04599999999999,88.35400000000001,86.2482,81.00638095238095,0.009939643436846593,87.89,86.01,39.494949494949495,0.1033411192505298,0.38548506540747407,2020,12,Wednesday
2020-12-31,87.63,86.86,87.88,86.8,21070000.0,0.009399999999999999,0.009445916369081875,87.023,88.173,86.4498,81.06886792452829,0.009372820057418156,86.81,86.41,46.32713026444661,0.10912037329251234,0.3302121269844817,2020,12,Thursday
2021-01-04,86.31,88.0,88.12,85.36,37320000.0,-0.0151,-0.015063334474494927,86.951,87.934,86.59,81.11785046728973,0.009817820523748754,87.63,86.71,39.12264995523725,0.007105596564244365,0.2655908209004343,2021,1,Monday
2021-01-05,87.0,86.25,87.34,85.85,20360000.0,0.008100000000000001,0.007994438651372837,87.02000000000001,87.72449999999999,86.7234,81.17231481481483,0.01007399982809246,86.31,88.7,47.15750232991612,-0.017858750975719317,0.20890090652520357,2021,1,Tuesday
2021-01-06,86.14,85.01,87.2,84.81,46590000.0,-0.009899999999999999,-0.009885057471264336,86.961,87.489,86.8132,81.21788990825688,0.010213019714615823,87.0,87.89,41.43497757847533,-0.10581818279790411,0.14595708866058205,2021,1,Wednesday
2021-01-07,88.72,86.34,88.89,86.34,41940000.0,0.029900000000000003,0.0299512421639192,87.232,87.3965,87.0034,81.2860909090909,0.012538741807728473,86.14,86.81,53.17577548005909,0.0322856034701573,0.1232227916224971,2021,1,Thursday
2021-01-08,89.89,88.86,89.97,88.06,35480000.0,0.0132,0.013187556357078467,87.58000000000001,87.44649999999999,87.2024,81.36360360360361,0.012198814784455793,88.72,87.63,60.30259365994238,0.23345198184574656,0.145268629667147,2021,1,Friday
2021-01-11,87.81,88.85,89.22,87.61,34810000.0,-0.0231,-0.02313939259094444,87.69,87.418,87.44779999999999,81.42116071428572,0.013252009434500953,89.89,86.31,54.92125984251969,0.22247462038107813,0.16070982780993323,2021,1,Monday
2021-01-12,86.87,87.27,88.39,85.82,29530000.0,-0.010700000000000001,-0.010704931101241266,87.50699999999999,87.3245,87.6284,81.46938053097345,0.013409891105801727,87.81,87.0,50.44416243654822,0.13635304521211822,0.15583847129037023,2021,1,Tuesday
2021-01-13,87.36,86.37,87.82,86.37,23430000.0,0.005699999999999999,0.005640612409347323,87.454,87.312,87.7594,81.52105263157894,0.01318981125655668,86.87,86.14,54.34642627173212,0.10641331486364436,0.14595344000502505,2021,1,Wednesday
2021-01-14,86.55,87.44,88.38,86.3,29210000.0,-0.009300000000000001,-0.0092719780219781,87.42800000000001,87.237,87.866,81.56478260869567,0.013286815818344141,87.36,88.72,50.43914680050189,0.017128189207568312,0.1201883898455337,2021,1,Thursday
2021-01-15,86.38,86.45,87.38,85.59,31440000.0,-0.0019,-0.0019641825534373325,87.30300000000001,87.163,87.94800000000001,81.60629310344828,0.013285825627811856,86.55,89.89,48.95635673624289,-0.06658099116920368,0.08283451364258623,2021,1,Friday
2021-01-19,89.22,87.15,90.19,86.64,41660000.0,0.0329,0.03287798101412376,87.594,87.27250000000001,87.9866,81.67136752136751,0.015079973821625159,86.38,87.81,51.56062424969987,0.09514635743781241,0.08529688240163147,2021,1,Tuesday
2021-01-20,94.0,91.32,94.99,90.98,64150000.00000001,0.0536,0.053575431517596916,88.294,87.657,88.104,81.77584745762711,0.018868322859198813,89.22,86.87,64.80853126514785,0.6020820709340455,0.18865392010811427,2021,1,Wednesday
2021-01-21,94.21,94.68,96.6,93.97,58660000.0,0.0022,0.0022340425531914843,89.101,88.03099999999999,88.22840000000001,81.88033613445378,0.01887439494694805,94.0,87.36,68.7246963562753,1.0091447288477866,0.3527520818560488,2021,1,Thursday
2021-01-22,94.63,94.57,95.22,93.82,32740000.000000004,0.0045000000000000005,0.004458125464388063,89.692,88.46199999999999,88.35959999999999,81.98658333333333,0.01863980444184124,94.21,86.55,68.07851239669424,1.3500725123546005,0.5522161679557591,2021,1,Friday
2021-01-25,94.71,95.64,96.09,92.96,50590000.0,0.0009,0.000845397865370412,90.174,88.877,88.516,82.09173553719009,0.018662421905067346,94.63,86.38,73.17880794701986,1.6081774992917843,0.7634084342229641,2021,1,Monday
2021-01-26,95.4,94.3,95.79,93.81,31460000.0,0.0072,0.0072853975293001305,90.933,89.3115,88.67679999999999,82.20081967213115,0.018668057558099884,94.71,89.22,73.17880794701988,1.847112432085396,0.9801492337954505,2021,1,Tuesday
2021-01-27,90.95,93.75,94.02,89.86,82510000.0,-0.0467,-0.04664570230607967,91.34100000000001,89.424,88.75300000000001,82.2719512195122,0.021419799291535827,95.4,94.0,61.07784431137725,1.6582766964440907,1.1157747263251787,2021,1,Wednesday
2021-01-28,92.66,91.55,94.4,91.55,55280000.0,0.018799999999999997,0.018801539307311543,91.87100000000001,89.6625,88.834,82.35572580645162,0.02160203674246309,90.95,94.21,59.45297504798464,1.6278409867941264,1.2181879784189684,2021,1,Thursday
2021-01-29,91.37,91.7,92.38,90.08,44530000.0,-0.0139,-0.013921864882365576,92.353,89.8905,88.8874,82.42784,0.021665357834304132,92.66,94.63,53.53053435114504,1.482538467988121,1.271058076332799,2021,1,Friday
2021-02-01,94.65,92.23,95.78,92.23,40250000.0,0.036000000000000004,0.0358979971544271,93.17999999999999,90.2415,89.0188,82.52484126984126,0.02286744496143464,91.37,94.71,65.4332129963899,1.6134548596017737,1.3395374329865941,2021,2,Monday
2021-02-02,95.96,95.66,97.47,95.32,66330000.0,0.0138,0.013840464870575664,93.85400000000001,90.724,89.1974,82.63062992125984,0.022502525449078034,94.65,95.4,70.17310252996003,1.8021391566255573,1.4320577777143868,2021,2,Tuesday
2021-02-03,102.94,103.28,105.33,100.68,97880000.0,0.0728,0.07273864110045847,94.748,91.521,89.4976,82.789296875,0.027066474893182556,95.96,90.95,76.84355616815989,2.4862406525088545,1.6428943526732804,2021,2,Wednesday
2021-02-04,102.68,103.03,103.46,101.75,48600000.0,-0.0025,-0.002525743151350235,95.595,92.348,89.81479999999999,82.94348837209301,0.02684837202176493,102.94,92.66,78.32806462943452,2.973143640423004,1.9089442102232252,2021,2,Thursday
2021-02-05,104.44,102.98,104.8,102.5,29870000.0,0.0171,0.017140631086871805,96.576,93.134,90.176,83.10884615384614,0.026476429665513848,102.68,91.37,80.03992015968066,3.461137221946373,2.219382812567855,2021,2,Friday
2021-02-08,104.23,105.0,105.75,103.17,28830000.0,-0.0021,-0.002010723860589758,97.52799999999999,93.851,90.49679999999998,83.27007633587786,0.026553332578960837,104.44,94.65,77.36055413780537,3.787273079584949,2.5329608659712743,2021,2,Monday
2021-02-09,103.77,103.74,104.93,103.5,21890000.0,-0.0044,-0.004413316703444359,98.365,94.649,90.80799999999999,83.42537878787878,0.02572371852136409,104.23,95.96,71.13803548247513,3.962937662297975,2.8189562252366143,2021,2,Tuesday
2021-02-10,104.32,104.16,104.94,102.61,25100000.0,0.0053,0.0053001830972343456,99.70200000000001,95.5215,91.1074,83.58248120300752,0.025334477203461818,103.77,102.94,71.55650319829427,4.0992795699814195,3.0750208941855757,2021,2,Wednesday
2021-02-11,104.44,104.55,104.7,103.44,20480000.0,0.0011,0.0011503067484663898,100.88,96.3755,91.4418,83.73813432835821,0.025390260010291963,104.32,102.68,71.18790496760262,4.168957365802001,3.2938081885088613,2021,2,Thursday
2021-02-12,104.75,103.99,104.97,103.68,18990000.0,0.003,0.0029682114132516535,102.21799999999999,97.2855,91.74140000000001,83.89377777777777,0.025065247766835386,104.44,104.44,71.47134302822928,4.2007680905525575,3.475200168917601,2021,2,Friday
2021-02-16,105.54,104.59,107.26,104.59,31000000.0,0.0075,0.007541766109785186,103.30699999999999,98.24350000000001,92.02720000000001,84.0529411764706,0.024918498302188195,104.75,104.23,71.59284497444636,4.24083896503744,3.628327928141569,2021,2,Tuesday
2021-02-17,105.93,104.7,106.12,104.42,20300000.0,0.0038,0.0036952814098920594,104.304,99.079,92.324,84.21262773722627,0.024378914967283737,105.54,103.77,88.56848609680748,4.255015986755936,3.7536655398644427,2021,2,Wednesday
2021-02-18,105.29,105.25,106.1,104.67,22570000.0,-0.006,-0.006041725667893849,104.53900000000002,99.6435,92.60599999999998,84.36536231884058,0.022173582192473354,105.93,104.32,84.41416893732976,4.166578998224793,3.836248231536513,2021,2,Thursday
2021-02-19,104.44,105.39,105.93,104.17,37940000.0,-0.008100000000000001,-0.008072941399943079,104.71499999999999,100.155,92.87780000000001,84.50978417266188,0.022382475125631213,105.29,104.44,86.48799553322165,3.982002109794692,3.8653990071881488,2021,2,Friday
2021-02-22,102.71,102.68,104.02,102.4,29470000.0,-0.0165,-0.016564534661049457,104.542,100.559,93.1206,84.63978571428571,0.02291638326930895,104.44,104.75,74.6332518337408,3.654005948092532,3.823120395369026,2021,2,Monday
2021-02-23,103.01,100.7,103.63,99.51,34660000.0,0.0029,0.0029208450978484013,104.42,100.974,93.403,84.77007092198582,0.022904371878022935,102.71,105.54,72.9641693811075,3.3793194288319484,3.7343602020616107,2021,2,Tuesday
2021-02-24,104.19,101.5,104.42,101.38,22610000.0,0.0115,0.011455198524415122,104.46200000000002,101.4135,93.7192,84.90683098591549,0.02295043103971861,103.01,105.93,56.544502617801044,3.219729484353337,3.631434058519956,2021,2,Wednesday
2021-02-25,100.8,102.8,104.15,100.32,41550000.0,-0.0326,-0.03253671177656203,104.10999999999999,101.90599999999999,93.9604,85.01797202797202,0.021458667243776014,104.19,105.29,42.586750788643506,2.787575203244998,3.4626622874649646,2021,2,Thursday
2021-02-26,101.1,101.5,102.83,100.05,40040000.0,0.003,0.0029761904761904656,103.776,102.328,94.23019999999998,85.12965277777778,0.02122778446655522,100.8,104.44,35.115864527629256,2.4411571744194305,3.258361264855858,2021,2,Friday
2021-03-01,103.48,102.4,103.81,101.72,26060000.0,0.0236,0.023541048466864556,103.649,102.93350000000001,94.53880000000001,85.25620689655172,0.021162303108491928,101.1,102.71,47.19940253920837,2.331785132753595,3.0730460384354052,2021,3,Monday
2021-03-02,103.22,103.24,104.74,102.83,25560000.0,-0.0025,-0.002512562814070418,103.417,103.362,94.846,85.37924657534248,0.0200635791104818,103.48,103.01,47.9150871872631,2.198780996032454,2.898193029954815,2021,3,Tuesday
2021-03-03,100.57,102.6,103.8,99.7,33890000.0,-0.025699999999999997,-0.02567331912420079,102.881,103.5925,95.1168,85.48258503401361,0.021021102425429622,103.22,104.19,37.737083060824105,1.8581221311252136,2.690178850188895,2021,3,Wednesday
2021-03-04,101.7,100.74,103.73,100.27,49220000.0,0.011200000000000002,0.011235955056179803,102.522,103.5305,95.4246,85.59216216216215,0.013290660607123196,100.57,100.8,41.59509202453992,1.660191429205014,2.484181365992119,2021,3,Thursday
2021-03-05,104.85,103.06,105.31,101.39,53100000.0,0.031,0.030973451327433565,102.56299999999999,103.63899999999998,95.787,85.72140939597315,0.015022760218378717,101.7,101.1,50.2612330198537,1.737480008279448,2.3348410944495845,2021,3,Friday
2021-03-08,100.38,104.2,105.69,100.26,36870000.0,-0.042699999999999995,-0.0426323319027182,102.33,103.43599999999999,96.07440000000001,85.81913333333334,0.0174280065747772,104.85,103.48,38.694127957931634,1.421652199767621,2.1522033155131917,2021,3,Monday
2021-03-09,102.02,102.49,103.2,101.78,33920000.0,0.016399999999999998,0.01633791591950584,102.231,103.32549999999999,96.3866,85.9264238410596,0.017894960655262807,100.38,103.22,41.87785625259658,1.288833806206867,1.9795294136519268,2021,3,Tuesday
2021-03-10,101.81,103.07,103.07,100.97,27100000.0,-0.002,-0.00205841991766309,101.993,103.22749999999999,96.68860000000001,86.03092105263158,0.017878488491221624,102.02,100.57,42.639593908629436,1.1533341097566279,1.814290352872867,2021,3,Wednesday
2021-03-11,105.03,102.91,105.56,102.82,27700000.0,0.0316,0.03162754149887048,102.41599999999998,103.26299999999999,97.01520000000001,86.15509803921569,0.019266596900641076,101.81,101.7,51.134179161860835,1.2908960671274485,1.7096114957237833,2021,3,Thursday
2021-03-12,102.5,103.82,103.88,101.62,33820000.0,-0.0241,-0.024088355707893028,102.556,103.16599999999998,97.3074,86.26123376623376,0.020034160320952767,105.03,104.85,49.60835509138382,1.1821381013396035,1.6041168168469475,2021,3,Friday
2021-03-15,102.72,102.25,102.75,101.39,26210000.0,0.0022,0.002146341463414636,102.47999999999999,103.0645,97.62560000000002,86.36741935483872,0.02002698382614902,102.5,100.38,49.45753834642722,1.101007067160083,1.5034948669095747,2021,3,Monday
2021-03-16,104.19,103.3,105.68,102.96,31900000.0,0.0143,0.014310747663551338,102.577,102.997,97.9568,86.48166666666667,0.020231290290151936,102.72,102.02,50.0,1.1421607347725597,1.4312280404821718,2021,3,Tuesday
2021-03-17,104.11,103.42,104.95,102.21,26380000.0,-0.0008,-0.0007678280065265275,102.931,102.90599999999999,98.31279999999998,86.59394904458598,0.020207784324502126,104.19,101.81,56.980177140447076,1.1550057936168514,1.3759835911091076,2021,3,Wednesday
2021-03-18,101.07,102.41,103.44,100.96,31710000.0,-0.0292,-0.029199884737297177,102.86800000000001,102.69500000000001,98.5942,86.68556962025316,0.0211721836597087,104.11,105.03,49.94328922495274,0.9094000044650556,1.2826668737802973,2021,3,Thursday
2021-03-19,101.35,101.49,101.85,100.15,46070000.0,0.0028000000000000004,0.0027703571781934055,102.51799999999999,102.5405,98.89839999999998,86.77779874213836,0.021142693247766856,101.07,102.5,45.626283367556454,0.7289464659049258,1.171922792205223,2021,3,Friday
2021-03-22,101.53,101.38,102.42,100.7,33540000.0,0.0018,0.0017760236803157081,102.633,102.48150000000001,99.15460000000002,86.87,0.020840766360182294,101.35,102.72,46.51833539348991,0.5936173805269931,1.0562617098695772,2021,3,Monday
2021-03-23,102.07,102.0,103.21,101.4,28510000.0,0.0052,0.00531862503693481,102.63799999999999,102.4345,99.3982,86.9644099378882,0.020867572558191737,101.53,104.19,53.38447653429603,0.523902371977016,0.949789842291065,2021,3,Tuesday
2021-03-24,101.63,102.59,103.38,101.45,25220000.0,-0.0043,-0.00431076712060352,102.62,102.3065,99.67460000000001,87.05493827160494,0.020699232061186762,102.07,104.11,49.83698183511875,0.42821223853212587,0.8454743215392772,2021,3,Wednesday
2021-03-25,101.62,101.45,102.28,99.8,35620000.0,0.0,-9.839614287110443e-05,102.279,102.3475,99.96959999999999,87.14429447852761,0.019326593561653577,101.63,101.07,41.189307146753976,0.34756370391254165,0.7458921980139301,2021,3,Thursday
2021-03-26,101.24,101.59,101.97,100.19,27980000.0,-0.0038,-0.0037394213737453885,102.15299999999999,102.3545,100.24719999999999,87.23024390243903,0.01934117020202498,101.62,101.35,53.019662921348306,0.25010329982127644,0.6467344183753995,2021,3,Friday
2021-03-29,102.29,101.11,102.46,100.27,26490000.0,0.0104,0.010371394705650072,102.11,102.29499999999999,100.56199999999998,87.32151515151514,0.018720629117163382,101.24,101.53,50.98901098901102,0.25465593707373557,0.5683187221150667,2021,3,Monday
2021-03-30,102.32,102.65,103.13,101.81,27320000.0,0.0003,0.00029328380095794415,101.923,102.25,100.8808,87.41186746987952,0.01871456084408478,102.29,102.07,51.89309576837413,0.2577139185442121,0.5061977614008959,2021,3,Tuesday
2021-03-31,103.13,102.72,104.31,102.35,42570000.0,0.0078000000000000005,0.007916340891321427,101.825,102.378,101.15899999999999,87.5059880239521,0.017799702924501868,102.32,101.63,41.41048824593126,0.3217882468353821,0.46931585848779317,2021,3,Wednesday
2021-04-01,106.49,104.61,106.79,104.57,39880000.0,0.0326,0.03258023853388936,102.36699999999999,102.61749999999999,101.40880000000001,87.6189880952381,0.019018068571284158,103.13,101.62,66.77880571909165,0.6363560169001516,0.5027238901702649,2021,4,Thursday
2021-04-05,110.95,107.36,111.45,107.26,48510000.0,0.04190000000000001,0.04188186684195716,103.327,102.92249999999999,101.7436,87.75704142011834,0.02000896136700776,106.49,101.24,75.51146931184128,1.23134380237083,0.648447872610378,2021,4,Monday
2021-04-06,110.46,110.55,111.4,110.09,35240000.0,-0.0044,-0.00441640378548902,104.22,103.4265,102.06020000000001,87.89058823529412,0.017021378513296662,110.95,102.29,70.69306930693065,1.644381596658448,0.847634617419992,2021,4,Tuesday
2021-04-07,111.95,110.65,112.22,110.65,24130000.0,0.013500000000000002,0.013489045808437572,105.208,103.923,102.405,88.0312865497076,0.016932598125291198,110.46,102.32,73.67149758454103,2.068107713588546,1.0917292366537028,2021,4,Wednesday
2021-04-08,112.52,113.2,113.59,112.15,28660000.0,0.0051,0.005091558731576518,106.297,104.4585,102.74740000000001,88.17366279069768,0.016855698728007504,111.95,103.13,90.63165365507447,2.421988771427337,1.3577811436084297,2021,4,Thursday
2021-04-09,113.53,112.27,113.7,111.86,26150000.0,0.009000000000000001,0.00897618201208683,107.48799999999999,104.8835,103.199,88.32023121387283,0.015704498595399647,112.52,106.49,91.09311740890685,2.7522147994044417,1.6366678747676322,2021,4,Friday
2021-04-12,112.23,112.71,112.84,111.39,25020000.0,-0.0115,-0.011450717871928084,108.58699999999999,105.37,103.59039999999999,88.45764367816092,0.014738773389226877,113.53,110.95,83.56336260978668,2.8758709204759043,1.8845084839092867,2021,4,Monday
2021-04-13,112.72,112.55,113.17,112.15,25680000.0,0.0044,0.0043660340372448925,109.63,105.87,104.0174,88.59628571428571,0.014727305448927114,112.23,110.46,83.51164254247954,2.979067358119053,2.1034202587512403,2021,4,Tuesday
2021-04-14,112.1,113.37,113.37,111.8,21000000.0,-0.005600000000000001,-0.005500354861604051,110.60799999999999,106.2655,104.36640000000001,88.72982954545455,0.014717208777077837,112.72,111.95,82.57622899813312,2.9765110929321423,2.278038425587421,2021,4,Wednesday
2021-04-15,114.26,113.1,114.8,112.56,29170000.0,0.019299999999999998,0.01926851025869758,111.721,106.773,104.7324,88.87406779661016,0.015069965741366726,112.1,112.52,84.68715697036217,3.1128956590343364,2.445009872276804,2021,4,Thursday
2021-04-16,114.14,114.46,114.71,113.55,26280000.0,-0.0011,-0.0010502363031682505,112.48600000000002,107.4265,104.95639999999999,89.01601123595506,0.01288679828478958,114.26,113.53,85.91314031180396,3.174702419837658,2.5909483817889747,2021,4,Friday
2021-04-19,114.49,113.51,115.2,113.51,30290000.0,0.0031,0.003066409672332071,112.84,108.0835,105.1926,89.15832402234636,0.01288284907913839,114.14,112.23,85.3418308227114,3.2148678031469586,2.715732266060572,2021,4,Monday
2021-04-20,113.95,114.87,114.95,112.86,22290000.0,-0.004699999999999999,-0.0047165691326752635,113.189,108.70449999999998,105.38279999999999,89.29605555555555,0.013080257425163102,114.49,112.72,82.72369161508158,3.166622815105555,2.8059103758695687,2021,4,Tuesday
2021-04-21,113.92,113.6,114.0,112.24,23200000.0,-0.0003,-0.0002632733655112407,113.38600000000001,109.297,105.5766,89.4320994475138,0.013151924662462277,113.95,112.1,81.75397292525012,3.0903440032200535,2.8627971013396656,2021,4,Wednesday
2021-04-22,112.63,113.77,114.44,112.02,24150000.0,-0.0113,-0.011323735955056202,113.397,109.84700000000001,105.7538,89.55956043956044,0.013518112140503824,113.92,114.26,70.57640750670237,2.892457822931206,2.868729245657974,2021,4,Thursday
2021-04-23,115.0,113.35,115.31,113.06,29110000.0,0.021,0.02104235106099628,113.54400000000001,110.516,105.9674,89.69857923497268,0.013900094960273682,112.63,114.14,65.78332034294618,2.8935161395375815,2.873686624433896,2021,4,Friday
2021-04-26,115.5,115.23,116.23,114.87,32040000.0,0.0043,0.004347826086956497,113.87100000000001,111.229,106.1886,89.83880434782608,0.013709170966606074,115.0,114.49,69.62616822429906,2.901256801955256,2.879200659938168,2021,4,Monday
2021-04-27,114.55,115.88,115.92,114.31,44390000.0,-0.008199999999999999,-0.008225108225108246,114.054,111.84200000000001,106.38459999999999,89.97237837837838,0.014072776951437188,115.5,113.95,60.56910569105688,2.798475192146242,2.8630555663797828,2021,4,Tuesday
2021-04-28,117.95,119.62,121.57,117.66,81110000.0,0.0297,0.029681361850720345,114.63900000000001,112.62349999999999,106.63279999999999,90.12279569892473,0.01497624863140671,114.55,113.92,67.94448116325182,2.957281905918151,2.881900834287457,2021,4,Wednesday
2021-04-29,119.64,119.46,120.21,118.69,41230000.0,0.0143,0.014328105129292057,115.17699999999999,113.449,106.90700000000001,90.28064171122995,0.015059925030023813,117.95,112.63,69.32321315623021,3.182816716925572,2.94208401081508,2021,4,Thursday
2021-04-30,117.68,118.4,119.09,117.33,44860000.0,-0.016399999999999998,-0.01638248077566029,115.53099999999999,114.0085,107.15480000000001,90.42638297872341,0.014754939218455354,119.64,115.0,66.5452337583485,3.166893087749898,2.9870458262020434,2021,4,Friday
2021-05-03,117.15,118.25,119.08,116.78,28240000.0,-0.0044,-0.004503738953093195,115.79699999999998,114.3185,107.40899999999999,90.56777777777778,0.012072537489642612,117.68,115.5,63.41611144760752,3.076048157908545,3.004846292543344,2021,5,Monday
2021-05-04,115.34,115.68,116.25,112.83,44820000.0,-0.0155,-0.015450277422108472,115.936,114.5625,107.66159999999999,90.69815789473685,0.012657206268061098,117.15,114.55,59.15254237288137,2.8254312110766335,2.968963276250002,2021,5,Tuesday
2021-05-05,115.74,116.43,116.75,115.41,26640000.0,0.0034000000000000002,0.003468007629616743,116.11800000000001,114.752,107.91619999999999,90.8292670157068,0.012383837775997126,115.34,117.95,54.64240903387701,2.6287890879339244,2.900928438586787,2021,5,Wednesday
2021-05-06,116.87,115.32,116.87,114.65,25190000.0,0.0098,0.00976326248488002,116.54199999999999,114.9695,108.1698,90.96489583333333,0.012493981626656804,115.74,119.64,58.053097345132755,2.5349094861790036,2.8277246481052303,2021,5,Thursday
2021-05-07,117.6,118.19,118.56,117.31,28900000.0,0.0062,0.006246256524343297,116.80199999999999,115.173,108.5058,91.10290155440414,0.01242817356383507,116.87,117.68,58.97287939988459,2.49070285248294,2.7603202889807723,2021,5,Friday
2021-05-10,114.59,116.41,116.55,114.23,30910000.0,-0.0256,-0.025595238095238004,116.71099999999998,115.29100000000001,108.77560000000001,91.22396907216495,0.013573680428674479,117.6,117.15,51.61616161616161,2.1875699873081516,2.6457702286462483,2021,5,Monday
2021-05-11,113.5,112.15,114.01,111.7,34190000.0,-0.0095,-0.009512173837158633,116.606,115.33,108.976,91.33820512820513,0.01375300786062553,114.59,115.34,48.993288590604024,1.8381915888115827,2.4842545006793157,2021,5,Tuesday
2021-05-12,110.01,111.31,112.4,109.68,46380000.0,-0.0308,-0.030748898678414016,115.81199999999998,115.22549999999998,109.11179999999999,91.4334693877551,0.015388074524606134,113.5,115.74,44.31916738941892,1.2651094636212576,2.240425493267704,2021,5,Wednesday
2021-05-13,111.45,111.31,111.97,110.34,33220000.0,0.0131,0.013089719116443854,114.99300000000001,115.08500000000001,109.3294,91.53507614213198,0.015021017633473964,110.01,116.87,41.979213737008585,0.9165680895989539,1.9756540125339541,2021,5,Thursday
2021-05-14,113.92,112.93,114.24,112.5,32000000.0,0.022099999999999998,0.022162404665769353,114.617,115.074,109.5738,91.64813131313132,0.015899186005864135,111.45,117.6,46.72199170124481,0.8300861801558597,1.7465404460583354,2021,5,Friday
2021-05-17,114.45,113.18,114.49,112.78,21600000.0,0.0046,0.004652387640449396,114.34699999999998,115.072,109.7658,91.76271356783919,0.015919103163178332,113.92,114.59,49.78885135135136,0.7951492291089437,1.5562622026684572,2021,5,Monday
2021-05-18,113.12,115.12,115.38,113.11,22200000.0,-0.0116,-0.011620795107033621,114.125,115.0305,110.0206,91.8695,0.016102917196936795,114.45,113.5,38.824618232299855,0.6526185782418565,1.3755334777831372,2021,5,Tuesday
2021-05-19,113.57,111.42,113.75,111.27,23680000.0,0.004,0.003978076379066442,113.90799999999999,115.013,110.2516,92.06665000000001,0.01613052966017081,113.12,110.01,35.10063819342166,0.5694094520270028,1.2143086726319103,2021,5,Wednesday
2021-05-20,115.35,114.55,115.6,114.18,32350000.0,0.015600000000000001,0.015673153121422922,113.756,115.149,110.5224,92.27505,0.016264737379467403,113.57,111.45,44.229816740960835,0.6397224220634712,1.0993914225182224,2021,5,Thursday
2021-05-21,114.71,115.87,115.94,114.46,40630000.0,-0.005600000000000001,-0.005548331166016496,113.46700000000001,115.1345,110.71600000000001,92.47885000000001,0.015642597307546777,115.35,113.92,43.990147783251196,0.6364665162850827,1.0068064412715945,2021,5,Friday
2021-05-24,118.05,115.74,118.28,115.6,31830000.0,0.0292,0.029116903495771895,113.81300000000002,115.26200000000001,111.027,92.69285000000002,0.016933038314402203,114.71,114.45,56.20705451213925,0.8931011597204161,0.9840653849613589,2021,5,Monday
2021-05-25,118.14,118.6,119.2,117.75,22440000.0,0.0008,0.000762388818297266,114.277,115.44149999999999,111.33539999999999,92.90895,0.016787579066919182,118.05,113.12,55.57620817843868,1.0911698842384538,1.005486284816778,2021,5,Tuesday
2021-05-26,119.02,118.33,119.45,118.32,21570000.0,0.0074,0.007448789571694592,115.178,115.495,111.632,93.12985,0.015524230615447297,118.14,113.57,55.054066760695804,1.3041163791259152,1.0652123036786056,2021,5,Wednesday
2021-05-27,118.13,119.45,119.45,117.81,35220000.0,-0.0074,-0.007477734834481553,115.846,115.41950000000001,111.91240000000002,93.35034999999999,0.015270509567680739,119.02,115.35,51.236584227718154,1.385095924930937,1.129189027929072,2021,5,Thursday
2021-05-28,117.84,118.72,118.8,117.64,21490000.0,-0.0025,-0.002454922542961091,116.23799999999999,115.42749999999998,112.24779999999998,93.56275,0.014820179435448734,118.13,114.71,58.685195082843414,1.4096229659470367,1.185275815532665,2021,5,Friday
2021-06-01,119.06,118.72,119.29,117.71,23360000.0,0.0103,0.010353021045485411,116.699,115.52299999999998,112.602,93.7789,0.014945264017472643,117.84,118.05,64.75583864118899,1.5100971665614082,1.2502400857384137,2021,6,Tuesday
2021-06-02,118.53,119.46,119.68,117.62,21160000.0,-0.0044,-0.004451537040147779,117.23999999999998,115.6825,112.942,93.99539999999999,0.014507311435696127,119.06,118.14,76.82619647355165,1.5293279828084252,1.306057665152416,2021,6,Wednesday
2021-06-03,117.38,117.29,117.85,116.48,18700000.0,-0.0097,-0.009702185100818439,117.62100000000001,115.7645,113.2482,94.20325000000001,0.014709122022966844,118.53,119.02,69.01860166773572,1.4352287307762168,1.3318918782771763,2021,6,Thursday
2021-06-04,119.68,118.46,119.95,118.12,24460000.0,0.0196,0.019594479468393322,118.054,115.905,113.6092,94.4127,0.015180899720657632,117.38,118.13,68.67704280155644,1.5286241460697738,1.3712383318356958,2021,6,Friday
2021-06-07,120.11,119.47,120.23,119.05,24120000.0,0.0036,0.0035929144385025147,118.59400000000001,116.0305,113.979,94.62710000000001,0.015146939100067286,119.68,117.84,68.47258485639686,1.6186789683530947,1.4207264591391755,2021,6,Monday
2021-06-08,119.92,120.6,120.98,119.74,24240000.0,-0.0016,-0.0015818832736658184,118.78099999999999,116.297,114.3526,94.83265,0.013806441392159577,120.11,119.06,73.97743300423132,1.6556315616707593,1.4677074796454923,2021,6,Tuesday
2021-06-09,120.4,120.57,120.64,119.85,17940000.0,0.004,0.004002668445630464,119.00699999999999,116.64199999999998,114.7148,95.04075,0.013522273963566766,119.92,118.53,74.0323715693174,1.7040060258179892,1.5149671888799916,2021,6,Wednesday
2021-06-10,121.76,120.35,121.8,120.19,25910000.0,0.0113,0.011295681063122842,119.28099999999999,117.2295,115.10359999999999,95.25325,0.011031281962007238,120.4,117.38,73.24147933284992,1.8309774034168953,1.5781692317873726,2021,6,Thursday
2021-06-11,121.51,122.0,122.09,120.95,21960000.0,-0.002,-0.0020532194480946675,119.619,117.7325,115.47120000000001,95.45935000000001,0.010976775507930954,121.76,119.68,75.37313432835825,1.8896475436619937,1.640464894162297,2021,6,Friday
2021-06-14,122.45,121.61,122.45,120.9,22100000.0,0.0077,0.007735988807505478,120.08,118.15899999999999,115.79039999999999,95.66054999999999,0.010193264834154744,121.51,120.11,70.00000000000003,1.9890654878009002,1.7101850128900178,2021,6,Monday
2021-06-15,121.42,122.45,122.78,121.06,21560000.0,-0.0084,-0.008411596570028546,120.316,118.50750000000001,115.9998,95.86049999999999,0.010539416932057784,122.45,119.92,63.73534338358459,1.9621243843450458,1.7605728871810236,2021,6,Tuesday
2021-06-16,120.77,121.57,121.89,119.47,26470000.0,-0.0053,-0.005353319057815886,120.54,118.89000000000001,116.206,96.0545,0.010168049159842008,121.42,120.4,57.472245943637915,1.866804438511025,1.7818191974470239,2021,6,Wednesday
2021-06-17,121.74,120.7,122.52,120.5,25850000.0,0.008,0.00803179597582182,120.976,119.29849999999999,116.40180000000001,96.2558,0.010221991772068414,120.77,121.76,65.30958439355385,1.8482283619913602,1.7951010303558914,2021,6,Thursday
2021-06-18,120.11,121.37,121.6,120.01,46120000.0,-0.0134,-0.01338919007721373,121.019,119.5365,116.55359999999999,96.4426,0.010467460174660454,121.74,121.51,58.64432597105861,1.682583534382033,1.7725975311611197,2021,6,Friday
2021-06-21,121.81,120.5,122.0,119.9,27410000.0,0.014199999999999999,0.014153692448588773,121.18900000000001,119.8915,116.7192,96.6223,0.01063790830568771,120.11,122.45,60.10286554004407,1.6692426177720847,1.7519265484833126,2021,6,Monday
2021-06-22,122.33,121.75,122.4,121.06,22390000.0,0.0043,0.004268943436499528,121.42999999999999,120.10549999999998,116.92120000000001,96.82654999999998,0.008711144354171202,121.81,121.42,63.9705882352941,1.6812491062654829,1.7377910600397468,2021,6,Tuesday
2021-06-23,122.13,122.09,123.1,121.83,19150000.0,-0.0017000000000000001,-0.0016349219324777176,121.60300000000002,120.30499999999999,117.10940000000001,97.0419,0.00874287327226128,122.33,120.77,68.77470355731225,1.6555419493156762,1.7213412378949329,2021,6,Wednesday
2021-06-24,122.5,122.7,123.06,122.3,21370000.0,0.0031,0.00302955866699417,121.67699999999999,120.479,117.31739999999999,97.2735,0.008645190675854541,122.13,121.74,63.152985074626834,1.646050108978173,1.706283012111581,2021,6,Thursday
2021-06-25,122.51,122.0,122.63,121.57,34600000.0,0.0001,8.163265306126988e-05,121.777,120.69800000000001,117.48240000000001,97.49925000000002,0.008394683350444484,122.5,120.11,61.65048543689322,1.6206527969305284,1.6891569690753707,2021,6,Friday
2021-06-28,122.54,122.68,122.78,121.41,28530000.0,0.0002,0.00024487796914529625,121.78600000000002,120.93300000000002,117.6504,97.73045,0.00834327344817666,122.51,121.81,62.91913214990138,1.5846788026262004,1.6682613357855367,2021,6,Monday
2021-06-29,122.27,122.67,123.02,121.69,23110000.0,-0.0022,-0.002203362167455647,121.87100000000001,121.09350000000002,117.806,97.96285,0.008151087580688892,122.54,122.33,59.41591137965754,1.5168965700216432,1.6379883826327581,2021,6,Tuesday
2021-06-30,122.09,121.99,122.26,121.35,24470000.0,-0.0015,-0.0014721517952073215,122.003,121.27149999999999,117.96880000000002,98.1961,0.008066018485550153,122.27,122.13,51.88571428571428,1.432145287268554,1.5968197635599175,2021,6,Wednesday
2021-07-01,122.44,121.72,122.59,121.53,18110000.0,0.0029,0.002866737652551299,122.07300000000001,121.52449999999999,118.1392,98.4245,0.007623864770880622,122.09,122.5,55.25423728813555,1.3773441935187662,1.5529246495516875,2021,7,Thursday
2021-07-02,125.26,123.15,125.4,123.06,26000000.0,0.023,0.02303168899052599,122.588,121.80350000000001,118.3918,98.67280000000001,0.008064073324822485,122.44,122.51,63.09412861136998,1.5436698984895116,1.5510736993392524,2021,7,Friday
2021-07-06,126.19,125.65,126.43,124.58,26400000.0,0.0074,0.007424556921602932,123.026,122.1075,118.61560000000001,98.93199999999999,0.008141256345049848,125.26,122.54,72.43650047036684,1.7305784149367867,1.5869746424587594,2021,7,Tuesday
2021-07-07,126.47,127.16,127.28,126.15,24060000.0,0.0023,0.0022188762976464993,123.44000000000001,122.43499999999999,118.835,99.2016,0.008085041745042787,126.19,122.27,77.77777777777777,1.8796312022964798,1.6455059544263035,2021,7,Wednesday
2021-07-08,125.04,124.03,125.6,124.02,23790000.0,-0.0113,-0.011307029335020147,123.731,122.667,119.0448,99.46925000000002,0.008658947402411877,126.47,122.09,65.39179104477617,1.8609160789766293,1.688587979336369,2021,7,Thursday
2021-07-09,125.52,125.03,125.73,124.55,18630000.0,0.0038,0.0038387715930900956,124.03299999999999,122.85499999999999,119.1962,99.73190000000001,0.008390742989882143,125.04,122.44,78.26541274817137,1.8633368105183195,1.723537745572759,2021,7,Friday
2021-07-12,126.98,126.18,127.07,125.61,17670000.0,0.0116,0.01163161249203326,124.47999999999999,123.12849999999999,119.34299999999999,100.01445,0.008635418927500943,125.52,125.26,77.7063236870311,1.9604660239995013,1.7709234012581074,2021,7,Monday
2021-07-13,127.34,127.04,128.06,126.67,19250000.0,0.0029,0.0028350921404944884,124.96,123.373,119.5362,100.29545,0.008540244517625995,126.98,126.19,77.31733914940024,2.0429408661970285,1.8253268942458918,2021,7,Tuesday
2021-07-14,128.24,127.96,129.33,127.91,23750000.0,0.006999999999999999,0.007067692790953428,125.55699999999999,123.71399999999998,119.758,100.57689999999998,0.008243835179304488,127.34,126.47,80.952380952381,2.1560714022070755,1.8914757958381287,2021,7,Wednesday
2021-07-15,127.0,128.65,128.7,126.53,24220000.0,-0.0096,-0.00966936993137879,126.048,124.0255,119.99119999999999,100.84725,0.008519509750764192,128.24,125.04,70.94972067039105,2.1212184443550512,1.9374243255415133,2021,7,Thursday
2021-07-16,126.97,127.66,127.81,126.15,20420000.0,-0.0003,-0.00023622047244098443,126.501,124.287,120.2158,101.1156,0.008439863882405247,127.0,125.52,70.72490706319698,2.0673454039370114,1.963408541220613,2021,7,Friday
2021-07-19,124.58,126.09,126.21,123.5,27970000.0,-0.018799999999999997,-0.018823344097030792,126.43299999999999,124.51050000000001,120.37,101.37209999999999,0.00903273064436014,126.97,126.98,57.7743902439024,1.8109224189492323,1.932911316766337,2021,7,Monday
2021-07-20,126.21,125.53,127.04,124.35,26320000.0,0.0131,0.013083962112698577,126.43499999999999,124.7305,120.5422,101.6312,0.008959015544820335,124.58,127.34,63.60497237569061,1.7194124173895773,1.890211536890985,2021,7,Tuesday
2021-07-21,127.55,126.13,127.6,126.02,20750000.0,0.0106,0.010617225259488272,126.54299999999998,124.9915,120.8014,101.90505000000002,0.009160762280851106,126.21,128.24,67.4552429667519,1.7350166906133353,1.8591725676354554,2021,7,Wednesday
2021-07-22,128.42,127.84,128.48,127.5,14300000.0,0.0068000000000000005,0.006820854566836454,126.881,125.306,121.0998,102.17644999999999,0.009172913010588039,127.55,127.0,68.50247524752473,1.7968717002260917,1.8467123941535826,2021,7,Thursday
2021-07-23,133.01,130.43,133.4,129.8,41510000.0,0.0358,0.03574209624669056,127.63,125.8315,121.55980000000001,102.47875,0.011801910999922996,128.42,126.97,71.61182375906299,2.191010278125262,1.9155719709479184,2021,7,Friday
2021-07-26,134.04,133.33,134.24,132.3,30570000.0,0.0077,0.007743778663258372,128.33599999999998,126.40799999999999,122.0116,102.78415000000001,0.011785889516791295,133.01,124.58,71.76927343316693,2.557004773309785,2.043858531420292,2021,7,Monday
2021-07-27,131.9,134.25,134.4,130.1,54710000.0,-0.0159,-0.015965383467621552,128.792,126.876,122.37119999999999,103.07279999999999,0.01262658983278166,134.04,126.21,63.65007541478132,2.643900690923772,2.163866963320988,2021,7,Tuesday
2021-07-28,136.09,136.31,138.3,135.28,95130000.0,0.0318,0.03176648976497343,129.577,127.56699999999998,122.804,103.37565000000001,0.01399272806565211,131.9,127.55,74.39293598233996,3.016096629898584,2.3343128966365074,2021,7,Wednesday
2021-07-29,135.78,136.15,136.66,135.54,31720000.0,-0.0023,-0.002277904328018221,130.45499999999998,128.25150000000002,123.2572,103.66339999999998,0.014014882301862342,136.09,128.42,72.82028469750891,3.2486023184982145,2.517170781008849,2021,7,Thursday
2021-07-30,134.73,135.04,135.3,134.26,25580000.0,-0.0077,-0.007733097657976251,131.231,128.866,123.6804,103.9453,0.014313775829499602,135.78,133.01,67.55777072949701,3.309983102232991,2.6757332452536775,2021,7,Friday
2021-08-02,134.85,135.12,135.34,133.79,21630000.0,0.001,0.0008906702293476343,132.25799999999998,129.3455,124.07039999999999,104.2287,0.013678998170049703,134.73,134.04,67.20109940448921,3.3299255042789184,2.806571697058726,2021,8,Monday
2021-08-03,135.63,135.13,135.73,133.32,20760000.0,0.0058,0.005784204671857696,133.2,129.8175,124.4888,104.51800000000001,0.013660923340436955,134.85,131.9,67.01980654076459,3.3698242465738417,2.919222206961749,2021,8,Tuesday
2021-08-04,135.13,135.35,135.65,134.49,19680000.0,-0.0037,-0.0036865000368649925,133.958,130.25050000000002,124.8304,104.8017,0.013758128311294374,135.63,136.09,69.38483547925607,3.3227953495505176,2.999936835479503,2021,8,Wednesday
2021-08-05,136.25,135.68,136.35,134.85,17870000.0,0.0083,0.008288314955968268,134.74099999999999,130.811,125.1926,105.10045,0.013346778898822142,135.13,135.78,71.03354487760653,3.3374274632838024,3.067434961040363,2021,8,Thursday
2021-08-06,135.74,136.04,136.47,135.21,20490000.0,-0.0038,-0.003743119266054973,135.01399999999998,131.322,125.52699999999999,105.39139999999999,0.013470243425019034,136.25,134.73,77.65113974231916,3.270174247966196,3.1079828184255294,2021,8,Friday
2021-08-09,136.91,135.94,137.18,135.34,17770000.0,0.0087,0.008619419478414603,135.301,131.8185,125.90259999999998,105.67945,0.01339714589775631,135.74,134.85,77.1298174442191,3.2735493727405185,3.1410961292885275,2021,8,Monday
2021-08-10,136.81,137.34,137.77,136.36,19410000.0,-0.0008,-0.0007304068366079663,135.79199999999997,132.29199999999997,126.28200000000001,105.96185000000001,0.013435118582099635,136.91,135.63,75.05411255411259,3.2309110873330553,3.159059120897433,2021,8,Tuesday
2021-08-11,136.28,137.18,137.68,136.27,15350000.0,-0.0039000000000000003,-0.00387398581975007,135.811,132.69400000000002,126.62639999999999,106.235,0.013512375562849673,136.81,135.13,71.66482910694603,3.1184063214174387,3.1509285610014346,2021,8,Wednesday
2021-08-12,137.19,135.98,137.3,135.43,16520000.0,0.0067,0.0066774288230113665,135.952,133.20350000000002,126.99960000000002,106.5249,0.013187857563282744,136.28,136.25,64.45366528354084,3.067316760413263,3.1342062008838005,2021,8,Thursday
2021-08-13,137.73,137.25,137.86,137.03,15950000.0,0.0039000000000000003,0.003936146949486075,136.252,133.7415,127.4066,106.81384999999999,0.013151130213051547,137.19,135.74,63.20687186828921,3.035411072898171,3.1144471752866747,2021,8,Friday
2021-08-16,138.31,137.52,138.36,135.3,22400000.0,0.0042,0.0042111377332463285,136.598,134.428,127.7792,107.1277,0.011990076808327053,137.73,136.91,75.825946817083,3.0220899664644207,3.095975733522224,2021,8,Monday
2021-08-17,136.66,137.75,138.27,136.08,21720000.0,-0.011899999999999999,-0.011929723085821742,136.701,134.95049999999998,128.1102,107.4218,0.012432754975172726,138.31,136.81,52.88753799392093,2.8455894988429122,3.045898486586362,2021,8,Tuesday
2021-08-18,135.45,136.5,137.1,135.32,19260000.0,-0.0089,-0.008854090443436324,136.733,135.34550000000002,128.42079999999999,107.695,0.012652505439699702,136.66,136.28,48.4679665738161,2.578353069807946,2.952389403230679,2021,8,Wednesday
2021-08-19,135.68,134.44,136.35,134.25,21780000.0,0.0017000000000000001,0.0016980435585087772,136.676,135.70850000000002,128.7264,107.9673,0.012624703979911564,135.45,137.19,54.77386934673375,2.357944436577611,2.833500409900066,2021,8,Thursday
2021-08-20,137.43,136.0,137.55,135.25,31190000.0,0.0129,0.012897995283018826,136.845,135.9295,129.03979999999999,108.24305,0.010311624325247468,135.68,137.73,61.139896373057034,2.2979895879033734,2.7263982455007274,2021,8,Friday
2021-08-23,140.04,137.97,140.87,137.61,28450000.0,0.019,0.018991486574983618,137.158,136.22949999999997,129.41039999999998,108.50679999999998,0.010946570282820907,137.43,138.31,66.44295302013423,2.433033628538624,2.6677253221083066,2021,8,Monday
2021-08-24,141.26,140.61,142.08,140.34,19270000.0,0.0087,0.008711796629534474,137.603,136.6975,129.7866,108.77245,0.010147097586592208,140.04,136.66,71.69143665958951,2.608432422443286,2.655866742175303,2021,8,Tuesday
2021-08-25,142.08,141.63,142.19,141.38,15850000.0,0.0058,0.005804898768228872,138.18300000000002,136.997,130.19979999999998,109.04289999999999,0.007705099706967887,141.26,135.45,71.0773680404917,2.78154050971969,2.6810014956841806,2021,8,Wednesday
2021-08-26,141.44,141.75,142.42,141.36,20610000.0,-0.0045000000000000005,-0.0045045045045045695,138.608,137.28,130.6132,109.30975000000001,0.007788597901095502,142.08,135.68,70.41547277936954,2.834413905623194,2.711683977671983,2021,8,Thursday
2021-08-27,144.0,141.65,144.51,141.5,28780000.0,0.0181,0.018099547511312153,139.23499999999999,137.74349999999998,131.0584,109.59530000000001,0.008207561717080503,141.44,137.43,73.09446254071655,3.0477544419507296,2.7788980705277324,2021,8,Friday
2021-08-30,144.59,144.4,145.97,144.16,24430000.0,0.0040999999999999995,0.0040972222222221966,139.863,138.2305,131.548,109.88145,0.008187990769627772,144.0,140.04,74.55808080808072,3.227234868509896,2.8685654301241654,2021,8,Monday
2021-08-31,144.7,145.15,145.17,144.28,22450000.0,0.0007000000000000001,0.0007607718376096972,140.667,138.684,132.0058,110.16925,0.00819208063456113,144.59,141.26,77.30220492866395,3.3398507597626974,2.9628224960518716,2021,8,Tuesday
2021-09-01,145.22,145.0,146.25,144.88,21940000.0,0.0036,0.0035936420179683015,141.644,139.18850000000003,132.4636,110.4523,0.008026610398879743,144.7,142.08,76.71324018629397,3.431503087556081,3.0565586143527135,2021,9,Wednesday
2021-09-02,143.29,145.22,145.52,143.18,32360000.0,-0.013300000000000001,-0.013290180415920672,142.40500000000003,139.5405,132.8868,110.72525,0.008783183965316965,145.22,141.44,66.93057247259432,3.3102449046299967,3.1072958724081703,2021,9,Thursday
2021-09-03,143.74,143.08,144.15,142.4,19850000.0,0.0032,0.003140484332472715,143.036,139.9405,133.3116,111.00355000000002,0.008657211059997876,143.29,144.0,66.6666666666666,3.213415901999838,3.1285198783265042,2021,9,Friday
2021-09-07,144.28,143.83,144.57,143.62,20130000.0,0.0038,0.003756783080562043,143.46,140.30900000000003,133.74699999999999,111.2898,0.00855590470281726,143.74,144.59,75.09881422924892,3.144009522138589,3.1316178070889213,2021,9,Tuesday
2021-09-08,143.69,144.1,144.4,143.0,18350000.0,-0.0040999999999999995,-0.004089270862212335,143.70300000000003,140.65300000000002,134.17,111.56859999999999,0.008658304353712579,144.28,144.7,78.29670329670321,3.006736608889611,3.1066415674490595,2021,9,Wednesday
2021-09-09,143.54,143.84,144.31,143.18,15320000.0,-0.001,-0.0010439139814879539,143.849,141.01600000000002,134.5954,111.8522,0.008571483120861497,143.69,145.22,77.14088397790042,2.8529559890063183,3.0559044517605116,2021,9,Thursday
2021-09-10,140.88,144.21,144.72,140.74,36840000.0,-0.018600000000000002,-0.018531419813292427,143.793,141.20049999999998,134.97119999999998,112.12470000000002,0.00972179176722822,143.54,143.29,61.20857699805062,2.4877665462030905,2.942276870649027,2021,9,Friday
2021-09-13,142.33,141.95,142.95,141.25,22090000.0,0.0103,0.010292447473026822,143.62599999999998,141.4305,135.36900000000003,112.3954,0.009912034581473043,140.88,143.74,58.046380885453296,2.2889683611441285,2.8116151687480473,2021,9,Monday
2021-09-14,142.54,143.0,143.36,141.75,19670000.0,0.0015,0.0014754443897981862,143.421,141.642,135.71460000000002,112.66705,0.00989428186162004,142.33,144.28,54.841149773071095,2.1238818245749087,2.6740684999134197,2021,9,Tuesday
2021-09-15,144.43,142.77,144.45,141.35,27410000.0,0.0132,0.01325943594780421,143.39399999999998,142.03050000000002,136.0794,112.94245000000001,0.00968864666564504,142.54,143.69,58.22253324002794,2.1211059702876582,2.563475993988267,2021,9,Wednesday
2021-09-16,143.61,143.95,144.3,142.4,26200000.0,-0.005699999999999999,-0.00567749082600566,143.233,142.4385,136.4222,113.2219,0.009511733482592126,144.43,143.54,57.4982722874914,2.0293459024524907,2.456649975681112,2021,9,Thursday
2021-09-17,140.8,143.03,143.45,140.47,53380000.0,-0.0196,-0.019566882529071794,142.98399999999998,142.6945,136.7374,113.47705,0.010767308355577362,143.61,140.88,39.13043478260876,1.71016811822318,2.307353604189526,2021,9,Friday
2021-09-20,138.72,138.16,139.0,136.32,46520000.0,-0.0148,-0.014772727272727382,142.482,142.75900000000001,137.0014,113.71440000000001,0.011054881025747807,140.8,142.33,31.89389265885258,1.2746850323657952,2.1008198898247796,2021,9,Monday
2021-09-21,139.03,139.75,140.01,138.28,25330000.0,0.0023,0.0022347174163783734,141.957,142.70850000000002,137.2424,113.9541,0.010182241307425151,138.72,142.54,32.72394881170028,0.9436976000573907,1.869395431871302,2021,9,Tuesday
2021-09-22,140.28,139.3,140.89,138.55,25060000.0,0.009000000000000001,0.00899086528087456,141.616,142.6595,137.5012,114.19955,0.010195441402310115,139.03,144.43,35.58926487747962,0.7733376733193893,1.6501838801609197,2021,9,Wednesday
2021-09-23,141.22,140.99,141.7,140.4,20950000.0,0.0066,0.006700883946392899,141.384,142.6165,137.7608,114.45139999999999,0.010225595475248785,140.28,143.61,43.59133126934988,0.7060375862930925,1.4613546213873543,2021,9,Thursday
2021-09-24,142.21,140.54,142.33,140.24,22980000.0,0.0070999999999999995,0.007010338478969036,141.517,142.655,138.065,114.7096,0.010297574461372815,141.22,140.8,45.416417016177355,0.7242379444771245,1.3139312860053083,2021,9,Friday
2021-09-27,141.07,140.8,141.94,140.07,21880000.0,-0.008,-0.008016313901976102,141.39100000000002,142.5085,138.347,114.97049999999999,0.009553580072428769,142.21,138.72,40.71717755928283,0.6393038895560323,1.1790058067154532,2021,9,Monday
2021-09-28,135.83,138.65,139.1,135.36,45770000.0,-0.037200000000000004,-0.037144679946125914,140.72,142.07049999999998,138.572,115.20774999999999,0.012420056212154888,141.07,139.03,32.087511394712905,0.14746890191636908,0.9726984257556364,2021,9,Tuesday
2021-09-29,134.35,136.98,137.15,133.87,30850000.0,-0.0109,-0.010895972907310703,139.71200000000002,141.553,138.7348,115.4358,0.012505237068647165,135.83,140.28,30.253545337344264,-0.35761513571489445,0.7066357134615303,2021,9,Wednesday
2021-09-30,133.68,134.26,135.54,133.56,38030000.0,-0.005,-0.00498697432080375,138.719,140.97600000000003,138.85739999999998,115.66615,0.012391082590950826,134.35,141.22,33.08270676691734,-0.8027081551044546,0.40476693974833333,2021,9,Thursday
2021-10-01,136.54,134.45,136.91,134.07,35360000.0,0.021400000000000002,0.02139437462597238,138.293,140.6385,139.0198,115.9086,0.013415740160463296,133.68,142.21,37.241075363596245,-0.9141319377589241,0.14098716424688185,2021,10,Friday
2021-10-04,133.66,135.96,135.96,131.05,51200000.0,-0.021099999999999997,-0.021092720082027228,137.78699999999998,140.1345,139.03279999999998,116.1376,0.013978792200982712,136.54,141.07,32.492113564668784,-1.2207559049353733,-0.1313614495895692,2021,10,Monday
2021-10-05,136.02,134.04,137.22,134.04,32400000.0,0.0177,0.017656740984587804,137.48600000000002,139.7215,139.0724,116.38255000000001,0.014687964310058758,133.66,135.83,33.72048006194349,-1.2588145013849044,-0.3568520599486362,2021,10,Tuesday
2021-10-06,137.57,134.75,137.75,134.55,24360000.0,0.0113,0.011395383031906903,137.215,139.4155,139.1858,116.63885,0.015022949410684258,136.02,134.35,38.62951807228912,-1.1506403020062521,-0.5156097083601594,2021,10,Wednesday
2021-10-07,139.23,138.89,140.04,138.65,25110000.0,0.0121,0.012066584284364357,137.01600000000002,139.2,139.2486,116.90135000000001,0.015352318833330146,137.57,133.68,46.910665092483235,-0.9203540739801497,-0.5965585814841574,2021,10,Thursday
2021-10-08,139.79,139.58,140.33,139.22,26530000.0,0.004,0.004022121669180478,136.774,139.14550000000003,139.3288,117.17025,0.014848586608164427,139.23,136.54,52.23943072415236,-0.6847696608658964,-0.6142007973605053,2021,10,Friday
2021-10-11,138.91,139.29,140.71,138.86,17950000.0,-0.0062,-0.006295157021246167,136.558,138.97449999999998,139.4124,117.43275,0.014689215022228128,139.79,133.66,49.75470155355682,-0.5625907655670801,-0.6038787910018203,2021,10,Monday
2021-10-12,136.45,139.48,139.51,135.76,36330000.0,-0.0177,-0.017709308185155925,136.61999999999998,138.67,139.4444,117.68145,0.01513110575021867,138.91,136.02,42.53992987923644,-0.6566945853122661,-0.6144419498639095,2021,10,Tuesday
2021-10-13,137.58,137.4,138.0,136.52,19660000.0,0.0083,0.008281421766214825,136.943,138.32750000000001,139.4834,117.92585,0.01490489998258126,136.45,137.57,42.96210363495749,-0.6327965000947984,-0.6181128599100874,2021,10,Wednesday
2021-10-14,141.15,139.47,141.34,138.82,31930000.0,0.0259,0.025948539031835915,137.69,138.2045,139.60379999999998,118.19215,0.016155180460850405,137.58,139.23,48.136427566807306,-0.3220752481427098,-0.5589053375566119,2021,10,Thursday
2021-10-15,141.37,141.61,141.72,140.76,30270000.0,0.0015,0.0015586255756288026,138.173,138.233,139.7062,118.46495,0.015538204562042681,141.15,139.79,50.5450581395349,-0.05741244107892385,-0.45860675826107433,2021,10,Friday
2021-10-18,142.78,141.08,142.8,141.07,20400000.0,0.01,0.009973827544740743,139.085,138.43599999999998,139.847,118.7407,0.01525605726859371,141.37,138.91,64.66863655550864,0.26307736435370543,-0.3142699337381184,2021,10,Monday
2021-10-19,143.24,143.39,143.66,142.6,20160000.0,0.0032,0.003221739739459384,139.807,138.6465,139.9736,119.02535,0.015259968856944556,142.78,136.45,69.60741067490079,0.5478704898140165,-0.14184184902769142,2021,10,Tuesday
2021-10-20,141.77,143.34,143.55,141.38,23290000.0,-0.0102,-0.010262496509354957,140.227,138.721,140.0728,119.2992,0.015376298096386172,143.24,137.58,67.23476778866639,0.6474905113021237,0.016024623038271596,2021,10,Wednesday
2021-10-21,141.89,141.77,142.16,140.5,26290000.0,0.0008,0.0008464414191999836,140.493,138.7545,140.185,119.57795,0.015310455115626244,141.77,141.15,62.90400385914133,0.7277342260144053,0.15836654363349834,2021,10,Thursday
2021-10-22,137.57,139.15,140.58,136.06,50590000.0,-0.0304,-0.030446120233984075,140.27100000000002,138.5225,140.1926,119.8222,0.01668213562453949,141.89,141.37,58.81822282363554,0.4376945811193025,0.2142321511306592,2021,10,Friday
2021-10-25,137.45,137.55,138.0,135.42,34410000.0,-0.0009,-0.0008722832012794113,140.125,138.3415,140.187,120.06,0.016612146609236163,137.57,142.78,53.58755644756644,0.19589492108903528,0.2105647051223344,2021,10,Monday
2021-10-26,139.31,139.26,140.08,138.3,49240000.0,0.013500000000000002,0.01353219352491819,140.411,138.5155,140.207,120.3175,0.014575700764718477,137.45,143.24,54.298418972332044,0.15259439062555202,0.19897064222297794,2021,10,Tuesday
2021-10-27,146.22,139.4,148.65,139.4,85780000.0,0.0496,0.049601607924772084,141.275,139.109,140.3982,120.61425,0.01781452308545332,139.31,141.77,63.71125931737937,0.6681555774062815,0.29280762925963866,2021,10,Wednesday
2021-10-28,145.85,147.13,147.16,144.63,36210000.0,-0.0025,-0.0025304335932156974,141.745,139.7175,140.6062,120.9067,0.01775482434259478,146.22,141.89,61.97628458498024,1.0349553040589399,0.4412371642194989,2021,10,Thursday
2021-10-29,148.05,145.08,148.24,144.65,43320000.0,0.0151,0.015083990401097092,142.41299999999998,140.29299999999998,140.8536,121.2142,0.01749321004630575,145.85,137.57,67.16754320060106,1.4860382203359848,0.6501973754427961,2021,10,Friday
2021-11-01,143.5,148.05,148.05,143.23,46920000.0,-0.030699999999999998,-0.030732860520094607,142.48499999999999,140.785,140.975,121.4998,0.01833913472821755,148.05,137.45,62.27795193312435,1.45955289012187,0.812068478378611,2021,11,Monday
2021-11-02,145.43,144.58,146.61,144.34,33479999.999999996,0.013500000000000002,0.013449477351916483,142.704,141.2555,141.08280000000002,121.78085000000002,0.018194379275147124,143.5,139.31,63.300576075906456,1.5761293078729466,0.9648806442774781,2021,11,Tuesday
2021-11-03,146.6,145.9,146.67,144.59,27490000.0,0.008,0.008045107611909463,143.18699999999998,141.707,141.1896,122.04385,0.018133246112314295,145.43,146.22,60.05164146071558,1.7428358538845146,1.1204716861988855,2021,11,Wednesday
2021-11-04,148.27,147.12,149.73,146.31,38410000.0,0.011399999999999999,0.011391541609822697,143.825,142.159,141.3134,122.31415000000001,0.018116767161649748,146.6,145.85,62.079831932773104,1.9868043915985822,1.293738227278825,2021,11,Thursday
2021-11-05,148.85,149.17,150.33,148.2,38350000.0,0.0039000000000000003,0.003911782558845278,144.953,142.612,141.4616,122.58525,0.01811655421554954,148.27,148.05,60.94482509917056,2.2015739936070418,1.4753053805444685,2021,11,Friday
2021-11-08,149.03,149.82,150.61,148.43,23050000.0,0.0012,0.0012092710782667382,146.111,143.118,141.5622,122.85685000000001,0.01798460051326099,148.85,143.5,60.54644808743167,2.359110587846061,1.6520664220047871,2021,11,Monday
2021-11-09,148.92,149.23,149.83,147.24,19530000.0,-0.0008,-0.0007381064215259414,147.072,143.74150000000003,141.6488,123.12445,0.017310254854913647,149.03,145.43,63.702568033729335,2.446877314525125,1.811028600508855,2021,11,Tuesday
2021-11-10,145.89,147.5,148.07,144.54,29970000.0,-0.0203,-0.020346494762288447,147.039,144.15699999999998,141.6726,123.39914999999999,0.018146595555293993,148.92,146.6,56.89655172413792,2.246046376002738,1.8980321556076316,2021,11,Wednesday
2021-11-11,145.77,146.49,147.54,145.6,16520000.0,-0.0009,-0.0008225375282745473,147.031,144.388,141.68359999999998,123.6647,0.017341404207869764,145.89,148.27,66.53225806451613,2.0535315794281814,1.9291320403717418,2021,11,Thursday
2021-11-12,148.68,146.62,148.85,145.41,22360000.0,0.02,0.019962955340605104,147.094,144.75349999999997,141.79139999999998,123.95125,0.01781242049356051,145.77,148.85,70.35157665820951,2.1114355812067913,1.9655927485387519,2021,11,Friday
2021-11-15,148.45,148.9,149.55,147.57,23510000.0,-0.0015,-0.0015469464622007711,147.589,145.037,141.88559999999998,124.22025,0.017750100131743017,148.68,149.03,67.60400616332814,2.1143924420736937,1.9953526872457403,2021,11,Monday
2021-11-16,147.88,148.15,148.76,147.31,18900000.0,-0.0039000000000000003,-0.003839676658807689,147.834,145.26899999999998,141.9576,124.47985,0.017796737636099024,148.45,148.92,54.23037716615697,2.0471433451224357,2.0057108188210795,2021,11,Tuesday
2021-11-17,148.05,148.03,148.56,147.24,19600000.0,0.0012,0.001149580741141465,147.97899999999998,145.583,142.0448,124.70540000000001,0.01757303617714161,147.88,145.89,55.66426364572608,1.9846872908714772,2.001506113231159,2021,11,Wednesday
2021-11-18,149.84,148.24,150.58,147.88,35630000.0,0.0121,0.012090509962850327,148.13600000000002,145.9805,142.17079999999999,124.94120000000001,0.017702948519830702,148.05,145.77,54.70804839558125,2.0559289886421084,2.0123906883133493,2021,11,Thursday
2021-11-19,148.93,149.98,150.97,148.9,33700000.0,-0.0060999999999999995,-0.006073144687666843,148.144,146.5485,142.33180000000002,125.16365,0.016049980129884144,149.84,148.68,67.66428106701368,2.015723150842547,2.013057180819189,2021,11,Friday
2021-11-22,146.3,149.33,149.83,146.15,30630000.0,-0.0176,-0.017659303028268236,147.871,146.991,142.4112,125.374,0.016747291755550814,148.93,148.45,52.70690728064718,1.7514510767734635,1.9607359600100438,2021,11,Monday
2021-11-23,145.78,146.15,146.66,144.12,27230000.0,-0.0036,-0.0035543403964457543,147.557,147.3145,142.476,125.58404999999999,0.016630945438539796,146.3,147.88,47.34111543450067,1.4829592685794921,1.8651806217239335,2021,11,Tuesday
2021-11-24,146.12,145.47,146.25,144.37,18040000.0,0.0023,0.002332281520098789,147.58,147.30949999999999,142.50979999999998,125.79305000000001,0.012387849777340794,145.78,148.05,42.370475514549305,1.282825125195842,1.7487095224183153,2021,11,Wednesday
2021-11-26,142.18,144.35,144.56,141.84,30470000.0,-0.0269,-0.026964139063783144,147.221,147.126,142.4812,125.98174999999999,0.01378107271274132,146.12,149.84,30.888252148997182,0.7971037863602533,1.5583883752067031,2021,11,Friday
2021-11-29,145.53,144.0,146.3,143.89,32600000.0,0.0235,0.023561682374454884,146.906,147.0,142.5758,126.18565000000001,0.014423162141097668,142.18,148.93,41.51309408341416,0.674705543268459,1.3816518088190544,2021,11,Monday
2021-11-30,141.9,145.01,146.0,141.6,42070000.0,-0.025,-0.024943310657596363,146.251,146.92000000000002,142.6394,126.36744999999999,0.013836057575319584,145.53,146.3,35.45981772990889,0.2815478822333546,1.1616310235019145,2021,11,Tuesday
2021-12-01,141.05,144.0,145.95,140.91,34060000.0,-0.006,-0.005990133897110561,145.568,146.701,142.6798,126.54305000000001,0.013485176799982831,141.9,145.78,38.979963570127545,-0.09749641495631067,0.9098055358102695,2021,12,Wednesday
2021-12-02,142.97,141.25,143.86,140.21,29190000.0,0.013600000000000001,0.013612194257355492,145.06,146.5195,142.7336,126.73145000000001,0.013746223547651615,141.05,146.12,44.10774410774408,-0.2401949792507594,0.6798054327980637,2021,12,Thursday
2021-12-03,142.0,143.68,144.4,140.3,41230000.0,-0.0067,-0.006784640134293918,144.276,146.206,142.7492,126.91924999999999,0.013470609100858205,142.97,142.18,34.69294225481208,-0.4266375013702941,0.4585168459643922,2021,12,Friday
2021-12-06,143.15,143.04,143.85,140.15,30620000.0,0.008100000000000001,0.008098591549295708,143.698,145.921,142.768,127.12145000000001,0.013600395811238602,142.0,145.53,38.34652594547055,-0.47611084489562927,0.27159130779238794,2021,12,Monday
2021-12-07,147.27,145.6,147.53,145.23,32240000.000000004,0.0287,0.02878099895214814,143.79500000000002,145.833,142.892,127.34275,0.01522810933233011,143.15,141.9,48.839863065804515,-0.18078527820014756,0.18111599059388084,2021,12,Tuesday
2021-12-08,148.19,147.6,148.39,146.41,24270000.0,0.0062,0.00624702926597398,144.036,145.79649999999998,143.1392,127.56275,0.01530189072603346,147.27,141.05,50.25887573964495,0.1260456960279157,0.17010193168068782,2021,12,Wednesday
2021-12-09,147.64,147.59,149.1,147.12,23270000.0,-0.0037,-0.0037114515149471172,144.18800000000002,145.884,143.405,127.79695,0.014580522387149577,148.19,142.97,45.7364341085271,0.321129271892886,0.20030739972312747,2021,12,Thursday
2021-12-10,148.0,148.7,148.98,146.7,24460000.0,0.0025,0.00243836358710392,144.77,145.9955,143.6914,128.03145,0.014580864687849818,147.64,142.0,48.158415841584144,0.499030885212818,0.2600520968210656,2021,12,Friday
2021-12-13,145.83,147.78,147.97,145.52,27070000.0,-0.0147,-0.014662162162162096,144.8,145.853,143.87720000000002,128.2432,0.014245082162794133,148.0,143.15,49.05203711173861,0.4596201163300293,0.2999657007228584,2021,12,Monday
2021-12-14,143.91,143.97,144.48,141.21,38450000.0,-0.0132,-0.013166015223205263,145.001,145.626,144.0822,128.44665,0.014508595661198583,145.83,147.27,46.4299350897289,0.27034250405625926,0.29404106138953856,2021,12,Tuesday
2021-12-15,146.44,143.41,146.72,141.68,36370000.0,0.0176,0.0175804322145785,145.54000000000002,145.55400000000003,144.29059999999998,128.67600000000002,0.015101538423909254,143.91,148.19,50.56377730796334,0.3207906140519299,0.29939097192201686,2021,12,Wednesday
2021-12-16,144.45,147.17,147.68,143.61,33650000.0,-0.013600000000000001,-0.013589183283255979,145.68800000000002,145.374,144.4282,128.88975,0.015379975222583473,146.44,147.64,54.294362466893645,0.19791331431576964,0.2790954404007674,2021,12,Thursday
2021-12-17,141.73,142.5,143.83,141.3,51020000.0,-0.018799999999999997,-0.018830044998269346,145.661,144.9685,144.4782,129.07415,0.015535680590436713,144.45,148.0,42.63565891472866,-0.11759355373183666,0.1997576415742466,2021,12,Friday
2021-12-20,141.61,140.0,141.77,139.32,27190000.0,-0.0008,-0.0008466803076270235,145.507,144.60250000000002,144.5146,129.2803,0.01551926257639322,141.73,145.83,49.34948407357561,-0.3730180964616636,0.08520249396706459,2021,12,Monday
2021-12-21,143.47,142.05,143.87,140.5,28760000.0,0.0132,0.013134665630958109,145.127,144.46099999999998,144.6058,129.48755,0.015453363181406294,141.61,143.91,55.193133047210274,-0.4205100533415873,-0.015940015494665796,2021,12,Tuesday
2021-12-22,146.41,143.07,146.5,143.07,26320000.0,0.020499999999999997,0.02049208893845411,144.94899999999998,144.4925,144.805,129.71055,0.016152557661642905,143.47,146.44,57.07236842105264,-0.2183967995769649,-0.05643137231112562,2021,12,Wednesday
2021-12-23,146.92,146.5,148.24,146.45,26380000.0,0.0034000000000000002,0.003483368622361871,144.877,144.5325,144.9918,129.92,0.016162079851861612,146.41,144.45,60.310142497904415,-0.016873346632280573,-0.048519767175356616,2021,12,Thursday
2021-12-27,147.91,147.26,148.34,147.17,15980000.0,0.0067,0.0067383610127962346,144.868,144.81900000000002,145.127,130.14705,0.014863990584413088,146.92,141.73,60.04219409282699,0.2201820463771753,0.005220595535149766,2021,12,Monday
2021-12-28,146.69,148.24,148.3,146.05,18250000.0,-0.008199999999999999,-0.008248259076465425,144.954,144.877,145.2334,130.3669,0.014128327645796517,147.91,141.61,48.6057692307692,0.30607807171077184,0.06539209077027418,2021,12,Tuesday
2021-12-29,146.65,146.64,147.42,145.65,17790000.0,-0.0002,-0.0002726838911990548,145.228,145.1145,145.3108,130.57920000000001,0.01280582761802603,146.69,143.47,46.13453815261046,0.3666965750722966,0.12565298763067867,2021,12,Wednesday
2021-12-30,146.2,146.69,147.3,145.99,15690000.0,-0.0031,-0.003068530514831358,145.204,145.372,145.37,130.78965,0.012729620741398683,146.65,146.41,46.3673057517659,0.3741133902407512,0.17534506815269318,2021,12,Thursday
2021-12-31,144.85,146.05,146.7,144.85,18140000.0,-0.0092,-0.009233926128590975,145.24399999999997,145.466,145.4316,131.00854999999999,0.012645371195273166,146.2,146.92,42.43152330610281,0.2679685771648508,0.19386976995512473,2021,12,Friday
2022-01-03,144.99,145.05,145.85,143.71,28680000.0,0.001,0.0009665170866415274,145.57,145.6155,145.49360000000001,131.22675,0.01252114042863702,144.85,147.91,47.763578274760384,0.1929210047872516,0.19368001692155012,2022,1,Monday
2022-01-04,144.4,145.4,146.48,143.72,28400000.0,-0.0040999999999999995,-0.0040692461549072245,145.849,145.678,145.63019999999997,131.44109999999998,0.01245949551789312,144.99,146.69,51.40401146131808,0.084858992186156,0.1719158119744713,2022,1,Tuesday
2022-01-05,137.77,144.42,144.5,137.69,54620000.0,-0.045899999999999996,-0.045914127423822726,145.279,145.203,145.6366,131.6196,0.014557060317423343,144.4,146.65,29.883990719257554,-0.5296609207313452,0.03160046543330802,2022,1,Wednesday
2022-01-06,137.75,137.0,139.94,136.56,37350000.0,-0.0002,-0.00014516948537424135,144.413,144.68099999999998,145.6054,131.8002,0.014407518100581482,137.77,146.2,32.890704800817176,-1.0066818106726032,-0.17605598978787423,2022,1,Thursday
2022-01-07,137.02,138.15,138.45,135.77,29760000.0,-0.0053,-0.00529945553539013,143.423,144.15,145.4214,131.97719999999998,0.014412851607893754,137.75,144.85,36.61171119954524,-1.427177587000699,-0.42628030923043925,2022,1,Friday
2022-01-10,138.67,135.08,138.82,133.16,44410000.0,0.0121,0.012042037658735794,142.499,143.6835,145.27779999999998,132.16435,0.014780796440833388,137.02,144.99,42.311715481171476,-1.6087377811381032,-0.6627718036119721,2022,1,Monday
2022-01-11,139.74,138.01,140.22,136.69,28730000.0,0.0077,0.007716160669214878,141.80400000000003,143.37900000000002,145.1116,132.3516,0.014709941459423262,138.67,144.4,39.82542280414624,-1.6472964770447618,-0.8596767382985301,2022,1,Tuesday
2022-01-12,141.43,141.15,142.61,140.69,26110000.0,0.0121,0.012093888650350548,141.282,143.255,145.0702,132.54715,0.014787366288968436,139.74,137.77,35.42154566744735,-1.5239188572901696,-0.992525162096858,2022,1,Wednesday
2022-01-13,138.59,141.54,142.85,138.41,31440000.0,-0.020099999999999996,-0.020080605246411642,140.52100000000002,142.8625,144.9334,132.72445,0.014726259497831063,141.43,137.75,28.54198866563634,-1.636441589878018,-1.1213084476530901,2022,1,Thursday
2022-01-14,139.48,137.08,140.74,137.0,29660000.0,0.0064,0.006421819756114999,139.984,142.614,144.791,132.8894,0.014623095286207923,138.59,137.02,28.171931641636448,-1.63495436794679,-1.2240376317118302,2022,1,Friday
2022-01-18,136.0,136.18,137.13,135.44,34890000.0,-0.025,-0.024949813593346692,139.085,142.32750000000001,144.5456,133.01465,0.015059124277421173,139.48,138.67,25.220213259156225,-1.8927640445768077,-1.357782914284826,2022,1,Tuesday
2022-01-19,135.12,136.52,137.96,135.02,28650000.0,-0.006500000000000001,-0.006470588235294117,138.15699999999998,142.003,144.27100000000002,133.13795,0.01508987457310375,136.0,139.74,24.274877286925474,-2.1433811525395754,-1.5149025619357759,2022,1,Wednesday
2022-01-20,133.31,136.25,137.63,132.96,29910000.0,-0.0134,-0.013395500296033203,137.711,141.495,143.9566,133.24475,0.014831716514259073,135.12,141.43,22.885990744636103,-2.4596950559002835,-1.7038610607286775,2022,1,Thursday
2022-01-21,130.35,132.59,134.87,130.09,55650000.0,-0.0222,-0.022203885679994095,136.971,140.69199999999998,143.58520000000001,133.3339,0.014248892319982553,133.31,138.59,21.43420015760441,-2.9156139823977014,-1.9462116450624825,2022,1,Friday
2022-01-24,130.8,125.98,131.2,124.5,76690000.0,0.0034999999999999996,0.0034522439585731313,136.349,139.88600000000002,143.2834,133.42025,0.014247838838643383,130.35,139.48,22.38224990268587,-3.2036916144695056,-2.1977076389438874,2022,1,Monday
2022-01-25,126.93,128.74,129.4,126.5,46960000.0,-0.0296,-0.029587155963302747,135.175,138.837,142.9066,133.49375,0.014880597381976975,130.8,136.0,19.84811874352779,-3.7016021055289627,-2.4984865322609027,2022,1,Tuesday
2022-01-26,129.23,131.12,133.0,127.14,49130000.0,0.0181,0.018120223745371256,134.124,137.964,142.51760000000002,133.5763,0.015942217901532562,126.93,135.12,32.67045454545449,-3.8660436343586753,-2.7719979526804575,2022,1,Wednesday
2022-01-27,129.01,131.3,132.65,128.93,32020000.000000004,-0.0018,-0.0017023910856611701,132.882,137.08200000000002,142.1288,133.66084999999998,0.015917455824946285,129.23,133.31,32.407407407407376,-3.9683719702297253,-3.011272756190311,2022,1,Thursday
2022-01-28,133.35,129.66,133.36,128.49,34360000.0,0.0337,0.033640803038524236,132.358,136.4395,141.8382,133.7563,0.01825095107160193,129.01,130.35,43.55008787346218,-3.6571093049408887,-3.140440065940427,2022,1,Friday
2022-01-31,135.3,134.16,135.47,132.21,39990000.0,0.0146,0.014623172103487292,131.94,135.962,141.5832,133.8621,0.018694680251313024,133.35,130.8,44.13913043478266,-3.2160105295158417,-3.15555415865551,2022,1,Monday
2022-02-01,137.64,137.59,137.79,134.37,68640000.0,0.0173,0.017294900221729304,132.10399999999998,135.5945,141.3392,133.97785,0.019236602502248373,135.3,126.93,46.50233177881408,-2.6471039615387895,-3.0538641192321663,2022,2,Tuesday
2022-02-02,148.0,151.25,151.55,145.52,123200000.0,0.07519999999999999,0.07526881720430123,133.392,135.77450000000002,141.3206,134.1481,0.025903766443125503,137.64,129.23,58.490566037735846,-1.344774269117579,-2.712046149209249,2022,2,Wednesday
2022-02-03,143.09,145.71,149.68,142.67,71520000.0,-0.0332,-0.0331756756756757,134.37,136.0405,141.25639999999999,134.29395,0.024808856669408706,148.0,129.01,55.520117762512264,-0.700786341789069,-2.309794187725213,2022,2,Thursday
2022-02-04,143.29,143.44,144.88,140.51,58000000.0,0.0014000000000000002,0.0013977217136067477,135.664,136.3175,141.2066,134.44725,0.024803633741058918,143.09,133.35,54.75418018467682,-0.17229681078484305,-1.882294712337139,2022,2,Friday
2022-02-07,139.2,144.25,144.25,138.9,54970000.0,-0.0286,-0.02854351315513992,136.504,136.4265,141.0682,134.56825,0.02570469652603044,143.29,135.3,53.933136676499494,-0.08254237127113129,-1.5223442441239377,2022,2,Monday
2022-02-08,139.4,139.03,140.0,137.01,54280000.0,0.0014000000000000002,0.001436781609195581,137.751,136.46300000000002,141.0126,134.68775,0.025576118699713327,139.2,137.64,55.35,0.0046731283053702555,-1.216940769638076,2022,2,Tuesday
2022-02-09,141.59,140.96,142.52,140.19,40140000.0,0.015700000000000002,0.015710186513629765,138.987,136.5555,140.93380000000002,134.82295,0.025755546741943754,139.4,148.0,60.25260029717681,0.24765195984471688,-0.9240222237415175,2022,2,Wednesday
2022-02-10,138.62,139.7,141.48,137.96,39330000.0,-0.021,-0.020976057631188594,139.948,136.41500000000002,140.8682,134.9263,0.02606334634262886,141.59,143.09,60.23768259470167,0.19827466877333677,-0.6995628452385467,2022,2,Thursday
2022-02-11,134.28,138.6,139.16,133.4,39960000.0,-0.0313,-0.03130861347568892,140.041,136.1995,140.7328,134.9995,0.0266181125802589,138.62,143.29,53.92953929539294,-0.188881609630414,-0.5974265981169202,2022,2,Friday
2022-02-14,135.53,133.26,136.3,133.26,34300000.0,0.009300000000000001,0.00930890676198981,140.06400000000002,136.002,140.584,135.08875,0.0266696712437275,134.28,139.2,60.32165146423428,-0.3903415814894231,-0.5560095947914208,2022,2,Monday
2022-02-15,136.61,137.57,138.11,135.82,26710000.0,0.008,0.0079687154135617,139.96099999999998,136.03249999999997,140.4762,135.18605,0.02613084293243265,135.53,139.4,59.12462908011872,-0.45757840751582535,-0.5363233573363018,2022,2,Tuesday
2022-02-16,137.74,136.65,138.09,134.92,25020000.0,0.0083,0.008271722421491878,138.935,136.1635,140.368,135.29805,0.026130517930430315,136.61,141.59,60.55622732769046,-0.41489981357622696,-0.5120386485842868,2022,2,Wednesday
2022-02-17,132.54,136.24,137.11,132.48,38950000.0,-0.0377,-0.03775228691738064,137.88000000000002,136.125,140.0734,135.38205,0.027387824084386957,137.74,138.62,49.04051172707889,-0.7915487805628345,-0.5679406749799965,2022,2,Thursday
2022-02-18,130.4,133.47,134.07,130.2,45620000.0,-0.0161,-0.016146069111211636,136.591,136.1275,139.7176,135.4497,0.027161175309654083,132.54,134.28,44.221698113207545,-1.248335876856487,-0.7040197153552945,2022,2,Friday
2022-02-22,129.81,129.84,132.18,128.22,44990000.0,-0.0045000000000000005,-0.004524539877300615,135.652,136.078,139.361,135.51075,0.027172021650058744,130.4,135.53,40.36900369003693,-1.6390569821936083,-0.8910271687229573,2022,2,Tuesday
2022-02-23,127.59,131.65,132.05,127.53,32790000.0,-0.0171,-0.017101918188121124,134.471,136.11100000000002,138.9528,135.57575,0.026594597932626807,129.81,136.61,18.609658566594916,-2.103592811364365,-1.133540297251239,2022,2,Wednesday
2022-02-24,132.69,124.95,133.0,124.95,54460000.0,0.04,0.0399717846226193,133.581,136.28400000000002,138.69,135.6717,0.02777531850006865,127.59,137.74,34.09785932721712,-2.0367352095880165,-1.3141792797185945,2022,2,Thursday
2022-02-25,134.46,133.55,135.27,131.75,36410000.0,0.013300000000000001,0.013339362423694379,133.165,136.55649999999997,138.50099999999998,135.79395,0.027882263323300512,132.69,132.54,37.117011963816786,-1.8199466587992674,-1.415332755534729,2022,2,Friday
2022-02-28,135.06,133.05,135.75,132.59,38860000.0,0.0044,0.004462293618920032,133.243,136.642,138.2734,135.912,0.026909929993776574,134.46,130.4,43.27485380116962,-1.5814946983944083,-1.4485651441066651,2022,2,Monday
2022-03-01,134.06,134.88,136.26,133.22,26500000.0,-0.0074,-0.00740411668887897,133.096,136.58,138.06560000000002,136.0127,0.026772409034489585,135.06,129.81,41.5452818239392,-1.4564227100613323,-1.4501366572975987,2022,3,Tuesday
2022-03-02,134.57,134.63,135.26,133.07,23520000.0,0.0038,0.0038042667462330204,132.892,136.42649999999998,137.9224,136.1133,0.026478750191598496,134.06,127.59,38.26086956521738,-1.3011506655261655,-1.420339458943312,2022,3,Wednesday
2022-03-03,133.9,136.01,136.44,133.03,24600000.0,-0.005,-0.0049788214312253,132.508,135.7215,137.7682,136.2172,0.01950767161352214,134.57,132.69,41.449275362318836,-1.218118144417133,-1.3798951960380763,2022,3,Thursday
2022-03-04,131.91,132.93,133.85,130.34,30450000.0,-0.0149,-0.014861837191934346,132.445,135.1625,137.53699999999998,136.3089,0.018510547266598357,133.9,134.46,45.3069306930693,-1.2979289253782156,-1.3635019419061043,2022,3,Friday
2022-03-07,126.38,131.49,131.74,126.29,45110000.0,-0.04190000000000001,-0.041922522932302364,132.043,134.317,137.13639999999998,136.36405000000002,0.02030595127827236,131.91,135.06,34.50728073145952,-1.7868071278363118,-1.4481629790921458,2022,3,Monday
2022-03-08,127.1,126.25,131.25,125.67,40430000.0,0.005699999999999999,0.005697103972147399,131.772,133.712,136.74,136.42600000000002,0.01974649879616682,126.38,134.06,33.69900582790534,-2.0920329887042044,-1.5769369810145575,2022,3,Tuesday
2022-03-09,133.42,131.25,133.74,129.9,37030000.0,0.049699999999999994,0.0497246262785207,132.355,133.41299999999998,136.4502,136.50285,0.023150059651854012,127.1,134.57,43.71362048894059,-1.8031696832450734,-1.6221835214606608,2022,3,Wednesday
2022-03-10,132.43,131.27,133.27,130.91,27100000.0,-0.0074,-0.00742017688502461,132.329,132.955,136.165,136.5743,0.022797186625397002,133.42,133.9,49.81757877280268,-1.6352776953982584,-1.6248023562481804,2022,3,Thursday
2022-03-11,129.87,133.49,133.8,129.63,31530000.0,-0.019299999999999998,-0.01933096730348105,131.87,132.51749999999998,135.8294,136.62855,0.022732139563570758,132.43,131.91,49.133137062479555,-1.689319269644784,-1.6377057389275014,2022,3,Friday
2022-03-14,125.95,130.25,130.41,125.28,38810000.0,-0.0302,-0.030184030184030153,130.959,132.101,135.4244,136.66765,0.022659733261628755,129.87,126.38,44.306784660766965,-2.0251145854260244,-1.7151875082272061,2022,3,Monday
2022-03-15,129.2,126.98,129.85,125.72,30920000.0,0.0258,0.025803890432711363,130.473,131.7845,135.1114,136.72445,0.023417084863904022,125.95,127.1,52.30460921843686,-2.0058645953922394,-1.7733229256602128,2022,3,Tuesday
2022-03-16,133.28,130.73,133.33,128.73,35580000.0,0.0316,0.03157894736842115,130.344,131.618,134.8772,136.79555,0.024521993808092935,129.2,133.42,50.86994986729579,-1.6424537531105727,-1.747149091150285,2022,3,Wednesday
2022-03-17,133.84,133.15,134.08,132.18,28260000.0,0.0042,0.004201680672268893,130.338,131.423,134.666,136.87210000000002,0.0244582541067493,133.28,132.43,49.05198776758409,-1.294340372370101,-1.6565873473942483,2022,3,Thursday
2022-03-18,136.13,133.42,136.24,132.26,44570000.0,0.0171,0.017109982068141072,130.76000000000002,131.60250000000002,134.6332,136.96585,0.023180483528922945,133.84,129.87,51.555684792090716,-0.8241735883441663,-1.4901045955842318,2022,3,Friday
2022-03-21,136.1,136.16,137.05,134.09,26830000.0,-0.0002,-0.00022037758025417187,131.732,131.8875,134.6002,137.04795000000001,0.02280969241383249,136.13,125.95,53.05206463195691,-0.4488101696532567,-1.2818457103980367,2022,3,Monday
2022-03-22,139.87,136.1,141.05,136.1,35500000.0,0.0277,0.027700220426157385,133.00900000000001,132.3905,134.65720000000002,137.14675,0.0234255959407675,136.1,129.2,57.224645583424234,0.15113336544251865,-0.9952498952299258,2022,3,Tuesday
2022-03-23,138.28,138.7,139.59,137.84,25150000.0,-0.011399999999999999,-0.011367698577250285,133.495,132.925,134.6494,137.23855,0.02318763401759394,139.87,133.28,55.824468085106375,0.49261467225042566,-0.6976769817338555,2022,3,Wednesday
2022-03-24,141.57,139.2,141.62,137.75,26400000.0,0.023799999999999998,0.02379230546716804,134.409,133.369,134.68599999999998,137.34439999999998,0.022135428245358545,138.28,133.84,62.41645244215939,1.0169933066753742,-0.3547429240520096,2022,3,Thursday
2022-03-25,141.67,141.92,142.04,139.74,24140000.0,0.0007000000000000001,0.000706364342727861,135.589,133.7295,134.6908,137.44395,0.022019102995930653,141.57,136.13,72.84135046310129,1.4242188087841328,0.0010494225152188896,2022,3,Friday
2022-03-28,141.46,140.9,142.0,139.81,35050000.0,-0.0015,-0.001482318063104282,137.14000000000001,134.0495,134.7482,137.5437,0.022036231994049638,141.67,136.1,71.78398058252432,1.7102875775726432,0.3428970535267038,2022,3,Monday
2022-03-29,142.51,142.65,143.79,142.04,34320000.0,0.0074,0.007422592959140273,138.471,134.47199999999998,134.8088,137.644,0.02193298445913704,141.46,139.87,66.41386782231857,1.998685757363404,0.6740547942940439,2022,3,Tuesday
2022-03-30,141.94,142.46,142.72,141.6,19880000.0,-0.004,-0.003999719317942518,139.337,134.8405,134.92759999999998,137.7466,0.021992666092322765,142.51,138.28,67.43674367436745,2.1563916160899055,0.9705221586532162,2022,3,Wednesday
2022-03-31,139.07,142.05,142.11,139.02,37520000.0,-0.0202,-0.020219811187825898,139.85999999999999,135.099,135.0066,137.8381,0.022537288930620302,141.94,141.57,66.67875271936185,2.0264302049372986,1.1817037679100328,2022,3,Thursday
2022-04-01,140.15,139.5,140.47,138.31,25940000.0,0.0078000000000000005,0.007765873301215365,140.262,135.51100000000002,135.1434,137.93015000000003,0.022204561072396004,139.07,141.67,78.69846402586909,1.987669210958046,1.3428968565196355,2022,4,Friday
2022-04-04,142.97,140.36,143.71,140.31,25970000.0,0.020099999999999996,0.020121298608633653,140.949,136.3405,135.3958,138.04444999999998,0.01975802524565268,140.15,141.46,78.32167832167838,2.1596066748095097,1.5062388201776105,2022,4,Monday
2022-04-05,140.59,142.87,142.99,140.38,21420000.0,-0.0167,-0.01664684898929847,141.021,137.01500000000001,135.5916,138.13835,0.020418736404544367,142.97,142.51,66.16541353383462,2.0798470618748013,1.6209604685170487,2022,4,Tuesday
2022-04-06,136.55,138.75,139.36,135.52,32470000.0,-0.0288,-0.028736040970196997,140.848,137.1715,135.78400000000002,138.20945,0.01890595003775955,140.59,141.94,55.19356075124571,1.6713761735427397,1.631043609522187,2022,4,Wednesday
2022-04-07,135.89,136.01,137.16,134.23,26230000.0,-0.0048,-0.004833394361040133,140.28,137.34449999999998,135.91719999999998,138.27825,0.018851710103096515,136.55,139.07,49.509403107113634,1.279652529709466,1.5607653935596428,2022,4,Thursday
2022-04-08,133.29,135.58,135.67,132.97,25140000.0,-0.0191,-0.019133122378394263,139.44199999999998,137.5155,136.00279999999998,138.3322,0.018840274987219147,135.89,140.15,44.802071772105066,0.7507561987322902,1.3987635545941726,2022,4,Friday
2022-04-11,128.82,131.82,132.09,128.67,36880000.0,-0.0335,-0.03353589916722932,138.17800000000003,137.65900000000002,135.9122,138.36375,0.01914904160834358,133.29,142.97,30.075730256040345,-0.028758091335078007,1.1132592254083225,2022,4,Monday
2022-04-12,127.71,131.6,131.6,126.79,32710000.0,-0.0086,-0.008616674429436366,136.69799999999998,137.5845,135.7604,138.3896,0.018361554854163235,128.82,140.59,30.60550458715592,-0.7277079414866421,0.7450657920293295,2022,4,Tuesday
2022-04-13,129.89,128.0,130.33,127.74,27930000.0,0.0171,0.017069924046668072,135.493,137.41500000000002,135.6054,138.42770000000002,0.017285888887653467,127.71,136.55,27.658760520275393,-1.0931221210471165,0.3774282094140403,2022,4,Wednesday
2022-04-14,126.73,130.48,130.48,126.6,31600000.0,-0.024399999999999998,-0.02432827777350055,134.25900000000001,137.0595,135.18,138.4509,0.017984513573237593,129.89,135.89,24.41780821917807,-1.6190378216024897,-0.021864996789265678,2022,4,Thursday
2022-04-18,127.68,127.0,128.21,126.18,20810000.0,0.0075,0.007496251874062887,133.012,136.637,134.8718,138.4771,0.017554108805125094,126.73,133.29,26.987307949231777,-1.9368459878883186,-0.4048611950090763,2022,4,Monday
2022-04-19,130.01,127.69,130.33,127.0,26490000.0,0.0183,0.01824874686716771,131.71599999999998,136.33249999999998,134.6062,138.50084999999999,0.018185370306968308,127.68,128.82,29.980781550288256,-1.9778997251448516,-0.7194689010362314,2022,4,Tuesday
2022-04-20,128.04,130.89,131.4,127.5,31700000.0,-0.0151,-0.01515268056303365,130.461,135.741,134.38299999999998,138.5101,0.016969752728813518,130.01,127.71,28.694052728387476,-2.1446751634496195,-1.004510153518909,2022,4,Wednesday
2022-04-21,124.81,129.25,130.1,124.53,36450000.0,-0.0252,-0.025226491721336952,129.28699999999998,135.0675,134.09120000000001,138.5018,0.017547876150305137,128.04,129.89,28.38083687083079,-2.5085627557003534,-1.305320673955198,2022,4,Thursday
2022-04-22,119.64,125.0,125.4,118.93,56880000.0,-0.0415,-0.04142296290361347,127.66199999999999,133.971,133.6522,138.4748,0.017976971878972285,124.81,126.73,22.336120852441283,-3.177493914806206,-1.6797553221253996,2022,4,Friday
2022-04-25,123.07,119.1,123.28,118.51,46130000.0,0.0287,0.02866934135740551,126.64000000000001,133.041,133.34120000000001,138.46255,0.019711864596456866,119.64,127.68,23.59341825902331,-3.3917562882958805,-2.022155515359496,2022,4,Monday
2022-04-26,118.65,122.29,122.51,118.51,73050000.0,-0.0359,-0.03591452019176067,125.62299999999998,131.9005,133.0286,138.4209,0.02069939378400731,123.07,130.01,22.381671701913362,-3.873565768513785,-2.392437565990354,2022,4,Tuesday
2022-04-27,114.29,114.47,117.24,112.74,91820000.0,-0.036699999999999997,-0.036746734091866795,124.28099999999999,130.4895,132.60379999999998,138.35565,0.02125452349852419,118.65,128.04,22.202797202797157,-4.554714896678661,-2.8248930321280152,2022,4,Wednesday
2022-04-28,118.52,116.42,119.65,114.11,48880000.0,0.037000000000000005,0.03701111208329677,123.144,129.31850000000003,132.24200000000002,138.30705,0.023770154919522085,114.29,124.81,30.084842925934396,-4.699037263227439,-3.1997218783479,2022,4,Thursday
2022-04-29,114.11,116.73,117.92,113.81,42680000.0,-0.037200000000000004,-0.03720890988862635,121.88199999999999,128.07049999999998,131.76940000000002,138.2426,0.02449573867051736,118.52,119.64,28.88595332452661,-5.110354932025174,-3.581848489083355,2022,4,Friday
2022-05-02,116.58,113.4,116.75,112.6,35530000.0,0.0217,0.021645780387345548,120.772,126.89199999999998,131.4502,138.19065,0.025198845288715507,114.11,123.07,35.90511285122062,-5.177337664763854,-3.900946324219455,2022,5,Monday
2022-05-03,117.33,116.43,118.44,116.03,24970000.0,0.0064,0.006433350488934675,119.50400000000002,125.61000000000001,131.1888,138.1544,0.024547700381165723,116.58,118.65,37.947050627032034,-5.110986954917934,-4.142954450359151,2022,5,Tuesday
2022-05-04,122.26,117.03,122.85,115.12,49920000.0,0.042,0.04201823915452141,118.926,124.6935,131.0378,138.13465,0.02703372025748126,117.33,114.29,41.672123990395114,-4.6074815616777585,-4.235859872622873,2022,5,Wednesday
2022-05-05,116.51,120.2,121.04,115.01,45840000.0,-0.0471,-0.04703091771634227,118.096,123.69149999999999,130.8162,138.07945,0.028109800851173927,122.26,118.52,39.44214876033057,-4.619179825530296,-4.312523863204358,2022,5,Thursday
2022-05-06,115.75,115.18,117.57,114.02,39710000.0,-0.006500000000000001,-0.006523045232168956,117.70700000000002,122.6845,130.47740000000002,138.0161,0.028103814900845746,116.51,114.11,37.627048330221925,-4.636331686662288,-4.377285427895944,2022,5,Friday
2022-05-09,112.51,113.25,115.08,112.0,40800000.0,-0.027999999999999997,-0.027991360691144718,116.651,121.6455,130.0384,137.91359999999997,0.028363538357526884,115.75,116.58,32.18648208469055,-4.855395604225407,-4.472907463161837,2022,5,Monday
2022-05-10,114.39,115.51,116.25,112.9,39900000.0,0.0167,0.016709625811039075,116.225,120.924,129.625,137.81535,0.028212655303665048,112.51,117.33,36.07995105037731,-4.821723225060026,-4.542670615541475,2022,5,Tuesday
2022-05-11,113.6,113.24,116.36,113.24,37530000.0,-0.0069,-0.006906198094239091,116.15600000000002,120.21850000000002,129.2158,137.72385,0.02820543905107254,114.39,122.26,37.96952135651426,-4.803413261610686,-4.594819144755317,2022,5,Wednesday
2022-05-12,112.84,111.38,114.29,109.82,53840000.0,-0.0067,-0.006690140845070358,115.588,119.36599999999999,128.78119999999998,137.6076,0.027702552830717122,113.6,116.51,41.93930772878141,-4.794954877009516,-4.634846291206157,2022,5,Thursday
2022-05-13,116.05,114.53,117.88,113.61,35040000.0,0.028399999999999998,0.028447359092520275,115.782,118.832,128.4242,137.50895,0.02843345034437027,112.84,115.75,41.634890371782646,-4.477616201017042,-4.603400273168335,2022,5,Friday
2022-05-16,114.44,114.96,116.17,113.89,25990000.0,-0.0138,-0.013873330461008138,115.56800000000001,118.17,128.0748,137.4075,0.028379904011890132,116.05,112.51,44.623243933588746,-4.306395116395947,-4.543999241813857,2022,5,Monday
2022-05-17,116.47,116.84,116.9,114.87,23050000.0,0.0177,0.017738552953512787,115.482,117.49300000000001,127.8766,137.3156,0.028358056413652327,114.44,114.39,52.96034763715372,-3.9612344932153576,-4.4274462920941575,2022,5,Tuesday
2022-05-18,111.9,115.0,115.4,111.56,35130000.0,-0.0393,-0.03923757190692878,114.446,116.68599999999999,127.57260000000001,137.19695,0.029303033509617164,116.47,113.6,41.09257265877289,-4.010225634675422,-4.34400216061041,2022,5,Wednesday
2022-05-19,110.38,111.43,113.01,110.0,34140000.0,-0.013500000000000002,-0.01358355674709566,113.833,115.9645,127.1118,137.0732,0.029021646146512772,111.9,112.84,44.55792238109132,-4.124161991834441,-4.300034126855216,2022,5,Thursday
2022-05-20,108.91,111.95,112.18,105.8,48960000.0,-0.0134,-0.013317630005435732,113.149,115.428,126.64139999999999,136.93650000000002,0.027859182521223116,110.38,116.05,38.473098887886984,-4.283694328732977,-4.296766167230769,2022,5,Friday
2022-05-23,111.49,109.59,112.15,108.74,37180000.0,0.023700000000000002,0.023689284730511462,113.047,114.849,126.2738,136.81525,0.027569581758183626,108.91,114.44,41.68091168091167,-4.1540550561750536,-4.268223945019626,2022,5,Monday
2022-05-24,105.97,105.77,106.46,101.88,76780000.0,-0.0495,-0.04951116692080004,112.205,114.215,125.8742,136.66055,0.028534038188655075,111.49,116.47,27.178481367329766,-4.445488047120563,-4.303676765439814,2022,5,Tuesday
2022-05-25,105.81,104.99,106.5,103.86,40260000.0,-0.0016,-0.0015098612814947732,111.426,113.79100000000001,125.40639999999999,136.50554999999997,0.02755782587308305,105.97,111.9,32.225913621262436,-4.635921438349982,-4.370125700021848,2022,5,Wednesday
2022-05-26,107.79,105.68,108.65,105.22,37950000.0,0.018799999999999997,0.018712787071165415,110.921,113.25449999999998,124.89659999999999,136.3631,0.026423000731948806,105.81,110.38,37.29246487867178,-4.574341657252262,-4.410968891467931,2022,5,Thursday
2022-05-27,112.32,109.48,112.32,109.14,37910000.0,0.042,0.042026161981630894,110.548,113.165,124.46620000000001,136.23875,0.027174183808867037,107.79,108.91,49.70867831953387,-4.112598618987619,-4.351294836971869,2022,5,Friday
2022-05-31,113.76,112.75,115.74,112.08,50010000.0,0.0129,0.012820512820512997,110.47999999999999,113.024,124.0188,136.11890000000002,0.026866624962806052,112.32,111.49,49.02082685732049,-3.589095114717736,-4.198854892521043,2022,5,Tuesday
2022-06-01,113.89,114.86,117.1,113.25,36610000.0,0.0011,0.0011427566807313827,110.22200000000001,112.852,123.57459999999999,135.9968,0.026816838083472502,113.76,105.97,50.46017137416693,-3.127671057358498,-3.984618125488534,2022,6,Wednesday
2022-06-02,117.62,114.0,117.9,112.95,37990000.0,0.032799999999999996,0.032750899991219606,110.79400000000001,112.62,123.1296,135.9016,0.02610234331082211,113.89,105.81,56.93155452436196,-2.432963649941925,-3.6742872303792127,2022,6,Thursday
2022-06-03,114.54,116.06,116.32,113.52,26140000.0,-0.0262,-0.026186022785240626,111.21,112.52149999999999,122.6548,135.79705,0.024563963965847077,117.62,107.79,47.80203784570598,-2.106649143846994,-3.3607596130727693,2022,6,Friday
2022-06-06,116.82,116.7,119.35,116.16,33540000.0,0.0199,0.019905709795704496,112.001,112.575,122.15980000000002,135.70275,0.024934635179430623,114.54,112.32,53.39805825242718,-1.645101890993729,-3.0176280686569616,2022,6,Monday
2022-06-07,117.15,115.48,117.69,115.05,31590000.0,0.0028000000000000004,0.0028248587570622874,112.56700000000001,112.80699999999999,121.66940000000001,135.60135,0.023999254653073444,116.82,113.76,51.020408163265316,-1.238418409231258,-2.661786136771821,2022,6,Tuesday
2022-06-08,117.19,116.76,118.57,116.6,26110000.0,0.0004,0.00034144259496371454,113.68900000000001,112.947,121.184,135.4871,0.023759813633253014,117.15,113.89,59.187217783952754,-0.9024878362352382,-2.3099264766645047,2022,6,Wednesday
2022-06-09,114.84,116.33,118.3,114.78,25800000.0,-0.020099999999999996,-0.020052905538015087,114.59200000000001,113.00899999999999,120.6306,135.355,0.024182118360695826,117.19,117.62,57.528696826468625,-0.8164739931616083,-2.0112359799639252,2022,6,Thursday
2022-06-10,111.16,112.44,113.28,110.37,41480000.0,-0.032,-0.03204458376872177,114.92900000000002,112.925,120.015,135.2004,0.025238186484575632,114.84,114.54,53.534401508011314,-1.0333409367003554,-1.8156569713112114,2022,6,Friday
2022-06-13,106.39,106.79,108.79,106.12,47250000.0,-0.0429,-0.0429111191075926,114.33599999999998,112.44200000000001,119.36139999999999,135.02515,0.02597188762146224,111.16,116.82,42.50440917107584,-1.5719877906215913,-1.7669231351732875,2022,6,Monday
2022-06-14,106.72,106.54,107.92,105.8,33710000.0,0.003,0.0031017952815113325,113.63199999999999,112.056,118.6928,134.83875,0.025910017903459516,106.39,117.15,51.30072840790842,-1.9497653794132077,-1.8034915840212715,2022,6,Tuesday
2022-06-15,109.76,108.54,111.42,107.67,39700000.0,0.0286,0.028485757121439415,113.21900000000001,111.72050000000002,118.02860000000001,134.66459999999998,0.0264717206979123,106.72,117.19,56.22831914222643,-1.9810183007808462,-1.8389969273731865,2022,6,Wednesday
2022-06-16,106.03,107.22,108.65,105.14,51680000.0,-0.034,-0.03398323615160348,112.05999999999999,111.42699999999999,117.3374,134.47125,0.026112906314679548,109.76,114.84,47.369994022713676,-2.280478358253717,-1.9272932135492926,2022,6,Thursday
2022-06-17,107.14,106.03,108.7,105.05,51380000.0,0.0105,0.01046873526360459,111.32000000000001,111.26499999999999,116.74919999999999,134.28085000000002,0.02612290003936035,106.03,111.16,41.37816245006659,-2.4005626954959496,-2.021947109938624,2022,6,Friday
2022-06-21,111.54,108.93,112.49,108.6,47420000.0,0.041100000000000005,0.04106776180698146,110.792,111.39650000000002,116.2622,134.1221,0.027580932385046063,107.14,106.39,46.63636363636364,-2.116291874868125,-2.040816062924524,2022,6,Tuesday
2022-06-22,111.49,110.56,113.35,110.38,30770000.0,-0.0005,-0.00044826967903899284,110.226,111.39649999999999,115.82620000000001,133.96085,0.027085148148091924,111.54,106.72,46.35479951397326,-1.8734438886227451,-2.0073416280641685,2022,6,Wednesday
2022-06-23,112.24,112.23,112.74,110.5,28360000.0,0.0068000000000000005,0.00672706072293483,109.731,111.71,115.49459999999999,133.80065000000002,0.024424839009547932,111.49,109.76,41.01536406145624,-1.601999524600032,-1.9262732073713413,2022,6,Thursday
2022-06-24,117.97,113.0,118.08,112.95,41160000.0,0.051100000000000007,0.05105131860299372,110.04400000000001,112.31800000000001,115.29980000000002,133.67205,0.02662439309842149,112.24,106.03,55.262350414237474,-0.9139790168945012,-1.7238143692759735,2022,6,Friday
2022-06-27,115.83,118.27,118.58,115.18,36420000.0,-0.0182,-0.01814020513689918,110.51100000000001,112.72,115.0186,133.5335,0.026956165419468183,117.97,107.14,48.47457627118644,-0.5352281459925052,-1.48609712461928,2022,6,Monday
2022-06-28,112.01,115.8,117.31,111.85,35880000.0,-0.033,-0.0329793663126996,111.07300000000001,112.70450000000001,114.7242,133.38915,0.026594783758909536,115.83,111.54,42.84919309961047,-0.5371158893485699,-1.296300877565138,2022,6,Tuesday
2022-06-29,111.7,111.55,113.16,110.87,24720000.0,-0.0027,-0.002767610034818291,111.571,112.60150000000002,114.40460000000002,133.236,0.02643329123079963,112.01,111.49,42.41922120961061,-0.5572032564868152,-1.1484813533494735,2022,6,Wednesday
2022-06-30,108.96,110.0,110.89,106.75,43170000.0,-0.0245,-0.024529991047448574,111.49100000000001,112.35499999999999,113.98360000000001,133.0681,0.026963154591832184,111.7,112.24,41.96721311475409,-0.785166826108096,-1.075818447901198,2022,6,Thursday
2022-07-01,108.74,107.93,109.25,106.73,35480000.0,-0.0021,-0.0020190895741556414,111.76200000000001,111.91099999999999,113.5976,132.88965,0.02570528875300402,108.96,117.97,46.348823174411585,-0.9723728498728264,-1.0551293282955239,2022,7,Friday
2022-07-05,113.26,107.1,113.38,105.73,39400000.0,0.0416,0.04156704064741601,112.374,111.84700000000001,113.3666,132.7379,0.02700436683346141,108.74,115.83,60.44390392216478,-0.7473932633651543,-0.99358211530945,2022,7,Tuesday
2022-07-06,114.57,113.3,115.59,111.48,37430000.0,0.0116,0.011566307610806792,112.67699999999999,111.73449999999998,113.26520000000001,132.60675,0.026740399750357614,113.26,112.01,61.588426335990526,-0.45810847891196715,-0.8864873880299534,2022,7,Wednesday
2022-07-07,118.78,115.08,119.19,114.83,40940000.0,0.0368,0.036746094090948755,113.40599999999999,111.816,113.17939999999999,132.50705,0.028016617695950645,114.57,111.7,62.871004566210026,0.1096002095218438,-0.6872698685195939,2022,7,Thursday
2022-07-08,119.35,117.25,119.68,116.9,38240000.0,0.0048,0.004798787674692662,114.117,111.924,113.1934,132.40865,0.028028307463365966,118.78,108.96,70.89084065244666,0.5986072992119063,-0.4300944349732939,2022,7,Friday
2022-07-11,115.68,118.0,118.0,115.33,31240000.0,-0.0308,-0.03074989526602423,113.88799999999999,111.96600000000001,113.22120000000001,132.28565,0.028554053974697333,119.35,108.74,62.398373983739845,0.6821472435649554,-0.20764609926564406,2022,7,Monday
2022-07-12,114.02,116.21,116.97,113.69,29960000.0,-0.0143,-0.014349930843706837,113.707,112.10900000000001,113.13119999999999,132.14965,0.027747167911399768,115.68,113.26,53.9116719242902,0.607403356735432,-0.04463620806542887,2022,7,Tuesday
2022-07-13,111.35,111.7,114.2,111.2,43720000.0,-0.023399999999999997,-0.023416944395720063,113.641,112.357,113.07600000000001,131.99535,0.02641016497897474,114.02,114.57,49.79603729603729,0.32892990287484736,0.030077014122626373,2022,7,Wednesday
2022-07-14,110.37,110.21,111.09,108.37,37000000.0,-0.0089,-0.00880107768298155,113.508,112.5395,112.9518,131.84185000000002,0.026532325630905147,111.35,118.78,47.29377713458757,0.028827568335913156,0.02982712496528373,2022,7,Thursday
2022-07-15,111.78,112.0,113.14,110.9,46770000.0,0.0128,0.012775210655069369,113.78999999999999,112.6405,112.8408,131.7216,0.0259331643418754,110.37,119.35,39.76182600066159,-0.09414523015851728,0.005032653940523529,2022,7,Friday
2022-07-18,109.03,112.64,113.68,108.37,43160000.0,-0.0246,-0.024601896582572946,113.81899999999999,112.7905,112.57619999999999,131.595,0.02534081570975153,111.78,115.68,38.97535667963684,-0.40879177906261077,-0.07773223266010335,2022,7,Monday
2022-07-19,113.81,110.85,114.02,109.56,36530000.0,0.0438,0.04384114463909028,113.874,113.124,112.5222,131.49565,0.02699356780041879,109.03,114.02,52.83018867924528,-0.2693405933998605,-0.11605390480805478,2022,7,Tuesday
2022-07-20,113.9,113.17,115.4,112.48,35600000.0,0.0008,0.0007907916703278062,113.80699999999999,113.24199999999999,112.48519999999999,131.38244999999998,0.02549361606666322,113.81,111.35,53.48321722609247,-0.1498350708048264,-0.12281013800740911,2022,7,Wednesday
2022-07-21,114.34,114.28,114.55,111.11,32680000.0,0.0039000000000000003,0.0038630377524144777,113.36300000000001,113.3845,112.5218,131.28584999999998,0.025495811127258444,113.9,110.37,59.18715846994538,-0.019398150585885787,-0.10212774052310444,2022,7,Thursday
2022-07-22,107.9,111.0,112.34,106.5,48900000.0,-0.056299999999999996,-0.05632324645793241,112.218,113.16750000000002,112.39200000000001,131.14525,0.028540619969285284,114.34,111.78,48.816901408450725,-0.43071511451022104,-0.16784521532052776,2022,7,Friday
2022-07-25,107.51,108.41,109.87,106.3,34690000.0,-0.0036,-0.0036144578313253017,111.401,112.6445,112.27019999999999,130.99495,0.025711971448197264,107.9,109.03,40.83519285941982,-0.7791746718354347,-0.29011110662350914,2022,7,Monday
2022-07-26,105.02,106.6,107.2,104.07,47990000.0,-0.0232,-0.02316063621988662,110.501,112.104,112.11380000000001,130.82389999999998,0.025877995905472177,107.51,113.81,35.33026113671275,-1.2419372917131994,-0.4804763436414472,2022,7,Tuesday
2022-07-27,113.06,109.26,113.91,108.01,59860000.0,0.0766,0.07655684631498771,110.672,112.15649999999998,112.054,130.69025,0.030691959659084975,105.02,113.9,42.13853765805388,-0.9489799449882241,-0.5741770639108026,2022,7,Wednesday
2022-07-28,114.22,112.37,114.34,111.46,32820000.0,0.0103,0.010260038917389025,111.05700000000002,112.2825,112.0496,130.5668,0.030748027106467467,113.06,114.34,43.06194211522857,-0.6161047594346059,-0.5825626030155633,2022,7,Thursday
2022-07-29,116.32,113.08,116.71,113.06,37220000.0,0.0184,0.018385571703729564,111.511,112.6505,112.0466,130.46615,0.03032604856484345,114.22,107.9,50.90395480225987,-0.1807626082523086,-0.5022026040629124,2022,7,Friday
2022-08-01,114.86,115.3,116.72,114.34,26030000.0,-0.0126,-0.012551581843191162,112.09400000000001,112.9565,112.1058,130.35255,0.03052151460153016,116.32,107.51,51.19318181818182,0.04591016100165746,-0.39258005104999844,2022,8,Monday
2022-08-02,115.13,114.0,116.35,113.72,20240000.0,0.0024,0.0023506877938359594,112.226,113.05,112.2008,130.22244999999998,0.02915462160842914,114.86,105.02,55.76219512195122,0.2445180553060169,-0.2651604297787954,2022,8,Tuesday
2022-08-03,118.08,115.71,118.62,115.48,28500000.0,0.0256,0.025623208546860177,112.644,113.22550000000001,112.3842,130.106,0.029583501226997936,115.13,113.06,61.08714408973252,0.6326636356834285,-0.08559561668635063,2022,8,Wednesday
2022-08-04,118.19,117.48,118.78,116.89,21600000.0,0.0009,0.0009315718157181241,113.029,113.196,112.5182,129.98305,0.02842585129817054,118.08,114.22,59.57573946818046,0.9383313851451334,0.11918978367994619,2022,8,Thursday
2022-08-05,117.47,116.23,118.11,116.0,19160000.0,-0.0060999999999999995,-0.006091885946357567,113.98599999999999,113.102,112.7482,129.8542,0.028436025372404312,118.19,116.32,63.42239185750636,1.1096855320436703,0.31728893335269104,2022,8,Friday
2022-08-08,117.3,118.39,120.15,116.88,19170000.0,-0.0014000000000000002,-0.0014471780028944004,114.96499999999999,113.18299999999999,112.97800000000001,129.73185,0.027531247112243567,117.47,114.86,56.503913529631006,1.2177301140064145,0.49737716948343574,2022,8,Monday
2022-08-09,116.63,117.14,117.32,115.71,19090000.0,-0.005699999999999999,-0.005711849957374282,116.126,113.3135,113.15480000000001,129.60555,0.0273440449182157,117.3,115.13,54.97993433053628,1.2350558678062242,0.6449129091479935,2022,8,Tuesday
2022-08-10,119.7,118.78,120.92,118.41,30930000.0,0.0263,0.026322558518391492,116.79,113.731,113.30239999999999,129.5162,0.02722184469455963,116.63,118.08,58.921438082556584,1.4794557504948784,0.8118214774173705,2022,8,Wednesday
2022-08-11,118.84,121.28,121.49,118.56,24290000.0,-0.0072,-0.007184628237259849,117.252,114.15450000000001,113.40400000000001,129.42315,0.027184305564372374,119.7,118.19,72.36304170073589,1.5854732568692356,0.9665518333077436,2022,8,Thursday
2022-08-12,121.68,120.26,121.68,119.46,19100000.0,0.0239,0.023897677549646668,117.78800000000001,114.64949999999999,113.5598,129.335,0.027484295659455444,118.84,117.47,76.32850241545893,1.8770200409873894,1.148645474843673,2022,8,Friday
2022-08-15,122.08,121.13,122.3,120.61,19490000.0,0.0033,0.0032873109796185407,118.50999999999999,115.30199999999999,113.649,129.2143,0.026618204079782676,121.68,117.3,84.36744560838035,2.115958176225419,1.3421080151200222,2022,8,Monday
2022-08-16,121.7,121.52,122.43,120.64,19040000.0,-0.0031,-0.0031127129750982974,119.167,115.69650000000001,113.79220000000001,129.09355,0.025134397014009536,122.08,116.63,75.1748251748252,2.2487335451301504,1.523433121122048,2022,8,Tuesday
2022-08-17,119.55,120.12,121.29,119.38,22850000.0,-0.0177,-0.017666392769104422,119.314,115.979,113.84679999999999,128.95105,0.025579938451522136,121.7,119.7,64.6831955922865,2.1556232666921886,1.6498711502360761,2022,8,Wednesday
2022-08-18,120.17,119.43,120.82,118.72,17990000.0,0.0052,0.0051861145964031685,119.51200000000001,116.2705,113.90719999999999,128.8344,0.025584731390248288,119.55,118.84,61.54769046190764,2.107566800489309,1.7414102802867228,2022,8,Thursday
2022-08-19,117.21,119.06,119.15,116.76,21810000.0,-0.0246,-0.024631771656819623,119.48600000000002,116.73599999999999,113.9076,128.6933,0.022529415947387374,120.17,121.68,56.46670335718214,1.8097725115783447,1.7550827265450473,2022,8,Friday
2022-08-22,114.24,115.2,115.63,113.85,21460000.0,-0.0253,-0.025339134886101844,119.18000000000002,117.07250000000002,113.89560000000002,128.5315,0.02344051431401514,117.21,122.08,47.86775275515093,1.318910632669997,1.6678483077700375,2022,8,Monday
2022-08-23,113.86,113.47,115.01,113.43,15870000.0,-0.0033,-0.0033263305322128733,118.90299999999999,117.5145,113.9496,128.35945,0.022669200408010702,114.24,121.7,38.46994535519127,0.8889885266002722,1.5120763515360847,2022,8,Tuesday
2022-08-24,113.69,113.5,114.78,112.87,17730000.0,-0.0015,-0.0014930616546636744,118.30199999999999,117.546,114.09559999999999,128.18365,0.014990935228261969,113.86,119.55,37.7450980392157,0.5284627907724229,1.3153536393833523,2022,8,Wednesday
2022-08-25,116.65,114.24,116.72,114.11,16960000.0,0.026000000000000002,0.02603571114433989,118.083,117.66749999999999,114.2942,128.02175,0.015923918181292546,113.69,120.17,48.009708737864095,0.47610259557086465,1.1475034306208547,2022,8,Thursday
2022-08-26,110.34,114.72,115.12,110.19,37250000.0,-0.0541,-0.05409344192027432,116.949,117.36850000000001,114.3058,127.82885,0.019619172945077968,116.65,117.21,36.98578908002994,-0.0737078433542564,0.9032611758258325,2022,8,Friday
2022-08-29,109.42,109.99,110.95,108.8,21190000.0,-0.0083,-0.008337864781584159,115.68299999999999,117.09649999999999,114.37359999999998,127.6465,0.019527403948544454,110.34,114.24,36.64320118562433,-0.5770213457217324,0.6072046715163195,2022,8,Monday
2022-08-30,108.94,110.17,110.5,107.8,27510000.0,-0.0044,-0.004386766587461177,114.407,116.78699999999999,114.40960000000001,127.46235,0.01950213776490502,109.42,113.86,27.950819672131146,-1.0030701427820503,0.2851497086566456,2022,8,Tuesday
2022-08-31,108.22,110.65,110.85,108.13,28630000.0,-0.0066,-0.006609142647328814,113.274,116.29400000000001,114.34320000000001,127.26005,0.018346658970767468,108.94,113.69,28.112118713932404,-1.382873956515553,-0.04845502437779417,2022,8,Wednesday
2022-09-01,109.74,108.28,110.44,107.36,28360000.0,0.013999999999999999,0.014045462945851073,112.231,115.8715,114.3082,127.06649999999999,0.018768763484344538,108.22,116.65,23.975588491717517,-1.5434282384262445,-0.34744966718748427,2022,9,Thursday
2022-09-02,107.85,110.59,110.74,107.26,24160000.0,-0.0172,-0.01722252597047569,111.295,115.3905,114.22039999999998,126.86634999999998,0.01901208315776365,109.74,110.34,20.87597216537047,-1.8023989352118264,-0.6384395207923528,2022,9,Friday
2022-09-06,106.81,107.3,108.03,105.78,25070000.0,-0.0096,-0.009643022716736116,110.55199999999999,114.86600000000001,113.99719999999999,126.66014999999999,0.019040441220838186,107.85,109.42,20.326823435631752,-2.067719008930297,-0.9242954184199417,2022,9,Tuesday
2022-09-07,109.45,107.06,109.98,106.9,23170000.0,0.024700000000000003,0.02471678681771361,110.11099999999999,114.50699999999999,113.86959999999999,126.45819999999999,0.02012335293215754,106.81,108.94,30.258014073494934,-2.0414288215709178,-1.147722099050137,2022,9,Wednesday
2022-09-08,108.38,108.04,109.6,107.16,24240000.0,-0.0098,-0.009776153494746476,109.58,113.941,113.79699999999998,126.25545,0.01894117078138282,109.45,108.22,27.35305416826739,-2.0829230756731647,-1.3347622943747424,2022,9,Thursday
2022-09-09,110.65,109.07,110.99,109.02,23210000.0,0.0209,0.020944823768223042,108.97999999999999,113.53150000000001,113.77600000000001,126.07719999999999,0.01977926034866608,108.38,109.74,37.0560378847672,-1.9106131827256405,-1.4499324720449223,2022,9,Friday
2022-09-12,110.86,110.99,111.62,109.93,22970000.0,0.0019,0.0018978761861725424,109.03200000000001,112.9905,113.814,125.9026,0.01876855520104338,110.65,107.85,42.515500442869815,-1.7370870479921194,-1.5073633872343617,2022,9,Monday
2022-09-13,104.32,107.8,108.3,104.09,38170000.0,-0.059000000000000004,-0.05899332491430642,108.522,112.1025,113.7256,125.6936,0.022255471328946435,110.86,106.81,33.40292275574113,-2.103047061542881,-1.6265001220960655,2022,9,Tuesday
2022-09-14,105.0,104.57,105.28,103.66,26400000.0,0.006500000000000001,0.006518404907975617,108.128,111.2675,113.56039999999999,125.5077,0.022460704678082612,104.32,109.45,35.14529914529918,-2.311556507355661,-1.7635113991479847,2022,9,Wednesday
2022-09-15,102.91,104.03,105.27,102.35,34190000.0,-0.0199,-0.01990476190476198,107.59700000000001,110.4355,113.32719999999999,125.29459999999999,0.022521575272048105,105.0,108.38,25.792811839323463,-2.615299731199215,-1.933869065558231,2022,9,Thursday
2022-09-16,102.8,102.07,103.13,100.94,42800000.0,-0.0011,-0.0010688951511028666,106.90299999999999,109.56700000000001,113.0076,125.09909999999999,0.022383224772319712,102.91,110.65,33.00270513976555,-2.832246134709692,-2.113544479388523,2022,9,Friday
2022-09-19,103.07,101.75,103.33,101.55,23040000.0,0.0026,0.0026264591439688623,106.425,108.85999999999999,112.68199999999999,124.90919999999998,0.022115583666143534,102.8,110.86,35.25313516024151,-2.948403617406399,-2.2805163069920984,2022,9,Monday
2022-09-20,101.14,102.08,102.37,100.52,26520000.0,-0.0187,-0.01872513825555444,105.85799999999999,108.205,112.39119999999998,124.70005,0.021861858376364653,103.07,104.32,33.028720626631866,-3.1597702649048927,-2.4563670985746575,2022,9,Tuesday
2022-09-21,99.28,101.67,102.88,99.27,31490000.0,-0.0184,-0.018390350009887313,104.84099999999998,107.476,112.09639999999999,124.48645,0.022029561924259644,101.14,105.0,31.46766169154229,-3.4377382050828658,-2.6526413198762993,2022,9,Wednesday
2022-09-22,100.14,98.82,101.24,98.79,34300000.0,0.0087,0.00866236905721185,104.01700000000001,106.79850000000002,111.87219999999999,124.2714,0.022269036276038247,99.28,102.91,29.539641943734026,-3.547738862429327,-2.831660828386905,2022,9,Thursday
2022-09-23,98.74,99.63,99.66,97.47,31630000.0,-0.013999999999999999,-0.01398042740163774,102.826,105.90299999999999,111.63959999999999,124.02875,0.02099224003952793,100.14,102.8,30.169786678276026,-3.7051725528012867,-3.006363173269782,2022,9,Friday
2022-09-26,98.17,98.1,99.88,97.8,27070000.0,-0.0058,-0.005772736479643492,101.55699999999999,105.2945,111.3674,123.77865,0.017983514189251218,98.74,103.07,30.80000000000001,-3.831763933545119,-3.1714433253248497,2022,9,Monday
2022-09-27,97.5,99.43,100.0,96.87,30070000.0,-0.0068000000000000005,-0.006824895589283897,100.875,104.6985,111.13680000000001,123.52795,0.0179748809154649,98.17,101.14,20.896249391134944,-3.9407256827484645,-3.3252997968095728,2022,9,Tuesday
2022-09-28,100.05,97.65,100.7,97.11,32470000.0,0.0262,0.026153846153846194,100.38000000000001,104.25399999999999,110.8616,123.2882,0.01932911711865022,97.5,99.28,31.076783280327135,-3.7777672163664846,-3.4157932807209557,2022,9,Wednesday
2022-09-29,97.42,98.64,98.64,95.96,31050000.0,-0.0263,-0.026286856571714146,99.83099999999999,103.71399999999998,110.53200000000001,123.04615,0.01995596336130592,100.05,100.14,20.429146177916834,-3.8168422957952117,-3.4960030837358067,2022,9,Thursday
2022-09-30,95.65,97.05,98.9,95.56,32939999.999999996,-0.0182,-0.01816875384931227,99.116,103.0095,110.1582,122.80484999999999,0.019630899280724277,97.42,98.74,18.219807772670293,-3.9451564771619445,-3.5858337624210344,2022,9,Friday
2022-10-03,98.64,96.76,99.29,96.52,27980000.0,0.0313,0.03125980135912165,98.673,102.549,109.973,122.56585000000001,0.021189707315177008,95.65,98.17,36.06476938174681,-3.762209964248001,-3.6211090027864277,2022,10,Monday
2022-10-04,101.64,100.44,101.84,100.38,28850000.0,0.0304,0.03041362530413627,98.723,102.2905,109.85560000000001,122.3518,0.02250420324041882,98.64,97.5,42.599118942731266,-3.3366853747655796,-3.5642242771822583,2022,10,Tuesday
2022-10-05,101.43,99.82,101.93,98.8,22180000.0,-0.0021,-0.0020661157024792765,98.938,101.8895,109.78379999999999,122.1503,0.021594482936649197,101.64,100.05,46.445725264169084,-2.9820243958290433,-3.4477843009116156,2022,10,Wednesday
2022-10-06,101.42,100.68,102.93,100.59,22320000.0,-0.0001,-9.859016070201676e-05,99.066,101.54150000000001,109.551,121.94935,0.02155658690557951,101.43,97.42,46.66988416988418,-2.6709706442881185,-3.2924215695869163,2022,10,Thursday
2022-10-07,98.68,99.85,100.53,98.29,27500000.0,-0.027000000000000003,-0.027016367580358858,99.06,100.94300000000001,109.2402,121.7254,0.0214093061432596,101.42,95.65,40.53471323846487,-2.6154046492712837,-3.15701818552379,2022,10,Friday
2022-10-10,97.86,99.0,99.1,97.01,18230000.0,-0.0083,-0.008309687880016292,99.02900000000001,100.29299999999999,108.87100000000001,121.48264999999999,0.021345535101582498,98.68,98.64,42.57246376811594,-2.607477962015693,-3.047110140822171,2022,10,Monday
2022-10-11,97.18,97.43,99.25,96.31,26510000.0,-0.0069,-0.006948702227672077,98.997,99.936,108.5174,121.23395000000001,0.017341822360906613,97.86,101.64,44.97607655502393,-2.6257977601827918,-2.962847664694295,2022,10,Tuesday
2022-10-12,97.56,97.3,98.75,96.74,21880000.0,0.0039000000000000003,0.003910269602798833,98.748,99.564,108.16599999999998,120.98219999999999,0.017273010980363303,97.18,101.43,43.68266405484818,-2.5799138668928236,-2.886260905134001,2022,10,Wednesday
2022-10-13,99.06,95.15,99.78,94.38,34570000.0,0.0154,0.015375153751537418,98.912,99.3715,107.78559999999999,120.74405,0.017313811844567067,97.56,101.42,50.77972709551659,-2.3949061001625864,-2.787989944139718,2022,10,Thursday
2022-10-14,96.56,99.99,100.69,96.37,25410000.0,-0.0252,-0.025237229961639462,99.00300000000001,99.05949999999999,107.35300000000001,120.4936,0.018088896691878378,99.06,98.68,46.414253897550104,-2.4220948173948784,-2.71481091879075,2022,10,Friday
2022-10-17,99.97,98.86,100.93,98.83,28420000.0,0.0353,0.0353148301574151,99.13600000000001,98.9045,107.00299999999999,120.26244999999999,0.019997389822158262,96.56,97.86,54.90273918221517,-2.1437715067661145,-2.6006030363858232,2022,10,Monday
2022-10-18,100.77,103.13,103.47,99.97,24060000.0,0.008,0.008002400720215963,99.049,98.886,106.6724,120.04205,0.019664507933762426,99.97,97.18,51.53583617747441,-1.8374638245724526,-2.447975194023149,2022,10,Tuesday
2022-10-19,99.63,100.01,101.02,98.92,23810000.0,-0.0113,-0.011312890741292048,98.869,98.90350000000001,106.33239999999999,119.81524999999999,0.019377744332001512,100.77,97.56,55.03416856492026,-1.6674795855367108,-2.2918760723258615,2022,10,Wednesday
2022-10-20,99.97,100.0,102.32,99.39,25320000.0,0.0034000000000000002,0.0034126267188598902,98.724,98.89500000000001,105.93779999999998,119.5931,0.01929464745948046,99.63,99.06,60.52631578947368,-1.4881759271977444,-2.131136043300238,2022,10,Thursday
2022-10-21,101.13,97.85,101.31,97.72,32460000.0,0.0116,0.011603481044313302,98.96900000000001,99.0145,105.58359999999999,119.4099,0.019160255073396696,99.97,96.56,56.661316211878,-1.238200970639312,-1.9525490287680531,2022,10,Friday
2022-10-24,102.52,101.8,102.75,99.98,27180000.0,0.0137,0.013744685058835193,99.435,99.232,105.2004,119.23375,0.019273998728127354,101.13,99.97,52.57611241217797,-0.9173579024452181,-1.7455108035034863,2022,10,Monday
2022-10-25,104.48,102.9,104.82,102.72,40610000.0,0.0191,0.019118220834959176,100.165,99.58099999999999,104.8484,119.07105,0.019496020755132362,102.52,100.77,58.09877854487519,-0.4991776307553124,-1.4962441689538515,2022,10,Tuesday
2022-10-26,94.93,96.43,98.31,94.69,88280000.0,-0.09140000000000001,-0.09140505359877482,99.902,99.325,104.31299999999999,118.85234999999999,0.02815206384052054,104.48,99.63,38.561861120902364,-0.9276782426135952,-1.3825309836858004,2022,10,Wednesday
2022-10-27,92.22,94.52,95.43,91.8,60710000.0,-0.0285,-0.028547350679448136,99.218,99.065,103.76640000000002,118.61475,0.02825804856811769,94.93,99.97,38.60268172194777,-1.4690085995667914,-1.3998265068619986,2022,10,Thursday
2022-10-28,96.29,92.27,96.55,92.13,43700000.0,0.0441,0.04413359358056823,99.191,99.09700000000001,103.28880000000001,118.38905000000001,0.029813424138433926,92.22,101.13,47.5150364039253,-1.5517146216860596,-1.4302041298268109,2022,10,Friday
2022-10-31,94.51,95.42,96.03,93.98,31680000.0,-0.018500000000000003,-0.0184858240731125,98.645,98.8905,102.83480000000002,118.16865,0.029204476210142855,96.29,102.52,45.916182318751915,-1.7408237316463158,-1.492328050190712,2022,10,Monday
2022-11-01,90.47,95.45,96.03,90.37,47160000.0,-0.042699999999999995,-0.042746799280499514,97.615,98.33200000000001,102.3594,117.92360000000001,0.029547589660243557,94.51,104.48,40.24759284731775,-2.191426894929762,-1.632147819138522,2022,11,Tuesday
2022-11-02,86.97,90.94,91.18,86.88,57040000.0,-0.0387,-0.03868685752183043,96.349,97.60900000000001,101.8216,117.67845000000001,0.03045237947140192,90.47,94.93,34.23728813559323,-2.798692314654076,-1.8654567182416328,2022,11,Wednesday
2022-11-03,83.43,86.32,86.52,83.34,61290000.0,-0.0407,-0.040703690927906044,94.695,96.7095,101.21640000000001,117.42,0.031295281468170094,86.97,92.22,33.33333333333334,-3.5249692980317775,-2.197359234199662,2022,11,Thursday
2022-11-04,86.58,85.4,86.64,83.71,51120000.0,0.0378,0.03775620280474645,93.24,96.1045,100.615,117.18635,0.03267968291457065,83.43,96.29,32.89036544850498,-3.802537085030991,-2.518394804365928,2022,11,Friday
2022-11-07,88.49,87.28,88.9,86.85,34080000.0,0.022099999999999998,0.022060522060522114,91.837,95.636,100.178,116.97705,0.033267062045236565,86.58,94.51,34.741550695825055,-3.8243062960984275,-2.779577102712428,2022,11,Monday
2022-11-08,88.9,88.9,90.32,87.59,30430000.0,0.0046,0.004633291897389702,90.27900000000001,95.22200000000001,99.7676,116.76754999999999,0.03332262588121682,88.49,90.47,36.4211592002025,-3.765073554956416,-2.9766763931612257,2022,11,Tuesday
2022-11-09,87.32,88.45,89.43,87.28,31770000.0,-0.0178,-0.01777277840269975,89.518,94.71000000000001,99.3352,116.56949999999999,0.033407661784100214,88.9,86.97,34.47852760736197,-3.8017992015835347,-3.1417009548456876,2022,11,Wednesday
2022-11-10,93.94,92.25,94.39,91.61,51620000.0,0.0758,0.07581310123683016,89.69,94.454,99.0496,116.39305,0.03779222154900246,87.32,83.43,42.22029863665874,-3.2591563412306073,-3.1651920321226714,2022,11,Thursday
2022-11-11,96.41,94.69,96.93,93.92,33090000.000000004,0.0263,0.026293378752395125,89.702,94.4465,98.78299999999999,116.23005,0.03787860507302803,93.94,86.58,43.539860435610066,-2.599830381224976,-3.0521197019431328,2022,11,Friday
2022-11-14,95.7,95.09,96.79,94.51,30180000.0,-0.0074,-0.007364381288248012,89.821,94.233,98.54,116.04179999999998,0.037012929867459216,96.41,88.49,40.46481320590791,-2.1102749381296775,-2.8637507491804417,2022,11,Monday
2022-11-15,98.44,98.26,100.14,96.71,41640000.0,0.0286,0.028631138975966586,90.618,94.1165,98.3726,115.8575,0.037575490360297455,95.7,88.9,54.47361712974762,-1.4840958879766077,-2.5878197769396754,2022,11,Tuesday
2022-11-16,98.85,97.9,99.64,97.64,29110000.0,0.0042,0.004164973587972298,91.806,94.0775,98.16060000000002,115.66355,0.03750019433614783,98.44,87.32,58.97644191714053,-0.9438804397031078,-2.259031909492362,2022,11,Wednesday
2022-11-17,98.36,96.97,99.28,96.79,26050000.0,-0.005,-0.004957005563985817,93.299,93.997,97.9602,115.41535,0.03751012578666836,98.85,93.94,53.10344827586206,-0.548966564962285,-1.9170188405863469,2022,11,Thursday
2022-11-18,97.43,98.77,98.9,96.37,28340000.0,-0.0095,-0.00945506303375343,94.38399999999999,93.812,97.6958,115.18705,0.03745877987118986,98.36,96.41,54.49230769230769,-0.3074931125019589,-1.5951136949694693,2022,11,Friday
2022-11-21,95.6,97.29,98.4,95.36,21650000.0,-0.018799999999999997,-0.01878271579595625,95.095,93.46600000000001,97.39059999999999,114.94859999999998,0.037482402815918095,97.43,95.7,58.46814130075932,-0.2607832211156449,-1.3282476001987045,2022,11,Monday
2022-11-22,97.05,95.95,97.22,94.05,23440000.0,0.0152,0.015167364016736462,95.91,93.09450000000001,97.24520000000001,114.73785,0.03737096920622413,95.6,98.44,67.8470254957507,-0.10554574813643569,-1.0837072297862507,2022,11,Tuesday
2022-11-23,98.46,97.09,98.76,97.09,18870000.0,0.014499999999999999,0.014528593508500665,97.02399999999999,93.271,97.1144,114.53315,0.031177411591507862,97.05,98.85,78.78207583301415,0.12976048565793974,-0.8410136866974126,2022,11,Wednesday
2022-11-25,97.46,98.24,98.64,97.4,9700000.0,-0.0102,-0.010156408693885788,97.376,93.53299999999999,97.00540000000001,114.3125,0.030483705472032156,98.46,98.36,72.70450751252085,0.2328663897913259,-0.626237671399665,2022,11,Friday
2022-11-28,96.05,97.04,97.58,95.61,26250000.0,-0.014499999999999999,-0.014467473835419575,97.34,93.521,96.8704,114.09965,0.029128716084194504,97.46,97.43,66.11253196930946,0.19851498830277592,-0.4612871394591769,2022,11,Monday
2022-11-29,95.19,95.73,96.12,94.11,20060000.0,-0.009000000000000001,-0.008953669963560618,97.289,93.55499999999999,96.7128,113.9042,0.028882562261229077,96.05,95.6,63.153492262651596,0.10073522943508806,-0.34888266568032394,2022,11,Tuesday
2022-11-30,100.99,94.82,101.04,94.42,43650000.0,0.060899999999999996,0.06093077003886971,97.54400000000001,94.08099999999999,96.7098,113.7315,0.029949193302306613,95.19,97.05,74.29790259509423,0.48565723910357406,-0.18197468472354433,2022,11,Wednesday
2022-12-01,100.99,101.02,102.25,100.25,28690000.0,0.0,0.0,97.758,94.782,96.74400000000001,113.5534,0.028108333594832915,100.99,98.46,66.38772663877268,0.7816997567742874,0.010760203576022004,2022,12,Thursday
2022-12-02,100.44,99.05,100.77,98.9,21480000.0,-0.0054,-0.005446083770670351,97.966,95.6325,96.75,113.3669,0.02592232219820192,100.99,97.46,60.285860132720785,0.9608589970374055,0.20077996226829872,2022,12,Friday
2022-12-05,99.48,99.4,101.38,99.0,24410000.0,-0.0096,-0.009557945041815952,98.171,96.2775,96.7648,113.2016,0.025373674607022084,100.44,96.05,59.526209677419374,1.013694766508081,0.36336292311625523,2022,12,Monday
2022-12-06,96.98,99.3,99.78,96.42,24910000.0,-0.025099999999999997,-0.025130679533574618,98.309,96.702,96.741,113.0345,0.02610899355711262,99.48,95.19,46.27551020408165,0.8441080358482651,0.4595119456626572,2022,12,Tuesday
2022-12-07,94.94,96.41,96.88,94.71,31050000.0,-0.021,-0.021035265003093495,98.09799999999998,97.00399999999999,96.68979999999999,112.86015000000002,0.02674621308911457,96.98,100.99,40.7913330193123,0.5388864316464321,0.47538684285941224,2022,12,Wednesday
2022-12-08,93.71,95.38,95.58,93.45,32210000.0,-0.013000000000000001,-0.012955550874236388,97.623,97.3235,96.56299999999999,112.69075000000001,0.026564471721030776,94.94,100.99,39.41738734638141,0.19549188212481283,0.41940785071249237,2022,12,Thursday
2022-12-09,92.83,93.77,94.26,92.75,28230000.0,-0.009399999999999999,-0.009390673353964263,97.16,97.268,96.4712,112.49144999999999,0.020575497605451663,93.71,100.44,39.50729927007297,-0.14597668951891762,0.30633094266621036,2022,12,Friday
2022-12-12,93.31,92.71,93.56,91.61,29010000.0,0.0052,0.005170742216955793,96.886,97.113,96.4244,112.28569999999999,0.019654908395055643,92.83,99.48,44.4336412250851,-0.3735548959119228,0.17035377495058374,2022,12,Monday
2022-12-13,95.63,97.76,99.53,95.03,40590000.0,0.024900000000000002,0.024863358696816995,96.92999999999999,97.1095,96.3642,112.08855,0.02044976624903304,93.31,96.98,46.68843283582089,-0.36252864854563427,0.06377729025134013,2022,12,Tuesday
2022-12-14,95.07,95.2,96.87,93.6,28730000.0,-0.0059,-0.005855902959322368,96.338,96.941,96.23279999999998,111.8936,0.019346799582399734,95.63,94.94,41.76784847013112,-0.3944308348137042,-0.027864334761668746,2022,12,Wednesday
2022-12-15,90.86,93.13,93.64,90.01,40110000.0,-0.0443,-0.044283159777006365,95.32499999999999,96.5415,96.02140000000001,111.67505000000001,0.021504261069560826,95.07,93.71,36.13445378151261,-0.7507709427466267,-0.17244565635866035,2022,12,Thursday
2022-12-16,90.26,90.76,91.33,89.52,58010000.0,-0.0066,-0.006603565925599741,94.30699999999999,96.13649999999998,95.7982,111.45684999999999,0.021511315479575497,90.86,92.83,37.407568508046985,-1.0692622416371478,-0.35180897341435785,2022,12,Friday
2022-12-19,88.44,90.25,90.56,88.21,29490000.0,-0.0202,-0.020163970751163385,93.203,95.687,95.5934,111.2395,0.021783946118062603,90.26,93.31,35.90814196242171,-1.4517923220597737,-0.5718056431434411,2022,12,Monday
2022-12-20,89.02,88.11,89.18,87.44,23450000.0,0.0066,0.0065581184984169205,92.407,95.35799999999999,95.4166,111.05269999999999,0.021652545621838812,88.44,95.63,18.0459156433529,-1.6886829284073173,-0.7951811001962164,2022,12,Tuesday
2022-12-21,89.58,89.08,90.22,88.32,24750000.0,0.0063,0.006290721186250403,91.87100000000001,94.9845,95.26459999999999,110.8651,0.021341985976329414,89.02,95.07,20.4250907205806,-1.810364367244759,-0.9982177536059249,2022,12,Wednesday
2022-12-22,87.76,88.16,88.54,86.32,27660000.0,-0.0203,-0.02031703505246696,91.276,94.44949999999999,95.0686,110.63679999999998,0.021190219592032395,89.58,90.86,19.16342412451361,-2.030253080097509,-1.204624818904242,2022,12,Thursday
2022-12-23,89.23,87.11,89.54,87.07,23000000.0,0.0168,0.016750227894257064,90.91600000000001,94.038,94.87200000000001,110.4208,0.02172801984664113,87.76,90.26,25.676317038443273,-2.0621288171747523,-1.376125618558344,2022,12,Friday
2022-12-27,87.39,88.79,88.94,87.01,20100000.0,-0.0206,-0.020620867421270894,90.324,93.60499999999999,94.6886,110.2084,0.021924041954393826,89.23,88.44,26.50661440470357,-2.2103832685352813,-1.5429771485537316,2022,12,Tuesday
2022-12-28,86.02,86.98,88.04,85.94,19520000.0,-0.015700000000000002,-0.0156768508982722,89.363,93.1465,94.40960000000001,110.00875,0.022047321413066687,87.39,89.02,27.4062816616008,-2.410635237338724,-1.7165087663107301,2022,12,Wednesday
2022-12-29,88.45,86.62,88.85,86.61,23330000.0,0.0282,0.028249244361776338,88.701,92.51950000000001,94.1632,109.805,0.01769979144920491,86.02,89.58,37.44030563514806,-2.346210025007082,-1.8424490180500006,2022,12,Thursday
2022-12-30,88.23,86.98,88.3,86.57,23990000.0,-0.0025,-0.0024872809496890858,88.43800000000002,91.8815,93.93519999999998,109.57974999999999,0.017660724275024478,88.45,87.76,38.6587771203156,-2.2865468526673993,-1.9312685849734805,2022,12,Friday
2023-01-03,89.12,89.58,91.05,88.52,28130000.0,0.0101,0.010087271902980754,88.324,91.3155,93.71820000000001,109.35615,0.018050566803023554,88.23,89.23,39.87433542774288,-2.142747536986249,-1.9735643753760344,2023,1,Tuesday
2023-01-04,88.08,90.35,90.65,87.27,34850000.0,-0.011699999999999999,-0.011669658886894196,88.288,90.7455,93.45720000000001,109.1159,0.01807982449714222,89.12,87.39,30.551262235960863,-2.0886284430823707,-1.9965771889173018,2023,1,Wednesday
2023-01-05,86.2,87.47,87.57,85.9,27190000.0,-0.0213,-0.021344232515894568,88.006,90.20649999999999,93.1308,108.8664,0.01788676818008479,88.08,86.02,28.605885190545123,-2.1723969200171354,-2.0317411351372687,2023,1,Thursday
2023-01-06,87.34,86.79,87.69,84.86,41380000.0,0.0132,0.013225058004640466,87.782,89.8265,92.78800000000001,108.60375,0.017983296417927556,86.2,88.45,40.03397508493773,-2.122330662116809,-2.049859040533177,2023,1,Friday
2023-01-09,88.02,88.36,90.05,87.86,29000000.0,0.0078000000000000005,0.007785665216395676,87.808,89.542,92.6498,108.35245,0.018038162867112004,87.34,88.23,43.686583990980814,-2.004673842826051,-2.040822000991752,2023,1,Monday
2023-01-10,88.42,85.98,88.67,85.83,30470000.0,0.0045000000000000005,0.004544421722335823,87.727,89.32149999999999,92.57379999999999,108.08670000000001,0.018046298513084758,88.02,89.12,49.938725490196084,-1.857738456284011,-2.004205292050204,2023,1,Tuesday
2023-01-11,91.52,89.18,91.6,89.01,26860000.0,0.0351,0.03505994118977607,88.14,89.232,92.47840000000001,107.83595,0.019843456521920762,88.42,88.08,56.6348195329087,-1.4741538832806071,-1.8981950102962846,2023,1,Wednesday
2023-01-12,91.13,91.48,91.87,89.75,30260000.0,-0.0043,-0.0042613636363636465,88.651,89.007,92.4108,107.5843,0.018909192135684306,91.52,86.2,54.15104445634708,-1.187936296075307,-1.7561432674520892,2023,1,Thursday
2023-01-13,92.12,90.85,92.19,90.13,26330000.0,0.0109,0.010863601448480198,89.018,88.8595,92.44380000000001,107.33234999999999,0.019109289925563936,91.13,87.34,62.21973094170402,-0.8711796531529075,-1.579150544592253,2023,1,Friday
2023-01-17,91.29,92.06,92.25,90.05,32600000.0,-0.009000000000000001,-0.00900998697351274,89.324,88.881,92.53020000000001,107.0791,0.01637539765049331,92.12,88.02,55.98837209302326,-0.6792913471236375,-1.3991787050985298,2023,1,Tuesday
2023-01-18,91.12,92.14,92.8,90.64,29120000.0,-0.0019,-0.0018621973929237035,89.524,88.924,92.684,106.83935,0.016303396492551168,91.29,88.42,62.00901481004507,-0.534771547845736,-1.2262972736479711,2023,1,Wednesday
2023-01-19,93.05,90.72,93.61,90.63,37000000.0,0.0212,0.021180860403863022,90.021,89.1545,92.8134,106.60385000000001,0.01615251352140081,91.12,91.52,71.84586699813548,-0.26148940826510625,-1.0333357005713981,2023,1,Thursday
2023-01-20,98.02,95.1,98.3,95.02,63190000.0,0.053399999999999996,0.053412144008597506,91.203,89.6045,93.00399999999999,106.3791,0.01974482944921854,93.05,91.13,75.6843800322061,0.35206770289651956,-0.7562550198778146,2023,1,Friday
2023-01-23,99.79,97.95,100.04,97.5,40010000.0,0.0181,0.018057539277698487,92.44800000000001,90.11500000000001,93.2218,106.1751,0.019959146453548907,98.02,92.12,78.6422200198216,0.9699592549132205,-0.41101216491960757,2023,1,Monday
2023-01-24,97.7,98.1,99.61,97.2,33080000.0,-0.0209,-0.020943982362962243,93.416,90.61200000000001,93.42939999999999,105.98084999999999,0.020002436110043827,99.79,91.29,70.06548175865294,1.2762850092862834,-0.07355273007842938,2023,1,Tuesday
2023-01-25,95.22,95.57,96.16,93.76,42330000.0,-0.0254,-0.025383828045035917,94.096,90.9115,93.455,105.7775,0.020958574323640997,97.7,91.12,65.6441717791411,1.3039045033473826,0.20193871660673302,2023,1,Wednesday
2023-01-26,97.52,96.5,97.57,95.38,30110000.0,0.0242,0.02415458937198056,94.696,91.41799999999999,93.47720000000001,105.59865000000002,0.0206398771840698,95.22,93.05,74.35456110154902,1.4941601809924236,0.4603830094838712,2023,1,Thursday
2023-01-27,99.37,97.31,100.32,97.31,33880000.0,0.019,0.01897046759639065,95.52000000000001,92.0855,93.55060000000002,105.4514,0.020200658900424828,97.52,98.02,75.11482254697285,1.7737717782243863,0.7230607632319743,2023,1,Friday
2023-01-30,96.94,97.48,98.29,96.39,27230000.0,-0.0245,-0.02445406058166455,96.002,92.51,93.5206,105.29754999999999,0.020771545894323208,99.37,99.79,67.35408560311282,1.7787806161898914,0.9342047338235577,2023,1,Monday
2023-01-31,98.84,96.87,98.88,96.82,29870000.0,0.0196,0.019599752424179995,96.757,93.0405,93.5204,105.14229999999999,0.020950301261041766,96.94,97.7,69.15441176470586,1.914000866833078,1.1301639604254619,2023,1,Tuesday
2023-02-01,100.43,98.71,101.19,97.58,35530000.0,0.0161,0.016086604613516853,97.68800000000002,93.60600000000001,93.5618,105.0108,0.021056083260328023,98.84,95.22,67.34137796808096,2.1249682897947366,1.329124826299317,2023,2,Wednesday
2023-02-02,107.74,105.8,107.85,105.61,69880000.0,0.0728,0.0727870158319226,99.157,94.589,93.76799999999999,104.9111,0.025320657206321626,100.43,97.52,75.46764796074822,2.8491738970747207,1.6331346404543976,2023,2,Thursday
2023-02-03,104.78,102.93,107.81,102.58,65310000.0,-0.0275,-0.02747354742899566,99.833,95.518,93.9516,104.78495000000001,0.025758693652958017,107.74,99.37,68.30537883169461,3.147976878310317,1.9361030880255816,2023,2,Friday
2023-02-06,102.9,102.4,104.36,101.88,32000000.0,-0.0179,-0.01794235541133804,100.144,96.296,94.0686,104.65925000000001,0.026493086114663382,104.78,96.94,66.29245018243053,3.1962358877876653,2.1881296479779984,2023,2,Monday
2023-02-07,107.64,103.22,108.18,103.12,49010000.0,0.0461,0.04606413994169101,101.138,97.277,94.25219999999999,104.5734,0.02778545378019301,102.9,98.84,70.54726368159203,3.5757409705658034,2.4656519124955594,2023,2,Tuesday
2023-02-08,99.37,102.05,103.14,98.04,94740000.0,-0.0768,-0.07683017465626163,101.553,97.8245,94.29039999999999,104.47205,0.033969118368070865,107.64,100.43,56.78985818650624,3.172609728063577,2.607043475609163,2023,2,Wednesday
2023-02-09,95.01,100.0,100.03,93.63,119460000.0,-0.043899999999999995,-0.04387642145516757,101.30199999999999,97.999,94.2696,104.33175,0.03503343605308488,99.37,107.74,46.72327454822557,2.472804797578206,2.5801957400029716,2023,2,Thursday
2023-02-10,94.57,95.45,96.75,94.25,54980000.0,-0.0046,-0.0046310914640564915,100.822,98.171,94.2572,104.21134999999998,0.03503726508137333,95.01,104.78,44.14798206278025,1.8612447546329491,2.4364055429289673,2023,2,Friday
2023-02-13,94.61,94.74,95.2,93.84,50080000.0,0.0004,0.0004229671143070046,100.58900000000001,98.29549999999999,94.12960000000001,104.11295,0.034982866232912364,94.57,102.9,46.368977673325496,1.3640823876002202,2.221940911863218,2023,2,Monday
2023-02-14,94.68,94.43,94.85,92.26,54730000.0,0.0007000000000000001,0.000739879505337715,100.173,98.465,94.0034,103.99375,0.03489040172413014,94.61,107.64,49.3273542600897,0.9646066597244527,1.970474061435465,2023,2,Tuesday
2023-02-15,96.94,94.49,97.12,94.15,50300000.0,0.0239,0.02386987748204472,99.824,98.756,93.9334,103.90790000000001,0.03519789419545408,94.68,99.37,49.276807980049874,0.8209193326454312,1.7405631156774584,2023,2,Wednesday
2023-02-16,95.51,95.37,97.68,94.74,42460000.0,-0.0148,-0.014751392613987946,98.601,98.879,93.85400000000001,103.80255,0.03517518493388297,96.94,95.01,45.13608870967742,0.5849145113425465,1.5094333948104761,2023,2,Thursday
2023-02-17,94.35,94.85,95.56,93.21,34280000.0,-0.0121,-0.012145325096848625,97.55799999999999,98.6955,93.8014,103.68764999999999,0.03311595351160104,95.51,94.57,46.62848216610257,0.30080914409565196,1.2677085446675114,2023,2,Friday
2023-02-21,91.79,93.0,93.1,91.72,33630000.0,-0.0271,-0.027133015368309366,96.447,98.29549999999999,93.7384,103.53529999999999,0.03326100383791792,94.35,94.61,40.97773227540313,-0.12942507974845796,0.9882818197843176,2023,2,Tuesday
2023-02-22,91.65,91.7,92.11,90.61,30880000.0,-0.0015,-0.0015252206122671197,94.848,97.99300000000001,93.69720000000001,103.411,0.033011894952684515,91.79,94.68,38.330675172780424,-0.47619633683716245,0.6953861884600216,2023,2,Wednesday
2023-02-23,90.89,91.92,91.94,89.76,41210000.0,-0.0083,-0.008292416803055147,94.0,97.77650000000001,93.6584,103.2867,0.032611827150531014,91.65,96.94,22.883810749919533,-0.8030832609170631,0.39569229858460475,2023,2,Thursday
2023-02-24,89.13,89.44,89.89,88.57,36590000.0,-0.0194,-0.019364066453955386,93.412,97.357,93.5748,103.16980000000001,0.032237352229252184,90.89,95.51,23.80314697020421,-1.190438164274056,0.07846620601287263,2023,2,Friday
2023-02-27,89.87,89.87,90.16,89.33,27500000.0,0.0083,0.00830247952429053,92.942,96.882,93.4596,103.04719999999999,0.03192411953950776,89.13,94.35,27.323355377654025,-1.4213237647472141,-0.22149178813914472,2023,2,Monday
2023-02-28,90.06,89.33,91.23,89.32,30140000.0,0.0021,0.0021141649048626032,92.487,96.538,93.35940000000001,102.9295,0.0316024478437682,89.87,91.79,13.647642679900784,-1.5708629244940084,-0.4913660154101175,2023,2,Tuesday
2023-03-01,90.36,89.98,91.03,89.67,31110000.0,0.0033,0.0033311125916055673,92.055,96.114,93.34939999999999,102.8171,0.031191436347576554,90.06,91.65,22.208513263417657,-1.646190039116206,-0.7223308201513352,2023,3,Wednesday
2023-03-02,92.0,89.66,92.28,89.59,32229999.999999996,0.0181,0.01814962372731288,91.561,95.6925,93.3842,102.69685,0.031264727547219616,90.36,90.89,38.84358784284656,-1.5556207979898176,-0.8889888157190318,2023,3,Thursday
2023-03-03,93.65,92.48,93.73,92.45,35160000.0,0.0179,0.017934782608695743,91.375,94.988,93.4884,102.59289999999999,0.026174106873323853,92.0,89.13,46.87074829931977,-1.3353101868738264,-0.9782530899499907,2023,3,Friday
2023-03-06,95.13,94.01,95.97,94.0,32640000.0,0.0158,0.015803523758675775,91.453,94.5055,93.61060000000002,102.48620000000001,0.026151023625062473,93.65,89.87,51.61090458488226,-1.0294222700521942,-0.9884869259704315,2023,3,Monday
2023-03-07,93.86,94.98,95.67,93.53,27840000.0,-0.0134,-0.013350152423000083,91.66,94.05350000000001,93.6962,102.396,0.02604662606075265,95.13,90.06,47.63552479815453,-0.8793457281543198,-0.9666586864072092,2023,3,Tuesday
2023-03-08,94.25,94.12,95.96,94.0,34100000.0,0.0042,0.0041551246537396835,91.92,93.384,93.82600000000001,102.31535,0.023329137289435507,93.86,90.36,41.30575307045896,-0.7206322468593527,-0.917453398497638,2023,3,Wednesday
2023-03-09,92.32,94.05,95.53,91.9,28810000.0,-0.020499999999999997,-0.020477453580901916,92.063,93.0315,93.88779999999998,102.2324,0.016881162928829394,94.25,92.0,40.012523481527836,-0.7420318584161834,-0.882369090481347,2023,3,Thursday
2023-03-10,90.63,92.17,92.79,90.39,35940000.0,-0.0183,-0.01830589254766024,92.213,92.8125,93.9526,102.12809999999999,0.014459771459073064,92.32,93.65,38.727272727272734,-0.885156547146849,-0.8829265818144475,2023,3,Friday
2023-03-13,91.11,90.09,92.57,89.42,37340000.0,0.0053,0.005296259516716306,92.337,92.6395,94.0544,102.0538,0.014544152427482117,90.63,95.13,47.642163661581115,-0.948913422395691,-0.8961239499306963,2023,3,Monday
2023-03-14,93.97,92.56,94.36,92.44,36050000.0,0.031400000000000004,0.03139062671495996,92.728,92.6075,94.1648,101.9946,0.016327957601034657,91.11,93.86,56.767794632438715,-0.7599034138596465,-0.8688798427164864,2023,3,Tuesday
2023-03-15,96.11,93.22,96.93,92.64,50620000.0,0.022799999999999997,0.022773225497499272,93.303,92.679,94.32240000000002,101.93620000000001,0.017119735309403274,93.97,94.25,64.09287257019437,-0.4324465306606271,-0.7815931803053147,2023,3,Wednesday
2023-03-16,100.32,96.2,101.19,95.5,65569999.99999999,0.0438,0.043803974612423247,94.13499999999999,92.848,94.54639999999999,101.87620000000001,0.019004619314826512,96.11,92.32,76.68097281831187,0.16487662889026922,-0.5922992184661979,2023,3,Thursday
2023-03-17,101.62,100.26,102.83,100.1,61030000.0,0.013000000000000001,0.012958532695374947,94.93199999999999,93.1535,94.8172,101.81549999999999,0.01873607484805185,100.32,90.63,77.2875058058523,0.7346896270695851,-0.3269014493590413,2023,3,Friday
2023-03-20,101.22,100.12,101.75,99.87,32960000.0,-0.0039000000000000003,-0.003936233024995128,95.541,93.497,95.1176,101.75215,0.01846858110738947,101.62,91.11,75.66697332106713,1.1408429489813443,-0.03335256969096417,2023,3,Monday
2023-03-21,104.92,101.25,105.1,101.22,42110000.0,0.0366,0.03655404070341839,96.64699999999999,94.15350000000001,95.4692,101.68865,0.018366094748310982,101.22,93.97,78.95783611774064,1.7412098769865025,0.3215599196445292,2023,3,Tuesday
2023-03-22,103.37,104.27,106.59,103.33,43430000.0,-0.0148,-0.014773160503240512,97.559,94.73949999999999,95.7762,101.6328,0.018915345102698444,104.92,96.11,72.69461077844312,2.0680932550305897,0.6708665867217414,2023,3,Wednesday
2023-03-23,105.6,105.06,106.3,104.46,40800000.0,0.0216,0.021572990229273392,98.887,95.475,96.1198,101.5767,0.018889587094862062,103.37,100.32,73.31252438548574,2.4785221893382783,1.0323977072450488,2023,3,Thursday
2023-03-24,105.44,104.99,105.49,103.84,30410000.0,-0.0015,-0.0015151515151514694,100.36800000000001,96.2905,96.3982,101.51814999999999,0.017941657403688468,105.6,101.62,71.20526532291238,2.75907452032763,1.377733069861565,2023,3,Friday
2023-03-27,102.46,104.61,104.76,101.93,31120000.0,-0.028300000000000002,-0.028262518968133588,101.503,96.91999999999999,96.6248,101.4445,0.019744778896705853,105.44,101.22,66.52574942352035,2.709717235258566,1.644129902940965,2023,3,Monday
2023-03-28,101.03,102.44,102.45,99.74,32060000.000000004,-0.013999999999999999,-0.013956666016006203,102.20899999999999,97.46849999999999,96.803,101.37545,0.0202640210867838,102.46,104.92,62.527716186252775,2.5260929551018023,1.8205225133731324,2023,3,Tuesday
2023-03-29,101.39,102.28,102.49,100.65,28780000.0,0.0036,0.003563298030287987,102.737,98.02000000000001,97.005,101.3266,0.020262503790655657,101.03,103.37,67.79129070223618,2.382158342955023,1.9328496792895107,2023,3,Wednesday
2023-03-30,100.89,100.91,101.15,99.78,33090000.000000004,-0.0049,-0.004931452805996606,102.79400000000001,98.4645,97.20039999999999,101.2991,0.02018939896449525,101.39,105.6,71.11111111111113,2.202355916424594,1.9867509267165275,2023,3,Thursday
2023-03-31,103.73,101.3,103.89,101.04,36860000.0,0.0281,0.02814946971949661,103.005,98.96849999999999,97.414,101.28415,0.020662423205764988,100.89,105.44,73.66841710427607,2.2629397028588727,2.0419886819449964,2023,3,Friday
2023-04-03,104.36,102.39,104.53,101.93,25040000.0,0.0060999999999999995,0.00607345994408548,103.319,99.43,97.5408,101.25715,0.020516768491601143,103.73,102.46,71.26483831354892,2.334873556015552,2.1005656567591076,2023,4,Monday
2023-04-04,104.72,104.33,105.58,104.04,24420000.0,0.0034000000000000002,0.003449597546952843,103.299,99.973,97.63940000000001,101.25059999999999,0.020071959613337916,104.36,101.03,69.0066225165563,2.3933416910412575,2.159120863615538,2023,4,Tuesday
2023-04-05,104.47,105.78,106.1,103.66,28290000.0,-0.0024,-0.0023873185637891536,103.40900000000002,100.484,97.77480000000001,101.23725,0.020151259811060952,104.72,101.39,61.102193686463366,2.391932489810202,2.205683188854471,2023,4,Wednesday
2023-04-06,108.42,105.26,109.17,104.33,48710000.0,0.0378,0.03780989757825215,103.691,101.289,98.03880000000001,101.22165000000001,0.020432015660757436,104.47,100.89,65.93252108716027,2.6786696399589687,2.3002804790753704,2023,4,Thursday
2023-04-10,106.44,106.98,107.59,105.12,27070000.0,-0.0183,-0.018262313226342086,103.79099999999998,102.0795,98.21719999999999,101.1964,0.020429034831732466,108.42,103.73,61.38743455497382,2.7148463856315743,2.3831936603866115,2023,4,Monday
2023-04-11,105.35,106.55,106.73,104.68,26310000.0,-0.0102,-0.010240511086057946,104.08,102.7915,98.3368,101.16194999999999,0.020839290322836792,106.44,104.36,51.05859182668633,2.6253000024903628,2.431614928807362,2023,4,Tuesday
2023-04-12,104.64,106.58,106.75,104.34,24370000.0,-0.0067,-0.006739439962031302,104.441,103.325,98.4908,101.09530000000001,0.020274322805558874,105.35,104.72,53.26142783769901,2.468586454416865,2.4390092339292626,2023,4,Wednesday
2023-04-13,107.43,105.84,107.49,105.84,24840000.0,0.026699999999999998,0.026662844036697386,105.045,103.891,98.6626,101.0533,0.02046562927245924,104.64,104.47,54.56814777833253,2.5402372477562523,2.4592548366946607,2023,4,Thursday
2023-04-14,108.87,106.89,108.94,106.84,26580000.0,0.0134,0.013404077073443155,105.843,104.3185,98.83139999999999,101.0376,0.01853030749046491,107.43,108.42,58.04786485218209,2.6822971314522874,2.503863295646186,2023,4,Friday
2023-04-17,105.97,104.66,106.16,104.52,37570000.0,-0.026600000000000002,-0.02663727381280434,106.06700000000001,104.53600000000002,98.796,101.00895,0.0196343325970614,108.87,106.44,58.266603862458794,2.531691090114947,2.5094288545399386,2023,4,Monday
2023-04-18,104.5,106.49,106.54,104.07,26600000.0,-0.0139,-0.013871850523733076,106.08099999999999,104.7,98.7904,100.98665000000001,0.019923453333982034,105.97,105.35,58.15702867889045,2.267578766102929,2.4610588368525366,2023,4,Tuesday
2023-04-19,104.18,103.58,104.98,103.07,20910000.0,-0.0031,-0.003062200956937766,106.027,104.66299999999998,98.81599999999999,100.96385000000001,0.018177374929033263,104.5,104.64,56.570890249646745,2.0092847371350757,2.3707040169090443,2023,4,Wednesday
2023-04-20,105.29,103.91,106.25,103.87,27820000.0,0.010700000000000001,0.010654636206565593,106.109,104.75899999999999,98.76899999999999,100.92399999999999,0.017992576401793265,104.18,107.43,60.07326007326009,1.8725667972071562,2.2710765729686666,2023,4,Thursday
2023-04-21,105.41,105.47,106.0,104.78,25800000.0,0.0011,0.0011397093741094544,105.80800000000002,104.74949999999998,98.88980000000001,100.87820000000002,0.017335436694320545,105.29,108.87,54.393305439330526,1.7536844591188157,2.1675981501986965,2023,4,Friday
2023-04-24,105.97,105.49,106.63,104.7,23540000.0,0.0053,0.0053125889384308955,105.761,104.776,99.109,100.81414999999998,0.017370144793772677,105.41,105.97,54.2257217847769,1.6852303827348578,2.071124596705929,2023,4,Monday
2023-04-25,103.85,105.82,106.69,103.84,46660000.0,-0.02,-0.02000566197980569,105.61099999999999,104.84549999999999,99.2946,100.73665000000001,0.01673991117925991,105.97,104.5,47.90965881787601,1.443276557844456,1.9455549889336343,2023,4,Tuesday
2023-04-26,103.71,104.92,106.35,102.63,53350000.0,-0.0013,-0.0013480982185845036,105.518,104.9795,99.4766,100.6768,0.016388405347206935,103.85,104.18,48.16425120772946,1.226095908054603,1.801663172757828,2023,4,Wednesday
2023-04-27,107.59,104.45,108.37,103.54,50090000.0,0.0374,0.03741201427056229,105.53400000000002,105.2895,99.73479999999999,100.64465,0.01826044422374109,103.71,105.29,47.98836645661658,1.3514831948796058,1.7116271771821836,2023,4,Thursday
2023-04-28,107.34,107.04,107.35,105.09,36140000.0,-0.0023,-0.0023236360256528865,105.381,105.61200000000001,99.9428,100.62460000000002,0.01820909602032184,107.59,105.41,52.380952380952394,1.4143765598293356,1.652177053711614,2023,4,Friday
2023-05-01,107.2,106.84,107.99,106.82,26680000.0,-0.0013,-0.0013042668157257076,105.50399999999999,105.7855,100.1766,100.60875,0.017256262930663922,107.34,105.97,55.1532033426184,1.436365645646589,1.6090147720986092,2023,5,Monday
2023-05-02,105.32,107.14,107.2,103.71,31000000.0,-0.0175,-0.017537313432835933,105.58599999999998,105.8335,100.396,100.57645000000001,0.017748189931524407,107.2,103.85,51.778242677824245,1.2872532126470588,1.5446624602082992,2023,5,Tuesday
2023-05-03,105.41,105.53,107.49,104.96,21800000.0,0.0009,0.0008545385491833812,105.70899999999999,105.86800000000001,100.6684,100.55835,0.0177357906076751,105.32,103.71,43.848964677222874,1.1629371672753734,1.468317401621714,2023,5,Wednesday
2023-05-04,104.69,105.49,105.6,103.97,23420000.0,-0.0068000000000000005,-0.006830471492268231,105.649,105.87899999999999,100.9292,100.51275,0.017801257471219793,105.41,107.59,36.687898089171966,0.9948498135821495,1.373623884013801,2023,5,Thursday
2023-05-05,105.57,104.82,105.88,104.11,26640000.0,0.0084,0.008405769414461695,105.665,105.7365,101.2228,100.4711,0.015616468567670122,104.69,107.34,48.53801169590641,0.9220195528415189,1.2833030177793447,2023,5,Friday
2023-05-08,107.77,105.18,107.96,105.16,26510000.0,0.0208,0.02083925357582639,105.845,105.803,101.59560000000002,100.43825000000001,0.01581639094862435,105.57,107.2,61.346287300485756,1.0299500374140678,1.2326324217062894,2023,5,Monday
2023-05-09,107.35,108.39,110.15,107.19,36360000.0,-0.0039000000000000003,-0.0038971884568990145,106.19499999999998,105.90299999999999,101.9452,100.43549999999999,0.015647323525780955,107.77,105.32,60.92350103376975,1.0692693625074838,1.1999598098665283,2023,5,Tuesday
2023-05-10,111.75,107.97,112.94,107.93,63150000.0,0.040999999999999995,0.04098742431299485,106.999,106.2585,102.37899999999999,100.4567,0.017876410063101603,107.35,105.41,68.1460674157303,1.4388868466974145,1.2477452172327055,2023,5,Wednesday
2023-05-11,116.57,115.39,117.92,114.41,78900000.0,0.0431,0.043131991051454044,107.897,106.71549999999999,102.9032,100.51445,0.01932309270311275,111.75,104.69,74.79999999999995,2.0965770483083475,1.417511583447834,2023,5,Thursday
2023-05-12,117.51,116.68,118.03,116.11,41100000.0,0.008100000000000001,0.008063824311572487,108.91399999999999,107.1475,103.4134,100.5367,0.019226833744036838,116.57,105.57,75.21853146853144,2.6629545333504296,1.6666001734283533,2023,5,Friday
2023-05-15,116.51,116.11,118.48,116.01,36270000.0,-0.0085,-0.008509914049868117,109.845,107.6745,103.8706,100.54814999999999,0.018100896041213486,117.51,107.77,79.09007352941174,2.9965784372056277,1.932595826183808,2023,5,Monday
2023-05-16,119.51,116.49,120.75,116.43,45040000.0,0.025699999999999997,0.025748862758561586,111.26399999999998,108.425,104.3582,100.5641,0.018105783600650672,116.51,107.35,82.08773354995937,3.4631318839616227,2.2387030377393713,2023,5,Tuesday
2023-05-17,120.84,119.61,121.67,118.89,33320000.0,0.0111,0.0111287758346581,112.80699999999999,109.25800000000001,104.8978,100.594,0.017972957781759988,119.51,111.75,80.01812415043042,3.8952961868734803,2.570021667566193,2023,5,Wednesday
2023-05-18,122.83,120.95,123.31,120.83,35230000.0,0.0165,0.0164680569347897,114.62100000000001,110.13500000000002,105.46940000000001,100.6325,0.018071762959660512,120.84,116.57,82.5283494330113,4.348242051697582,2.9256657443924707,2023,5,Thursday
2023-05-19,122.76,123.55,125.97,122.15,41350000.0,-0.0006,-0.0005698933485304147,116.34,111.00249999999998,106.0782,100.6559,0.01810936083993804,122.83,117.51,82.77169334456613,4.647977506454964,3.27012809680497,2023,5,Friday
2023-05-22,125.05,122.94,126.43,122.74,35250000.0,0.0187,0.018654284783316877,118.06800000000001,111.9565,106.7666,100.6902,0.01825797983976612,122.76,116.51,90.84886128364391,5.012522634752557,3.6186070043944873,2023,5,Monday
2023-05-23,122.56,124.16,124.63,122.21,34050000.0,-0.0199,-0.019912035185925547,119.58899999999998,112.89200000000001,107.3956,100.71565000000001,0.018250305235912086,125.05,119.51,82.29755178907725,5.042379671056906,3.9033615377269713,2023,5,Tuesday
2023-05-24,120.9,121.12,121.91,119.86,34180000.0,-0.013500000000000002,-0.013544386422976507,120.50399999999999,113.75150000000001,107.9342,100.73365,0.018791481074682488,122.56,120.84,79.48344852673704,4.875887267351686,4.097866683651914,2023,5,Wednesday
2023-05-25,123.48,124.52,125.32,121.96,42320000.0,0.0213,0.021339950372208483,121.19500000000001,114.546,108.4816,100.7679,0.01777765153753953,120.9,122.83,80.67831449126416,4.895690799863544,4.257431506894241,2023,5,Thursday
2023-05-26,124.61,123.17,125.26,122.45,35640000.0,0.0092,0.009151279559442838,121.905,115.40950000000001,108.9674,100.79244999999999,0.017643542793338966,123.48,122.76,79.9431009957326,4.945557490009705,4.395056703517334,2023,5,Friday
2023-05-30,123.67,125.64,125.66,122.0,35080000.0,-0.0075,-0.007543535831795234,122.62100000000001,116.23299999999999,109.4084,100.8166,0.017863678013565542,124.61,125.05,78.49162011173189,4.853281449639795,4.486701652741826,2023,5,Tuesday
2023-05-31,122.87,122.75,124.06,122.5,37330000.0,-0.006500000000000001,-0.0064688283334680685,122.957,117.1105,109.8414,100.82255,0.017212597341890783,123.67,122.56,72.20447284345052,4.661859692089109,4.521733260611283,2023,5,Wednesday
2023-06-01,123.72,122.82,124.42,122.62,30770000.0,0.0069,0.006917880686904798,123.245,118.026,110.2174,100.83075000000001,0.017135664546460316,122.87,120.9,66.96725201708595,4.526565042246403,4.522699616938307,2023,6,Thursday
2023-06-02,124.67,123.99,126.15,123.76,26980000.0,0.0077,0.0076786291626254055,123.429,119.025,110.6434,100.84559999999999,0.01677004981859711,123.72,123.48,66.98292220113855,4.444763649438059,4.507112423438258,2023,6,Friday
2023-06-05,126.01,124.01,127.43,123.84,32310000.000000004,0.010700000000000001,0.010748375711879365,123.75399999999999,120.04699999999998,111.0516,100.8779,0.016774570730679672,124.67,124.61,72.17553688141928,4.43691624881113,4.493073188512833,2023,6,Monday
2023-06-06,127.31,126.01,128.29,125.36,26640000.0,0.0103,0.010316641536386006,123.97999999999999,121.024,111.48899999999999,100.9136,0.016547860369735212,126.01,123.67,69.77687626774852,4.48390855602581,4.491240262015428,2023,6,Tuesday
2023-06-07,122.5,126.97,129.04,122.12,52540000.0,-0.0378,-0.03778179247506086,123.974,121.78150000000001,111.8898,100.94004999999999,0.0193762410380426,127.31,122.87,53.577586206896555,4.0859235140313075,4.4101769124186045,2023,6,Wednesday
2023-06-08,122.14,122.22,123.22,121.24,29390000.0,-0.0029,-0.0029387755102040503,124.098,122.301,112.31200000000001,100.97955,0.01771551267142676,122.5,123.72,48.400556328233655,3.6988306917959477,4.2679076682940735,2023,6,Thursday
2023-06-09,122.23,122.25,123.75,121.91,23780000.0,0.0007000000000000001,0.0007368593417389491,123.973,122.58400000000002,112.72879999999999,101.0214,0.015223989272897972,122.14,124.67,48.77257989810097,3.360580410081127,4.086442216651484,2023,6,Friday
2023-06-12,123.64,122.79,124.05,121.66,28340000.0,0.0115,0.011535629550846638,123.876,122.8905,113.1838,101.07115000000002,0.015310506447516647,122.23,126.01,46.59584741670691,3.1697509254318277,3.903103958407553,2023,6,Monday
2023-06-13,123.83,124.98,125.16,123.18,22280000.0,0.0015,0.0015367195082496288,123.89200000000001,123.2565,113.5858,101.10705,0.015088009743898132,123.64,127.31,53.4492123845736,2.999274822923894,3.7223381313108215,2023,6,Tuesday
2023-06-14,123.67,123.1,124.05,121.45,30590000.0,-0.0013,-0.0012920939998384284,123.97200000000001,123.4645,113.97200000000001,101.17370000000001,0.014139016144415303,123.83,122.5,58.190419869899465,2.8187676221222517,3.5416240294731076,2023,6,Wednesday
2023-06-15,125.09,123.14,125.46,122.4,35250000.0,0.0115,0.011482170291905902,124.10900000000001,123.67699999999999,114.3794,101.25205000000001,0.014151492716218496,123.67,122.14,55.111111111111114,2.758498246883107,3.3849988729551077,2023,6,Thursday
2023-06-16,123.53,125.93,126.11,123.28,45540000.0,-0.0125,-0.0124710208649772,123.995,123.71199999999999,114.7606,101.325,0.014054700588430622,125.09,122.23,46.66254635352287,2.555398328996205,3.2190787641633274,2023,6,Friday
2023-06-20,123.1,122.93,124.57,122.14,26100000.0,-0.0034999999999999996,-0.0034809358050676975,123.704,123.72900000000001,115.0542,101.39939999999999,0.014080093103055524,123.53,123.64,48.181238034460726,2.332851118925319,3.041833235115726,2023,6,Tuesday
2023-06-21,120.55,122.4,122.66,120.1,30310000.0,-0.0207,-0.020714865962631945,123.02799999999999,123.50399999999999,115.3364,101.45344999999999,0.014121137600824491,123.1,123.83,43.3409873708381,1.9284867677994129,2.8191639416524636,2023,6,Wednesday
2023-06-22,123.15,120.0,123.24,118.83,26950000.0,0.0216,0.021567814184985545,123.093,123.5335,115.69239999999999,101.52995000000001,0.014355136274688644,120.55,123.67,48.51330203442882,1.7971074412158714,2.614752641565145,2023,6,Thursday
2023-06-23,122.34,121.38,122.79,121.06,34910000.0,-0.0066,-0.006577344701583443,123.11299999999999,123.6055,116.0464,101.6076,0.014082449359626386,123.15,125.09,43.8780872306884,1.6090796788929822,2.4136180490307124,2023,6,Friday
2023-06-26,118.34,120.76,122.0,118.26,33970000.0,-0.0327,-0.03269576589831613,122.724,123.34849999999999,116.26459999999999,101.65205,0.015061066716590996,122.34,123.53,32.31904103273399,1.1243390710457817,2.155762253433726,2023,6,Monday
2023-06-27,118.33,117.08,119.08,116.1,39540000.0,-0.0001,-8.450228156164918e-05,122.19300000000001,123.03449999999998,116.45380000000002,101.7018,0.014840665014273682,118.34,123.1,27.99019607843138,0.7309458418658181,1.8707989711201445,2023,6,Tuesday
2023-06-28,120.18,117.09,120.39,116.85,27090000.0,0.015600000000000001,0.015634243218118904,121.828,122.86000000000001,116.738,101.74945,0.015321333943701521,118.33,120.55,43.34862385321104,0.5619802538545571,1.609035227667027,2023,6,Wednesday
2023-06-29,119.1,119.24,120.06,118.29,24090000.0,-0.009000000000000001,-0.008986520219670613,121.37100000000001,122.6715,117.03,101.79065,0.015376131039305461,120.18,123.15,41.629955947136565,0.337041627875891,1.3546365077088,2023,6,Thursday
2023-06-30,119.7,120.17,121.08,119.69,29530000.0,0.005,0.005037783375315019,120.832,122.47049999999999,117.3404,101.86755000000001,0.01532799394792871,119.1,122.34,43.224424209962514,0.20482997928431246,1.1246752020239026,2023,6,Friday
2023-07-03,119.9,119.24,120.19,118.82,14470000.0,0.0017000000000000001,0.001670843776107045,120.46900000000001,122.232,117.6326,101.94205,0.0151961786739777,119.7,118.34,39.28980526918675,0.11486552549564522,0.9227132667182512,2023,7,Monday
2023-07-05,121.75,119.24,122.61,119.23,27580000.0,0.0154,0.015429524603836509,120.33400000000002,122.019,117.95939999999999,102.03625,0.015434422146952507,119.9,118.33,44.56066945606696,0.19064989331940296,0.7763005920384816,2023,7,Wednesday
2023-07-06,120.11,119.79,120.3,118.4,24780000.0,-0.013500000000000002,-0.013470225872689978,120.29,121.65899999999999,118.24220000000001,102.12280000000001,0.01538391537267203,121.75,120.18,41.35922330097089,0.11702625109219866,0.644445723849225,2023,7,Thursday
2023-07-07,119.48,120.1,121.05,119.4,21710000.0,-0.0052,-0.005245191907418123,119.923,121.508,118.5548,102.20485000000001,0.013029330593446166,120.11,119.1,35.84048460373552,0.007753867568425221,0.5171073525930651,2023,7,Friday
2023-07-10,116.45,118.3,118.31,116.14,35320000.0,-0.0254,-0.025359892869099454,119.33400000000002,121.22349999999999,118.80959999999999,102.28139999999999,0.014109644654025096,119.48,119.7,33.364661654135375,-0.3196561635977133,0.3497546493549094,2023,7,Monday
2023-07-11,117.14,116.29,117.71,115.35,23080000.0,0.0059,0.00592528982395879,119.21399999999998,120.96900000000001,119.00059999999999,102.3707,0.014215475028007091,116.45,119.9,36.165273909006544,-0.517488453957526,0.17630602869242232,2023,7,Tuesday
2023-07-12,118.93,118.8,120.33,118.41,30400000.0,0.015300000000000001,0.015280860508792848,119.274,120.7335,119.2324,102.46465,0.014426652093660865,117.14,121.75,46.102021174205994,-0.5237959355333572,0.036285635847266406,2023,7,Wednesday
2023-07-13,124.54,120.93,124.83,120.45,44300000.0,0.0472,0.0471706045573026,119.71,120.769,119.5792,102.59365,0.018123860260651846,118.93,120.11,52.92139554434635,-0.07524714263085741,0.013979080151641643,2023,7,Thursday
2023-07-14,125.42,124.8,126.78,123.49,33280000.0,0.0070999999999999995,0.007066002890637524,120.34200000000001,120.85650000000001,119.9812,102.7299,0.01817807444007763,124.54,119.48,56.45431684828163,0.34723692180992316,0.08063064848329796,2023,7,Friday
2023-07-17,124.65,125.94,127.1,124.19,25720000.0,-0.0060999999999999995,-0.006139371711050834,120.83700000000002,120.8345,120.366,102.86565,0.018062760395964047,125.42,116.45,65.29326223945708,0.6128613378611192,0.1870767863588622,2023,7,Monday
2023-07-18,123.76,124.6,124.68,122.96,26230000.0,-0.0070999999999999995,-0.007139991977537119,121.223,120.846,120.7474,102.9842,0.017908056212901414,124.65,117.14,62.62203626220363,0.7429903095495405,0.2982594909969979,2023,7,Tuesday
2023-07-19,122.03,124.6,125.18,121.8,37220000.0,-0.013999999999999999,-0.013978668390433158,121.251,120.79249999999999,121.0766,103.10725000000001,0.018174850861342736,123.76,118.93,54.324450677886844,0.6984703835555734,0.378301669508713,2023,7,Wednesday
2023-07-20,119.2,121.42,124.09,118.22,37910000.0,-0.0232,-0.023191018601983138,121.16000000000001,120.725,121.30519999999999,103.225,0.018329155680625184,122.03,124.54,50.21607605877271,0.4298753374514206,0.38861640309725454,2023,7,Thursday
2023-07-21,120.02,120.62,120.99,118.73,71610000.0,0.0069,0.006879194630872387,121.21400000000001,120.5685,121.55860000000001,103.33189999999999,0.017685393051649814,119.2,125.42,50.6849315068493,0.27995186443590114,0.3668834953649839,2023,7,Friday
2023-07-24,121.53,121.66,123.0,120.98,29720000.0,0.0126,0.01258123646058995,121.72200000000001,120.52799999999999,121.7542,103.43135000000001,0.01789294912710878,120.02,124.65,53.303607620591805,0.27975595977201806,0.34945798824639074,2023,7,Monday
2023-07-25,122.21,121.36,123.14,121.02,52510000.0,0.005600000000000001,0.005595326256891298,122.22900000000001,120.72150000000002,121.867,103.53524999999999,0.01619912849963981,121.53,123.76,50.978723404255305,0.3306593853513675,0.3456982676673861,2023,7,Tuesday
2023-07-26,129.27,130.07,130.98,128.32,61680000.0,0.057800000000000004,0.0577694133049671,123.263,121.26850000000002,122.10220000000001,103.67450000000001,0.020461975283255867,122.21,122.03,65.83679114799449,0.9299636716559547,0.4625513484650998,2023,7,Wednesday
2023-07-27,129.4,131.67,133.24,128.79,44950000.0,0.001,0.0010056470952271024,123.749,121.7295,122.36,103.82809999999999,0.020308665216511347,129.27,119.2,67.45249824067558,1.3992765606791409,0.6498963909079081,2023,7,Thursday
2023-07-28,132.58,130.78,133.74,130.57,36590000.0,0.0246,0.024574961360123604,124.465,122.40350000000001,122.6214,104.0017,0.020573106515974,129.4,120.02,78.2289114455723,2.0047008861454003,0.9208572899554066,2023,7,Friday
2023-07-31,132.72,132.73,133.52,131.77,28060000.0,0.0011,0.001055966209081216,125.272,123.0545,122.859,104.1794,0.020597811385224468,132.58,121.53,77.80157030692362,2.467358680899366,1.2301575681441985,2023,7,Monday
2023-08-01,131.55,130.77,132.63,130.68,23280000.0,-0.0088,-0.008815551537070476,126.051,123.63700000000001,123.0334,104.34935000000002,0.02082920414478485,132.72,122.21,73.029197080292,2.7083884781465173,1.5258037501446622,2023,8,Tuesday
2023-08-02,128.38,129.45,130.09,127.56,26270000.0,-0.0241,-0.0240973014063095,126.68599999999999,123.96850000000002,123.14580000000002,104.49595000000001,0.021632258219406775,131.55,129.27,57.69230769230767,2.613487168546442,1.743340433825018,2023,8,Wednesday
2023-08-03,128.45,127.97,129.38,127.42,20160000.0,0.0005,0.0005452562704471031,127.61099999999999,124.38550000000001,123.2138,104.65539999999999,0.021299398032105055,128.38,129.4,56.27329192546581,2.514935006682606,1.8976593483965356,2023,8,Thursday
2023-08-04,128.11,129.28,131.51,127.91,26150000.0,-0.0026,-0.0026469443363174028,128.42000000000002,124.81700000000001,123.3248,104.79610000000001,0.021250642729745403,128.45,132.58,57.29342327150087,2.3819390393342132,1.9945152865840712,2023,8,Friday
2023-08-07,131.53,129.16,131.61,129.02,22750000.0,0.026699999999999998,0.026695808289750822,129.42000000000002,125.571,123.53739999999999,104.9499,0.020683867077877612,128.11,132.72,64.80000000000001,2.5234158280004806,2.100295394867353,2023,8,Monday
2023-08-08,131.4,130.62,131.51,129.54,23540000.0,-0.001,-0.0009883676727742152,130.339,126.28399999999999,123.6958,105.10875,0.020748252018379695,131.53,131.55,69.00608519269781,2.595132219941277,2.1992627598821377,2023,8,Tuesday
2023-08-09,129.66,131.66,132.04,129.0,24910000.0,-0.0132,-0.01324200913242013,130.378,126.8205,123.7968,105.2572,0.02105198585960892,131.4,128.38,72.19864176570461,2.4829427011491134,2.255998748135533,2023,8,Wednesday
2023-08-10,129.69,131.32,132.05,129.45,20860000.0,0.0002,0.00023137436372056008,130.407,127.078,123.9172,105.4,0.01851187217775372,129.66,128.45,71.23407992973213,2.369142449090859,2.2786274883265984,2023,8,Thursday
2023-08-11,129.56,128.66,129.93,128.17,19590000.0,-0.001,-0.0010023903153674185,130.105,127.285,124.051,105.5352,0.018487874155747545,129.69,128.11,68.77045348293599,2.242613562730824,2.271424703207444,2023,8,Friday
2023-08-14,131.33,129.39,131.37,128.96,24700000.0,0.0137,0.013661623958011848,129.96599999999998,127.619,124.2032,105.66945000000001,0.01857119670934914,129.56,131.53,70.28469750889687,2.25912097583641,2.2689639577332374,2023,8,Monday
2023-08-15,129.78,131.1,131.42,129.28,19770000.0,-0.0118,-0.011802330008375939,129.789,127.92,124.30539999999999,105.84370000000001,0.018730778514320697,131.33,131.4,51.50265173836179,2.1226624422201468,2.2397036546306195,2023,8,Tuesday
2023-08-16,128.7,128.7,130.28,127.86,25220000.0,-0.0083,-0.008321775312066682,129.821,128.2535,124.35920000000002,106.0261,0.018509589665621322,129.78,129.66,48.04687499999995,1.9054067541479185,2.1728442745340795,2023,8,Wednesday
2023-08-17,129.92,129.8,131.99,129.29,33450000.000000004,0.0095,0.009479409479409506,129.96800000000002,128.7895,124.4114,106.19425,0.017507310041874537,128.7,129.69,41.66666666666658,1.810800083958597,2.100435436418983,2023,8,Thursday
2023-08-18,127.46,128.51,129.25,126.38,30500000.0,-0.0189,-0.01893472906403937,129.903,129.1615,124.5106,106.359,0.018254989370827708,129.92,129.56,35.612691466083135,1.5198028342779963,1.9843089159907856,2023,8,Friday
2023-08-21,128.37,127.18,128.73,126.56,25250000.0,0.0070999999999999995,0.007139494743449104,129.587,129.5035,124.6352,106.5485,0.018147528259650412,127.46,131.33,41.17647058823528,1.347086438268633,1.8568644204463551,2023,8,Monday
2023-08-22,129.08,128.51,130.28,128.32,22070000.0,0.0055000000000000005,0.005530887278959229,129.35500000000002,129.847,124.77220000000001,106.75904999999999,0.018147029345947415,128.37,129.78,52.24935732647821,1.2530540888223527,1.7361023541215548,2023,8,Tuesday
2023-08-23,132.37,130.18,133.41,129.87,27820000.0,0.0255,0.025488069414316694,129.626,130.002,124.9468,107.00375,0.013962207235706759,129.08,128.7,60.43663471778492,1.4275523439419544,1.6743923520856347,2023,8,Wednesday
2023-08-24,129.78,133.95,134.25,129.57,28500000.0,-0.0196,-0.019566367001586538,129.635,130.02100000000002,125.0658,107.21975,0.014720498582461427,132.37,129.92,53.97051830718018,1.3413894116972926,1.6077917640079664,2023,8,Thursday
2023-08-25,129.88,129.54,130.76,127.25,26760000.0,0.0008,0.0007705347511173244,129.667,129.886,125.19,107.4267,0.013567313009846354,129.78,127.46,45.341614906832284,1.2665735598053232,1.5395481231674377,2023,8,Friday
2023-08-28,131.01,131.31,132.54,130.14,20540000.0,0.0087,0.008700338774253025,129.63500000000002,129.8005,125.3084,107.63725000000001,0.013733196196801505,129.88,128.37,48.95777659005875,1.2836657150488975,1.4883716415437298,2023,8,Monday
2023-08-29,134.57,132.24,136.57,132.24,43080000.0,0.027200000000000002,0.027173498206243707,130.114,129.95149999999998,125.5292,107.8735,0.014902410610715178,131.01,129.08,61.958110082805625,1.5664169396409022,1.5039807011631643,2023,8,Tuesday
2023-08-30,135.88,134.78,136.27,134.07,28320000.0,0.0097,0.00973471055955999,130.83200000000002,130.32649999999998,125.78479999999999,108.08319999999999,0.01375051840486021,134.57,132.37,64.19073819348921,1.8745961960632371,1.578103800143179,2023,8,Wednesday
2023-08-31,136.17,136.01,138.0,135.79,30050000.0,0.0021,0.0021342360906682067,131.457,130.7125,126.09720000000002,108.28199999999998,0.013740587289643747,135.88,129.78,65.0432407828857,2.117818163960351,1.6860466729066135,2023,8,Thursday
2023-09-01,135.66,137.46,137.46,134.85,21540000.0,-0.0037,-0.0037453183520598232,132.277,131.08999999999997,126.3474,108.4818,0.013766564912088382,136.17,129.88,60.4538870111057,2.243558245202138,1.7975489873657184,2023,9,Friday
2023-09-05,135.77,135.44,136.42,134.58,19400000.0,0.0008,0.0008108506560520201,133.017,131.302,126.61599999999999,108.66844999999999,0.01258322342186546,135.66,131.01,65.54229372080957,2.3252798673123323,1.9030951633550413,2023,9,Tuesday
2023-09-06,134.46,136.02,136.53,133.66,18680000.0,-0.0096,-0.009648670545776006,133.555,131.45499999999998,126.9384,108.84649999999999,0.01282591879858798,135.77,134.57,64.76923076923082,2.2583064388537935,1.9741374184547917,2023,9,Wednesday
2023-09-07,135.26,133.59,135.58,132.95,18840000.0,0.0059,0.00594972482522671,133.844,131.73499999999999,127.277,109.031,0.012396979088581653,134.46,135.88,63.99371069182392,2.243916357424979,2.0280932062488293,2023,9,Thursday
2023-09-08,136.38,134.91,136.66,134.85,23580000.0,0.0083,0.008280348957563355,134.504,132.0695,127.601,109.22575,0.01246056326509167,135.26,136.17,75.14092446448704,2.2964151100671018,2.081757587012484,2023,9,Friday
2023-09-11,136.92,136.54,137.48,135.79,20760000.0,0.004,0.003959524857017005,135.208,132.43749999999997,127.95739999999999,109.43235,0.012434608854057528,136.38,135.66,74.61139896373055,2.3544535617375004,2.1362967819574874,2023,9,Monday
2023-09-12,135.34,136.26,136.87,135.19,18410000.0,-0.0115,-0.011539585159216936,135.641,132.63799999999998,128.27020000000002,109.62379999999999,0.012556536069285378,136.92,135.77,67.16008771929828,2.2470540174708447,2.1584482290601588,2023,9,Tuesday
2023-09-13,136.71,135.09,136.9,134.15,20750000.0,0.0101,0.01012265405645052,135.855,132.9845,128.6064,109.81504999999999,0.012280785094363054,135.34,134.46,63.296568627451016,2.246589371478791,2.1760764575438856,2023,9,Wednesday
2023-09-14,138.1,137.6,138.7,136.24,24750000.0,0.0102,0.010167507863360292,136.077,133.4545,128.9334,110.01825000000001,0.012103976979343619,136.71,135.26,77.51322751322759,2.331506365399804,2.2071624391150695,2023,9,Thursday
2023-09-15,137.4,137.98,138.52,136.48,38920000.0,-0.0051,-0.005068790731354023,136.2,133.82850000000002,129.2792,110.225,0.01216904451758702,138.1,136.38,73.91857506361335,2.315626444792059,2.2288552402504678,2023,9,Friday
2023-09-18,138.21,136.61,139.16,136.61,21860000.0,0.0059,0.005895196506550127,136.45499999999998,134.366,129.65380000000002,110.4401,0.011041453686557288,137.4,136.92,73.37662337662351,2.3414113908140166,2.2513664703631777,2023,9,Monday
2023-09-19,138.04,137.42,138.41,136.62,20350000.0,-0.0012,-0.0012300123001230956,136.682,134.84949999999998,130.0856,110.62535,0.011079307670765941,138.21,135.34,64.4462947543714,2.321369267146679,2.265367029719878,2023,9,Tuesday
2023-09-20,133.74,138.08,138.08,133.62,29930000.0,-0.031200000000000002,-0.03115039119095897,136.60999999999999,135.0825,130.4176,110.7891,0.013525601539881759,138.04,136.71,42.86666666666668,1.9361924549612297,2.1995321147681484,2023,9,Wednesday
2023-09-21,130.44,131.44,132.23,130.07,31500000.0,-0.024700000000000003,-0.024674742036787878,136.128,134.986,130.6478,110.9391,0.013564812164733053,133.74,138.1,34.09217101610216,1.3491030157280477,2.0294462949601284,2023,9,Thursday
2023-09-22,130.25,130.76,132.02,129.6,26400000.0,-0.0015,-0.0014566084023305281,135.51500000000001,135.00949999999997,130.762,111.09295,0.012819322765673623,130.44,137.4,34.70887507066138,0.8586015688561588,1.7952773497393346,2023,9,Friday
2023-09-25,131.11,129.83,131.17,128.96,20090000.0,0.0066,0.006602687140115249,134.934,135.071,130.8758,111.26360000000001,0.012897659448034454,130.25,138.21,37.36442516268979,0.5331249188128595,1.5428468635540398,2023,9,Monday
2023-09-26,128.57,129.77,130.36,127.22,25720000.0,-0.0194,-0.019373045534284317,134.257,134.949,130.95420000000001,111.43175,0.013478608616903412,131.11,138.04,35.027961362480895,0.06942526514572478,1.248162543872377,2023,9,Tuesday
2023-09-27,130.54,128.57,130.9,128.57,22750000.0,0.0154,0.015322392471027513,133.64000000000001,134.7475,131.0898,111.6159,0.012398908427293954,128.57,133.74,38.675623800383875,-0.13751235827035657,0.9710275634438303,2023,9,Wednesday
2023-09-28,132.31,129.84,133.3,129.79,22510000.0,0.013600000000000001,0.013559062356365947,133.061,134.56900000000002,131.2954,111.81330000000001,0.012608128440347626,130.54,130.44,40.53047929269429,-0.1568793013083507,0.7454461904933941,2023,9,Thursday
2023-09-29,130.86,133.28,134.05,130.36,30860000.0,-0.011000000000000001,-0.01095911117829329,132.407,134.3035,131.5286,112.00104999999999,0.012761922196460941,132.31,130.25,36.47321428571435,-0.28593454954258846,0.5391700424861976,2023,9,Friday
2023-10-02,134.17,131.21,134.42,131.17,22290000.0,0.0253,0.025294207550053294,132.003,134.229,131.8116,112.19375,0.01412152811106336,130.86,131.11,47.575631993369214,-0.11974211383389388,0.4073876112221793,2023,10,Monday
2023-10-03,132.43,133.94,134.26,131.84,22990000.0,-0.013000000000000001,-0.012968621897592514,131.442,134.062,132.02960000000002,112.38055,0.014390013937525762,134.17,128.57,41.26530612244897,-0.12697320136885537,0.3005154487039724,2023,10,Tuesday
2023-10-04,135.24,132.79,135.57,132.53,26750000.0,0.0212,0.021218757079211725,131.592,134.101,132.2902,112.60244999999999,0.01506933635173115,132.43,130.54,44.48302469135805,0.09296794886864745,0.2590059487369074,2023,10,Wednesday
2023-10-05,135.07,135.07,135.49,133.45,19830000.0,-0.0013,-0.0012570245489501586,132.055,134.0915,132.40619999999998,112.8265,0.015015653735954088,135.24,132.31,45.41157936195351,0.25066579650354015,0.257337918290234,2023,10,Thursday
2023-10-06,137.58,134.01,138.15,134.01,27600000.0,0.018600000000000002,0.01858295698526713,132.788,134.1515,132.5698,113.0722,0.01548278377987924,135.07,130.86,48.8372093023256,0.5715895711861094,0.3201882488694091,2023,10,Friday
2023-10-09,138.42,136.94,138.94,135.61,19280000.0,0.0060999999999999995,0.0061055385957260455,133.519,134.22650000000002,132.6866,113.3192,0.015515042054763575,137.58,134.17,50.68443804034581,0.8835202827329738,0.43285465564212205,2023,10,Monday
2023-10-10,138.06,138.5,139.72,137.33,27790000.0,-0.0026,-0.002600780234070066,134.468,134.3625,132.7934,113.5616,0.015271969506832255,138.42,132.43,59.06801007556673,1.0891238854237315,0.564108501598444,2023,10,Tuesday
2023-10-11,140.55,138.58,141.11,138.58,25880000.0,0.018000000000000002,0.018035636679704536,135.469,134.55450000000002,132.9734,113.82555,0.015616456265734217,138.06,135.24,71.96870925684489,1.4364301395498558,0.7385728291887264,2023,10,Wednesday
2023-10-12,138.97,141.05,141.22,138.26,24770000.0,-0.011200000000000002,-0.011241551049448684,136.135,134.598,133.18519999999998,114.07424999999999,0.01572460426272522,140.55,135.07,67.86885245901638,1.5661267188276042,0.9040836071165019,2023,10,Thursday
2023-10-13,137.36,139.38,140.0,136.62,23440000.0,-0.0116,-0.011585234223213559,136.785,134.596,133.3634,114.3241,0.01591098537699826,138.97,137.58,62.425447316103394,1.521460201522956,1.0275589259977929,2023,10,Friday
2023-10-16,139.1,138.17,139.63,137.99,28500000.0,0.0126,0.012667443214909646,137.278,134.6405,133.5832,114.58949999999999,0.016111473545370812,137.36,138.42,71.62217659137582,1.607929907890849,1.1436331223764042,2023,10,Monday
2023-10-17,139.72,138.63,139.9,137.18,23520000.0,0.0045000000000000005,0.0044572250179726325,138.007,134.7245,133.747,114.84585000000001,0.016130539630351187,139.1,138.06,69.9565217391305,1.7068115307387188,1.2562688040488672,2023,10,Tuesday
2023-10-18,137.96,139.45,140.72,137.38,23370000.0,-0.0126,-0.012596621815058606,138.279,134.9355,133.8782,115.09450000000001,0.01466782837424391,139.72,140.55,62.28795128316665,1.6244331836168158,1.329901679962457,2023,10,Wednesday
2023-10-19,137.75,138.5,139.66,137.38,26070000.0,-0.0015,-0.0015221803421282543,138.547,135.30100000000002,134.04,115.33765,0.013333219889145547,137.96,138.97,65.83908045977012,1.5246275477393567,1.368846853517837,2023,10,Thursday
2023-10-20,135.6,137.33,137.87,135.08,26340000.0,-0.015600000000000001,-0.015607985480943776,138.349,135.56850000000003,134.15820000000002,115.57525000000001,0.01393376424664754,137.75,137.36,53.47255949490046,1.2575476045562652,1.3465870037255228,2023,10,Friday
2023-10-23,136.5,135.04,137.66,133.95,26320000.0,0.0066,0.006637168141592875,138.157,135.83800000000002,134.297,115.82675,0.013934351944540664,135.6,139.1,60.30379746835441,1.1057607817825499,1.2984217593369283,2023,10,Monday
2023-10-24,138.81,137.83,139.36,137.42,44810000.0,0.0169,0.01692307692307704,138.23200000000003,136.35,134.4466,116.08409999999999,0.013340299060983144,136.5,139.72,59.27272727272725,1.1585117236916744,1.2704397522078774,2023,10,Tuesday
2023-10-25,125.61,128.16,128.31,125.07,84370000.0,-0.0951,-0.09509401339961099,136.738,136.1035,134.3632,116.27205,0.025594191095991276,138.81,137.96,35.34696406443618,0.13364694343593442,1.043081190453489,2023,10,Wednesday
2023-10-26,122.28,123.27,124.33,121.27,57060000.0,-0.0265,-0.02651062813470262,135.069,135.602,134.2348,116.44135,0.02591163636659251,125.61,137.75,26.88821752265858,-0.9364738609631331,0.6471701801701646,2023,10,Thursday
2023-10-27,122.17,122.88,123.31,120.21,44570000.0,-0.0009,-0.0008995747464835002,133.55,135.1675,134.0798,116.59460000000001,0.025858871044078528,122.28,135.6,24.89959839357431,-1.7729904585867189,0.16313805241878787,2023,10,Friday
2023-10-30,124.46,123.21,125.4,122.75,28940000.0,0.0187,0.018744372595563386,132.086,134.682,134.0198,116.76125,0.025519619234151955,122.17,136.5,30.17492711370261,-2.2254978731512267,-0.31458913269521505,2023,10,Monday
2023-10-31,124.08,125.06,125.37,122.68,26290000.0,-0.0031,-0.0030531897798489194,130.522,134.2645,133.934,116.92105000000001,0.02542059051893028,124.46,138.81,24.417520969245075,-2.5849780654949086,-0.7686669192551538,2023,10,Tuesday
2023-11-01,126.45,124.07,126.49,123.71,30080000.0,0.0191,0.01910058027079309,129.371,133.825,133.88139999999999,117.09684999999999,0.02531889497008119,124.08,125.61,31.01879927228623,-2.6481038222827635,-1.1445542998606757,2023,11,Wednesday
2023-11-02,127.49,128.42,128.98,126.93,27120000.0,0.008199999999999999,0.008224594701462973,128.345,133.446,133.78379999999999,117.27870000000001,0.02544242069691468,126.45,122.28,34.77321814254856,-2.5844205397401367,-1.432527547836568,2023,11,Thursday
2023-11-03,129.1,128.02,129.52,127.86,26390000.0,0.0126,0.012628441446387972,127.69499999999998,133.022,133.77020000000002,117.45894999999999,0.025215795184960723,127.49,122.17,34.51053283767038,-2.3766410956997106,-1.6213502574091967,2023,11,Friday
2023-11-06,130.25,129.05,130.34,128.67,19050000.0,0.0089,0.008907823392718894,127.06999999999998,132.6135,133.7776,117.62010000000001,0.025275945401146565,129.1,124.46,35.568424260896066,-2.0950288122412815,-1.7160859683756138,2023,11,Monday
2023-11-07,130.97,130.71,131.91,129.88,29760000.0,0.0055000000000000005,0.005527831094049862,126.28599999999999,132.25900000000001,133.7768,117.77600000000001,0.025343214414631728,130.25,124.08,38.99905571293672,-1.7930815381671152,-1.731485082333914,2023,11,Tuesday
2023-11-08,131.84,130.97,132.21,130.78,26430000.0,0.0066,0.006642742612812169,126.90900000000002,131.8235,133.7222,117.9467,0.02498730613728629,130.97,126.45,40.88806660499538,-1.4666774739988,-1.6785235606668913,2023,11,Wednesday
2023-11-09,130.24,131.96,132.55,130.07,23750000.0,-0.0121,-0.012135922330097082,127.70500000000001,131.387,133.6094,118.12180000000001,0.025003848141733506,131.84,127.49,41.5934755332497,-1.3218688485222287,-1.6071926182379588,2023,11,Thursday
2023-11-10,132.59,130.1,132.8,129.41,26930000.0,0.018000000000000002,0.018043611793611802,128.747,131.14849999999998,133.53779999999998,118.29714999999999,0.025339355838088485,130.24,129.1,44.13441344134414,-1.005886377296747,-1.4869313700497166,2023,11,Friday
2023-11-13,132.09,131.78,132.59,131.25,18320000.0,-0.0038,-0.003771023455765854,129.51,130.798,133.4664,118.46074999999999,0.025123159067822955,132.59,130.25,39.34010152284263,-0.7867447103560323,-1.3468940381109797,2023,11,Monday
2023-11-14,133.62,134.19,135.7,133.32,32400000.0,0.0116,0.01158301158301156,130.464,130.493,133.42340000000002,118.64415000000001,0.025273626599636806,132.09,130.97,70.17632241813605,-0.4840354874212096,-1.1743223279730257,2023,11,Tuesday
2023-11-15,134.62,134.87,135.03,133.57,23860000.0,0.0075,0.007483909594372173,131.281,130.326,133.4266,118.82305000000001,0.025225617813564877,133.62,131.84,85.21689497716899,-0.1615819881141931,-0.9717742600012593,2023,11,Wednesday
2023-11-16,136.93,135.19,137.22,134.32,28010000.0,0.0172,0.01715941167731394,132.225,130.285,133.46,119.00555,0.025545505851542742,134.62,130.24,87.42393509127794,0.27716741434133496,-0.7219859251327405,2023,11,Thursday
2023-11-17,135.31,136.0,136.06,133.65,37290000.0,-0.0118,-0.011830862484481175,132.846,130.2705,133.4386,119.1434,0.025437570111122916,136.93,132.59,78.47769028871394,0.4885275739365227,-0.4798832253188879,2023,11,Friday
2023-11-20,136.25,133.69,136.66,133.62,27850000.0,0.0069,0.006947010568324474,133.446,130.25799999999998,133.42520000000002,119.30075000000001,0.025441780867530017,135.31,132.09,81.03008669046406,0.7235416297567951,-0.23919825430375127,2023,11,Monday
2023-11-21,136.97,136.29,137.18,135.96,22640000.0,0.0053,0.005284403669724824,134.046,130.166,133.45780000000002,119.47109999999999,0.025171558702350154,136.25,133.62,79.28730512249443,0.9568598600461087,1.3368566220695044e-05,2023,11,Tuesday
2023-11-22,138.49,137.47,139.42,137.47,17820000.0,0.0111,0.011097320581149317,134.71099999999998,130.81,133.4934,119.62535,0.011764148468428177,136.97,134.62,79.82646420824297,1.250008218705318,0.2500123385940402,2023,11,Wednesday
2023-11-24,136.69,138.03,138.13,135.99,12510000.0,-0.013000000000000001,-0.012997328326955104,135.356,131.53050000000002,133.4652,119.81195,0.010137161062940516,138.49,136.93,70.37037037037035,1.3218480071852525,0.4643794723122827,2023,11,Friday
2023-11-27,136.41,136.03,138.42,136.0,23440000.0,-0.002,-0.002048430755724695,135.738,132.2425,133.44539999999998,120.01895,0.010179302082474416,136.69,135.31,67.3423423423423,1.3407327644594602,0.6396501307417182,2023,11,Monday
2023-11-28,137.2,136.08,137.25,135.42,18730000.0,0.0058,0.005791364269481569,136.249,132.8795,133.42520000000002,120.2321,0.009698129677270078,136.41,136.25,67.4705552439708,1.4032694516177742,0.7923739949169295,2023,11,Tuesday
2023-11-29,134.99,137.57,138.29,134.84,23970000.0,-0.0161,-0.016107871720116518,136.386,133.425,133.3642,120.43400000000001,0.010655714964542597,137.2,136.97,58.21596244131457,1.2599774606264873,0.8858946880588411,2023,11,Wednesday
2023-11-30,132.53,135.05,135.55,131.28,38990000.0,-0.0182,-0.01822357211645309,136.177,133.729,133.34,120.62325000000001,0.011178429759368362,134.99,138.49,55.71642536195704,0.9371136219794778,0.8961384748429685,2023,11,Thursday
2023-12-01,131.86,131.86,132.11,130.66,31440000.0,-0.0051,-0.005055459141326435,135.67000000000002,133.9475,133.3684,120.79785,0.0112092600572098,132.53,136.69,48.01089918256133,0.620030972076762,0.8409169742897272,2023,12,Friday
2023-12-04,129.27,129.88,130.03,127.9,36670000.0,-0.0196,-0.019642044592749874,135.066,133.956,133.3488,120.96665000000002,0.011863866209854414,131.86,136.41,43.1017612524462,0.15792882788429097,0.70431934500864,2023,12,Monday
2023-12-05,130.99,128.95,132.14,128.25,27380000.0,0.013300000000000001,0.013305484644542398,134.54000000000002,133.993,133.3464,121.14985,0.012073953597505682,129.27,137.2,43.62578768783327,-0.06870879309707334,0.5497137173874974,2023,12,Tuesday
2023-12-06,130.02,131.44,131.84,129.88,23580000.0,-0.0074,-0.007405145430948945,133.845,133.94549999999998,133.3754,121.34100000000001,0.012128403613225834,130.99,134.99,38.8349514563107,-0.3228697919503247,0.375197015519933,2023,12,Wednesday
2023-12-07,136.93,135.04,138.56,134.7,56770000.0,0.053099999999999994,0.05314566989693881,133.68900000000002,134.2,133.5032,121.56739999999999,0.017005287534617223,130.02,132.53,50.0,0.0329057193977178,0.30673875629548997,2023,12,Thursday
2023-12-08,134.99,134.2,136.4,134.02,32259999.999999996,-0.014199999999999999,-0.014167822975242772,133.519,134.4375,133.5568,121.78790000000001,0.017100185816012258,136.93,131.86,49.373040752351116,0.15651438818153451,0.2766938826726989,2023,12,Friday
2023-12-11,133.29,132.38,133.34,131.36,31140000.0,-0.0126,-0.012593525446329523,133.20700000000002,134.47250000000003,133.6054,122.00869999999999,0.01695231348962327,134.99,129.27,44.3683409436834,0.11596261143745323,0.24454762842564975,2023,12,Monday
2023-12-12,132.52,131.81,133.0,131.26,29030000.0,-0.0058,-0.005776877485182519,132.739,134.494,133.5724,122.22194999999999,0.016984178086197534,133.29,130.99,41.54956323585266,0.021445263715605734,0.19992715548364096,2023,12,Tuesday
2023-12-13,132.57,133.38,133.5,131.57,30100000.0,0.0004,0.00037730153939019573,132.497,134.44150000000002,133.5752,122.43449999999999,0.016775840213460215,132.52,130.02,38.09332260659689,-0.048862575823932275,0.15016920922212634,2023,12,Wednesday
2023-12-14,131.94,133.38,133.72,129.68,38720000.0,-0.0048,-0.004752206381534285,132.43800000000002,134.3075,133.5092,122.64240000000001,0.01670140762099345,132.57,136.93,39.97467285774585,-0.15364663727714856,0.08940603992227138,2023,12,Thursday
2023-12-15,132.6,131.62,133.51,131.18,50850000.0,0.005,0.005002273760800424,132.512,134.091,133.4598,122.84540000000001,0.016224938808223215,131.94,134.99,42.08558371416699,-0.18134188044103894,0.03525645584960931,2023,12,Friday
2023-12-18,135.8,132.63,137.15,132.43,32259999.999999996,0.0241,0.024132730015083093,133.16500000000002,134.1155,133.4242,123.05615,0.01699242508327171,132.6,133.29,47.356495468277984,0.05429679662930198,0.03906452400554784,2023,12,Monday
2023-12-19,136.65,136.84,137.47,136.08,25480000.0,0.0063,0.006259204712812938,133.731,134.1355,133.3888,123.26375,0.01697898849922432,135.8,132.52,53.30414012738853,0.3061014946572982,0.09247191813589792,2023,12,Tuesday
2023-12-20,138.34,138.97,141.7,138.07,49110000.0,0.0124,0.012367361873399263,134.56300000000002,134.204,133.39440000000002,123.48615,0.017161721121845847,136.65,132.57,61.93018480492816,0.6347108564210373,0.20091970579292578,2023,12,Wednesday
2023-12-21,140.42,139.49,140.68,139.18,27490000.0,0.015,0.01503541997975999,134.91199999999998,134.3005,133.3918,123.71699999999998,0.017310024414099942,138.34,131.94,66.61490683229812,1.0508610873593511,0.3709079821062109,2023,12,Thursday
2023-12-22,141.49,140.77,141.99,140.71,26530000.0,0.0076,0.007619997151403046,135.56199999999998,134.5405,133.4422,123.96285,0.01705511403694545,140.42,132.6,75.20627062706272,1.4502852160163116,0.586783428888231,2023,12,Friday
2023-12-26,141.52,141.59,142.68,141.19,16780000.0,0.0002,0.00021202911866557983,136.385,134.796,133.5254,124.21730000000001,0.017035306125684012,141.49,135.8,73.34811529933484,1.749090043698942,0.8192447518503732,2023,12,Tuesday
2023-12-27,140.37,141.59,142.08,139.89,19630000.0,-0.008100000000000001,-0.008126059920859241,137.17000000000002,134.9545,133.5508,124.4636,0.017155093331731635,141.52,136.65,72.76726792784865,1.871525848365394,1.0297009711533773,2023,12,Wednesday
2023-12-28,140.23,140.78,141.14,139.75,16050000.0,-0.001,-0.0009973641091401975,137.936,135.2165,133.561,124.6949,0.016675018886078388,140.37,138.34,60.3383458646616,1.9349553152879366,1.2107518399802892,2023,12,Thursday
2023-12-29,139.69,139.63,140.36,138.78,18730000.0,-0.0039000000000000003,-0.0038508165157241647,138.711,135.5745,133.5956,124.91279999999999,0.016054099537615406,140.23,140.42,66.14010989010984,1.9195230706798156,1.3525060861201945,2023,12,Friday
2024-01-02,138.17,138.55,139.45,136.48,23710000.0,-0.0109,-0.010881237024840784,139.268,135.89000000000001,133.60399999999998,125.10205,0.01625486015275117,139.69,141.49,66.96801112656466,1.7643038127027353,1.4348656314367028,2024,1,Tuesday
2024-01-03,138.92,137.25,139.63,137.08,24210000.0,0.0054,0.0054280958239849575,139.57999999999998,136.3725,133.6704,125.28855,0.01540490579789778,138.17,141.52,72.284122562674,1.682416316422092,1.4843757684337806,2024,1,Wednesday
2024-01-04,136.39,138.42,139.16,136.35,27140000.0,-0.0182,-0.018211920529801362,139.554,136.64249999999998,133.66819999999998,125.46440000000001,0.015973934712347846,138.92,140.37,61.34204275534438,1.3972632487786143,1.4669532645027474,2024,1,Thursday
2024-01-05,135.73,136.74,137.16,135.15,22510000.0,-0.0048,-0.00483906444754012,139.29299999999998,136.928,133.6066,125.61845000000001,0.015903374558005487,136.39,140.23,61.2329579134558,1.1052799251402234,1.3946185966302427,2024,1,Friday
2024-01-08,138.84,136.29,139.01,136.26,21400000.0,0.0229,0.022913136373683196,139.13500000000002,137.0235,133.8712,125.7958,0.011692290055793688,135.73,139.69,66.14906832298135,1.11201344735926,1.3380975667760462,2024,1,Monday
2024-01-09,140.95,138.5,141.49,138.15,24760000.0,0.0152,0.015197349467012344,139.081,137.3215,134.2446,125.97255,0.011562438466156197,138.84,138.17,64.12506856829394,1.2729355693558375,1.3250651672920044,2024,1,Tuesday
2024-01-10,142.28,141.0,143.0,140.91,21320000.0,0.009399999999999999,0.00943597020219955,139.157,137.77100000000002,134.6468,126.15675000000002,0.01111712589497491,140.95,138.92,65.04543025120253,1.4906046328077878,1.3581730603951612,2024,1,Wednesday
2024-01-11,142.08,143.49,145.22,140.63,24010000.0,-0.0014000000000000002,-0.0014056789429293115,139.328,138.249,134.9992,126.35484999999998,0.010970724785234321,142.28,136.39,60.85946573751453,1.6282017094974037,1.4121787902156098,2024,1,Thursday
2024-01-12,142.65,142.67,143.2,141.82,18790000.0,0.004,0.004011824324324342,139.57,138.753,135.3706,126.56295,0.01094555031570968,142.08,135.73,57.09739019732658,1.7629207671944016,1.4823271856113682,2024,1,Friday
2024-01-16,142.49,142.0,144.35,141.45,22670000.0,-0.0011,-0.0011216263582194408,139.85,139.2805,135.6914,126.76844999999999,0.010826977839846702,142.65,138.84,53.37837837837837,1.8356160885559518,1.552984966200285,2024,1,Tuesday
2024-01-17,141.47,141.35,141.84,138.9,20970000.0,-0.0072,-0.0071583970804969255,140.18,139.724,135.971,126.97135,0.011100368520803075,142.49,140.95,49.84167194426849,1.7902848891832832,1.6004449507968848,2024,1,Wednesday
2024-01-18,143.48,142.05,144.21,141.99,25750000.0,0.014199999999999999,0.014207959284654015,140.636,140.108,136.2586,127.1701,0.01031407348009542,141.47,142.28,59.3393393393393,1.894708765581555,1.659297713753819,2024,1,Thursday
2024-01-19,146.38,144.74,146.45,144.38,34270000.0,0.0202,0.020211876219682123,141.63500000000002,140.59449999999998,136.5812,127.3802,0.011008516812772899,143.48,142.08,65.84234930448224,2.1862692526106287,1.764692021525181,2024,1,Friday
2024-01-22,145.99,147.1,148.39,145.84,32200000.000000004,-0.0027,-0.002664298401420906,142.661,140.977,136.8816,127.58655,0.010883850350505512,146.38,142.65,66.35514018691592,2.3586739731876776,1.8834884118576802,2024,1,Monday
2024-01-23,147.04,145.89,147.18,145.5,21640000.0,0.0072,0.0071922734433864655,143.481,141.308,137.18560000000002,127.79939999999999,0.010554235264791982,145.99,142.49,73.60298030867489,2.5506301049994704,2.0169167504860384,2024,1,Tuesday
2024-01-24,148.7,148.54,149.85,148.1,25230000.0,0.0113,0.011289445048966229,144.25600000000003,141.6685,137.5548,128.0008,0.010681635637233313,147.04,141.47,74.82233502538077,2.8043777284417786,2.1744089460771865,2024,1,Wednesday
2024-01-25,151.87,150.07,153.05,149.54,29150000.0,0.0213,0.021318090114324173,145.215,142.186,137.9404,128.22795,0.011453984791223434,148.7,143.48,88.05309734513284,3.2241016188487777,2.384347480631505,2024,1,Thursday
2024-01-26,152.18,151.1,152.54,151.01,26120000.0,0.0021,0.0020412194640153647,146.225,142.7765,138.34220000000002,128.4621,0.011127239001604866,151.87,146.38,91.14557278639327,3.540932568667955,2.615664498238795,2024,1,Friday
2024-01-29,153.51,152.06,153.78,151.43,27780000.0,0.0087,0.00873965041398339,147.31099999999998,143.4405,138.74,128.70645000000002,0.011105196761118324,152.18,145.99,90.28006589785839,3.854906303498751,2.863512859290786,2024,1,Monday
2024-01-30,151.46,152.8,153.62,151.18,36330000.0,-0.0134,-0.01335417888085455,148.208,144.029,139.0768,128.9266,0.011674227486773126,153.51,147.04,78.95316804407727,3.8934338016881327,3.0694970477702554,2024,1,Tuesday
2024-01-31,140.1,143.62,144.0,139.87,71910000.0,-0.075,-0.07500330120163745,148.071,144.12550000000002,139.1402,129.08275,0.02105009614684009,151.46,148.7,46.132008516678475,2.973038721332955,3.0502053824827953,2024,1,Wednesday
2024-02-01,141.16,142.12,143.06,140.79,40470000.0,0.0076,0.007566024268379712,147.839,144.2375,139.25719999999998,129.25869999999998,0.02107964753450212,140.1,151.87,48.41597796143248,2.3026090860537067,2.900686123196978,2024,2,Thursday
2024-02-02,142.38,139.26,142.62,136.5,62500000.0,0.0086,0.0086426749787476,147.439,144.537,139.3798,129.44809999999998,0.020640978102095253,141.16,152.18,49.54530144829907,1.848425080224672,2.6902339146025165,2024,2,Friday
2024-02-05,143.68,142.82,145.47,142.78,38510000.0,0.0091,0.009130495856159548,147.208,144.9345,139.514,129.6456,0.02062085805789912,142.38,153.51,51.929938371715856,1.5752219408403505,2.4672315198500834,2024,2,Monday
2024-02-06,144.1,144.65,145.36,143.19,29130000.0,0.0029,0.002923162583518879,146.914,145.1975,139.62619999999998,129.83965,0.02008540806883465,143.68,151.46,54.34998346013893,1.3767269234783726,2.249130600575741,2024,2,Tuesday
2024-02-07,145.54,144.76,145.62,143.93,25210000.0,0.01,0.009993060374739793,146.598,145.427,139.8032,130.0403,0.01993943233039677,144.1,140.1,53.472690492245455,1.3203934833973108,2.0633831771400555,2024,2,Wednesday
2024-02-08,145.91,145.83,146.33,145.1,22560000.0,0.0025,0.0025422564243506862,146.002,145.6085,139.9932,130.24,0.019859907275185048,145.54,141.16,49.13380022115739,1.2907260476255544,1.9088517512371554,2024,2,Thursday
2024-02-09,149.0,146.68,149.44,146.18,26830000.0,0.0212,0.02117743814680284,145.684,145.9545,140.2292,130.46574999999999,0.020325234417331507,145.91,142.38,55.045256453234984,1.499268927888437,1.826935186567412,2024,2,Friday
2024-02-12,147.53,148.42,149.34,147.37,21560000.0,-0.009899999999999999,-0.009865771812080482,145.08599999999998,146.1985,140.48,130.68485,0.020509977700085506,149.0,143.68,50.80991735537191,1.52830658133783,1.7672094655214958,2024,2,Monday
2024-02-13,145.14,144.92,146.67,143.69,27840000.0,-0.016200000000000003,-0.01620009489595342,144.454,146.331,140.7322,130.8726,0.020899950002173037,147.53,144.1,44.25435765009684,1.342985009751601,1.6823645743675169,2024,2,Tuesday
2024-02-14,145.94,146.08,146.52,144.09,22700000.0,0.0055000000000000005,0.005511919525974962,145.038,146.5545,141.0138,131.0656,0.020827187382087102,145.14,145.54,39.63649073750436,1.2463030375999722,1.595152267014008,2024,2,Wednesday
2024-02-15,142.77,143.14,143.52,140.46,37590000.0,-0.0217,-0.021721255310401477,145.199,146.51899999999998,141.28379999999999,131.24345,0.02124326941916009,145.94,145.91,35.049253257070234,0.9034746772236133,1.4568167490559292,2024,2,Thursday
2024-02-16,140.52,142.99,143.19,140.14,31470000.0,-0.0158,-0.015759613364152103,145.013,146.226,141.4744,131.41944999999998,0.02096048596589471,142.77,149.0,29.94751466502011,0.4450937717752197,1.2544721535997874,2024,2,Friday
2024-02-20,141.12,139.65,142.08,139.49,24940000.0,0.0043,0.004269854824935804,144.757,145.98250000000002,141.69639999999998,131.59799999999998,0.02100317862291104,140.52,147.53,33.29023917259212,0.12875438691651198,1.0293286002631323,2024,2,Tuesday
2024-02-21,142.55,141.45,142.69,140.68,23320000.0,0.0101,0.010133219954648665,144.602,145.75799999999998,141.80880000000002,131.7873,0.02107724267609594,141.12,145.14,55.83055687767733,-0.006483072866416251,0.8221662656372227,2024,2,Wednesday
2024-02-22,144.09,144.93,145.0,142.8,27190000.0,0.0108,0.010803226937916355,144.45700000000002,145.5275,141.9908,131.9799,0.021062194555204288,142.55,145.94,56.81712424383436,0.010484536396120347,0.6598299197890023,2024,2,Thursday
2024-02-23,143.96,143.67,144.68,143.43,19490000.0,-0.0009,-0.0009022138940939506,144.262,145.132,142.20420000000001,132.16085,0.02037817093750894,144.09,142.77,53.87254901960787,0.013288395090171434,0.5305216148492361,2024,2,Friday
2024-02-26,137.57,142.14,142.44,137.39,53640000.0,-0.0444,-0.044387329813837306,143.119,144.4015,142.3052,132.31195000000002,0.022383467535519383,143.96,140.52,38.0149078069831,-0.49440987396823743,0.32553531708574146,2024,2,Monday
2024-02-27,138.88,138.02,139.25,137.09,33100000.0,0.0095,0.009522424947299601,142.254,143.67000000000002,142.4314,132.4476,0.02240903614694429,137.57,141.12,40.10614101592116,-0.7820434480286167,0.10401956406286983,2024,2,Tuesday
2024-02-28,136.38,137.9,138.01,135.41,37330000.0,-0.018000000000000002,-0.018001152073732762,141.378,142.916,142.52020000000002,132.54665,0.022526738220120992,138.88,142.55,33.30903790087466,-1.1979154112037804,-0.15636743099046022,2024,2,Wednesday
2024-02-29,138.46,137.28,138.86,136.4,42130000.0,0.015300000000000001,0.015251503152954982,140.63000000000002,142.834,142.63739999999999,132.6514,0.01579574340286898,136.38,144.09,37.22126929674103,-1.344163639774564,-0.393926672747281,2024,2,Thursday
2024-03-01,137.14,138.43,138.87,136.92,31150000.0,-0.0095,-0.009533439260436372,140.06699999999998,142.63299999999998,142.6642,132.75455,0.015800740080871217,138.46,143.96,28.34185536888242,-1.5487266263781692,-0.6248866634734587,2024,3,Friday
2024-03-04,133.35,135.66,135.66,131.91,56000000.0,-0.0276,-0.027635992416508603,139.35,142.18149999999997,142.5982,132.82375,0.016655678999067954,137.14,137.57,26.12794612794616,-1.9936836486302525,-0.8986460605048174,2024,3,Monday
2024-03-05,132.67,131.88,133.24,130.66,40190000.0,-0.0051,-0.00509936257967758,138.505,141.631,142.4848,132.88289999999998,0.016406103442727738,133.35,138.88,27.724187209717797,-2.373821672917444,-1.1936811829873428,2024,3,Tuesday
2024-03-06,131.4,133.12,133.58,130.85,35320000.0,-0.0096,-0.009572623803421942,137.39000000000001,140.996,142.3044,132.92575,0.01637253335998028,132.67,136.38,24.455375966268477,-2.7459090517986624,-1.5041267567496068,2024,3,Wednesday
2024-03-07,134.38,132.79,134.94,131.61,37740000.0,0.0227,0.02267884322678837,136.419,140.43800000000002,142.16219999999998,132.98385,0.017187915043959473,131.4,138.46,35.16094800141491,-2.768417293921601,-1.7569848641840058,2024,3,Thursday
2024-03-08,135.41,134.21,138.09,134.0,39370000.0,0.0077,0.00766483107605298,135.564,139.91299999999998,142.04,133.03565,0.017325633406841054,134.38,137.14,40.55452865064692,-2.672337799357848,-1.9400554512187744,2024,3,Friday
2024-03-11,137.67,136.13,139.1,136.13,32439999.999999996,0.0167,0.016690052433350422,135.574,139.3465,141.986,133.1112,0.0170143622070445,135.41,133.35,43.99164054336465,-2.3863229497781617,-2.029308950930652,2024,3,Monday
2024-03-12,138.5,137.03,139.38,137.03,27560000.0,0.006,0.006028909711629282,135.536,138.895,141.9514,133.1992,0.017087556082046883,137.67,132.67,42.79615795090714,-2.068831851676947,-2.037213531079911,2024,3,Tuesday
2024-03-13,139.79,139.0,141.09,138.99,23350000.0,0.009300000000000001,0.009314079422382715,135.877,138.6275,141.9534,133.28075,0.01700342269914403,138.5,131.4,42.28284278535533,-1.6936028505813567,-1.9684913949802003,2024,3,Wednesday
2024-03-14,143.1,141.19,143.59,140.46,42750000.0,0.023700000000000002,0.023678374704914518,136.34099999999998,138.4855,142.05200000000002,133.3732,0.017873991982349968,139.79,134.38,48.61469072164946,-1.1162741135340468,-1.7980479386909698,2024,3,Thursday
2024-03-15,141.18,142.5,143.18,140.03,49480000.0,-0.0134,-0.013417190775681265,136.745,138.406,142.09720000000002,133.46075,0.01745466096338769,143.1,135.41,56.79337598795636,-0.804392349596327,-1.5993168208720412,2024,3,Friday
2024-03-18,147.68,148.61,152.15,147.17,69270000.0,0.046,0.046040515653775316,138.178,138.764,142.32299999999998,133.5848,0.019894683775979142,141.18,137.67,63.85390428211589,-0.032355157342038865,-1.2859244881660408,2024,3,Monday
2024-03-19,147.03,148.16,148.79,146.08,24070000.0,-0.0044,-0.004401408450704247,139.614,139.05949999999999,142.549,133.70135,0.019952530335230492,147.68,138.5,67.8034102306921,0.5210341546217876,-0.9245327596084751,2024,3,Tuesday
2024-03-20,148.74,148.0,148.86,146.74,21310000.0,0.0116,0.011630279534788901,141.348,139.369,142.747,133.8217,0.01998646905959836,147.03,139.79,67.40013540961408,1.085073824626221,-0.5226114427615359,2024,3,Wednesday
2024-03-21,147.6,149.47,150.37,146.9,24760000.0,-0.0077,-0.007664380798709236,142.67,139.5445,142.88,133.92965,0.02000039738887026,148.74,143.1,67.81335149863762,1.4236795623832847,-0.1333532417325718,2024,3,Thursday
2024-03-22,150.77,149.12,151.58,148.98,29210000.0,0.0215,0.021476964769647777,144.206,139.885,143.0498,134.04695,0.02048530018456652,147.6,141.18,80.30619345859431,1.9256221824221598,0.2784418430983745,2024,3,Friday
2024-03-25,150.07,149.94,150.38,147.82,19230000.0,-0.0046,-0.004642833454931439,145.446,140.51000000000002,143.2096,134.1848,0.017390062529169033,150.77,147.68,80.25034770514603,2.2410972017412973,0.6709729148269591,2024,3,Monday
2024-03-26,150.67,150.22,152.26,149.98,22150000.0,0.004,0.003998134204038051,146.66299999999998,141.0995,143.37,134.32745,0.017349923533530674,150.07,147.03,84.30046279814874,2.5105879182820274,1.0388959155179727,2024,3,Tuesday
2024-03-27,150.87,151.18,151.63,148.9,22880000.0,0.0013,0.0013274042609678904,147.77100000000002,141.824,143.5376,134.47065,0.016567441724293756,150.67,148.74,82.57605689450804,2.709071095990197,1.3729309516124175,2024,3,Wednesday
2024-03-28,150.93,150.85,151.43,150.17,24490000.0,0.0004,0.00039769337840533936,148.554,142.4475,143.7268,134.6071,0.016425015837720675,150.87,147.6,81.88167625308128,2.8384915788556953,1.666043077061073,2024,3,Thursday
2024-04-01,155.49,150.69,155.74,150.61,31730000.0,0.0302,0.030212681375472172,149.98499999999999,143.365,143.96699999999998,134.7654,0.017037415150041913,150.93,150.77,83.4459459459459,3.271302594447093,1.9870949805382772,2024,4,Monday
2024-04-02,154.56,153.5,154.7,152.15,24590000.0,-0.006,-0.005981092031641988,150.673,144.4255,144.13060000000002,134.91985,0.015364117630626478,155.49,150.07,80.02991772625273,3.4989317081503657,2.289462326060695,2024,4,Tuesday
2024-04-03,154.92,153.6,155.08,152.73,24700000.0,0.0023,0.0023291925465838137,151.462,145.538,144.3092,135.069,0.015131064088814818,154.56,150.67,79.31034482758614,3.6661176894489245,2.564793398738341,2024,4,Wednesday
2024-04-04,150.53,153.5,154.77,150.45,34720000.0,-0.028300000000000002,-0.028337206300025786,151.641,146.4945,144.379,135.204,0.016764424991859383,154.92,150.87,63.815544812197835,3.405125307965477,2.732859780583768,2024,4,Thursday
2024-04-05,152.5,150.03,153.42,149.6,23460000.0,0.0131,0.013087092273965206,152.131,147.4005,144.455,135.351,0.016424569432621883,150.53,150.93,71.00965107646616,3.3189902477380997,2.850085874014635,2024,4,Friday
2024-04-08,154.85,152.78,155.27,152.61,20700000.0,0.0154,0.015409836065573668,152.53900000000002,148.3725,144.5146,135.5225,0.016545045491339946,152.5,155.49,65.7305835892935,3.4011466507196246,2.960298029355633,2024,4,Monday
2024-04-09,156.6,156.09,158.56,155.19,31110000.0,0.0113,0.011301259283177378,153.19199999999998,149.31900000000002,144.60299999999998,135.68975,0.016419921522610518,154.85,154.56,70.02930096274588,3.5663558365231722,3.0815095907891408,2024,4,Tuesday
2024-04-10,156.14,156.21,156.61,154.68,22840000.0,-0.0029,-0.002937420178799499,153.739,150.201,144.65560000000002,135.85875,0.01655785599352475,156.6,154.92,66.34275618374551,3.618455844357584,3.1888988415028297,2024,4,Wednesday
2024-04-11,159.41,156.91,159.68,156.46,27170000.0,0.0209,0.020942743691559018,154.593,151.182,144.8146,136.0641,0.016876250677047337,156.14,150.53,73.83932176019374,3.8788936756311614,3.326897808328496,2024,4,Thursday
2024-04-12,157.73,157.96,160.22,157.14,25350000.0,-0.0105,-0.010538862053823483,155.273,151.9135,145.16719999999998,136.2611,0.01680110124649786,159.41,152.5,64.94845360824736,3.9047193989864866,3.4424621264600943,2024,4,Friday
2024-04-15,154.86,158.86,159.24,154.59,27140000.0,-0.0182,-0.01819565079566332,155.20999999999998,152.59750000000003,145.4412,136.4345,0.017108136268811306,157.73,154.85,59.410609037328136,3.6515091321111868,3.4842715275903133,2024,4,Monday
2024-04-16,154.4,154.19,155.65,153.43,20780000.0,-0.003,-0.0029704248999096183,155.194,152.9335,145.6816,136.611,0.014138232202712417,154.86,156.6,57.36862900039514,3.374817223509581,3.462380666774167,2024,4,Tuesday
2024-04-17,155.47,155.62,157.08,154.58,21760000.0,0.0069,0.006930051813471394,155.249,153.3555,145.9174,136.78985,0.014081544233400148,154.4,156.14,58.785332314744075,3.204932483454087,3.410891030110151,2024,4,Wednesday
2024-04-18,156.01,155.34,156.94,154.62,19880000.0,0.0034999999999999996,0.003473338907827861,155.797,153.719,146.15560000000002,136.9704,0.013932372131345544,155.47,159.41,59.52738184546134,3.0783853796105802,3.344389900010237,2024,4,Thursday
2024-04-19,154.09,156.2,156.36,152.3,32619999.999999996,-0.0123,-0.012306903403627945,155.956,154.0435,146.32659999999998,137.1321,0.014147314920058053,156.01,157.73,47.08576186511239,2.7909950802504397,3.233710936058278,2024,4,Friday
2024-04-22,156.28,154.31,157.64,154.06,26450000.0,0.014199999999999999,0.014212473229930467,156.099,154.31900000000002,146.534,137.31295,0.013714288330784691,154.09,154.86,53.40189873417722,2.7087263832560495,3.1287140254978327,2024,4,Monday
2024-04-23,158.26,156.96,158.97,156.28,21150000.0,0.0127,0.012669567443050811,156.26500000000001,154.7285,146.71919999999997,137.50685,0.013826444504518863,156.28,154.4,56.20817843866173,2.7713508926393047,3.057241398926127,2024,4,Tuesday
2024-04-24,159.13,157.49,159.57,157.16,22780000.0,0.0055000000000000005,0.0054972829521040545,156.564,155.1515,146.9512,137.72025,0.01383761949615519,158.26,155.47,68.3917878528657,2.8582350422399543,3.0174401275888925,2024,4,Wednesday
2024-04-25,156.0,151.33,156.49,150.87,57110000.0,-0.0197,-0.01966945264877773,156.223,155.408,147.1684,137.91455,0.014725340088430959,159.13,156.01,57.13121434392829,2.6440475806194854,2.9427616181950116,2024,4,Thursday
2024-04-26,171.95,174.37,174.71,169.65,64670000.0,0.10220000000000001,0.1022435897435896,157.645,156.459,147.6886,138.17965,0.026845583339611744,156.0,154.09,72.41740954378606,3.718469967320061,3.0979032880200217,2024,4,Friday
2024-04-29,166.15,169.06,169.55,165.21,45610000.0,-0.0337,-0.03373073567897633,158.774,156.992,148.1562,138.3877,0.02771275980621014,171.95,156.28,61.31784783123965,4.055200099722867,3.289362650360591,2024,4,Monday
2024-04-30,162.78,165.61,168.1,162.6,33560000.0,-0.0203,-0.020282876918447212,159.61200000000002,157.403,148.60139999999998,138.5745,0.028155914369470472,166.15,158.26,57.36141906873616,4.0039749886455525,3.4322851180175835,2024,4,Tuesday
2024-05-01,163.86,164.3,167.12,163.09,33490000.000000004,0.0066,0.006634721710283786,160.451,157.85,149.05620000000002,138.77055000000001,0.028167324316356643,162.78,159.13,55.185271498485235,4.004365856164526,3.5467012656469725,2024,5,Wednesday
2024-05-02,166.62,164.79,166.73,163.89,24290000.0,0.0168,0.016843647015745145,161.512,158.6545,149.5376,138.98485,0.027305886801979668,163.86,156.0,60.10456922027738,4.17920923264046,3.67320285904567,2024,5,Thursday
2024-05-03,167.24,167.56,167.96,163.05,34660000.0,0.0037,0.003721041891729726,162.827,159.3915,150.0006,139.2109,0.02724791966309783,166.62,171.95,64.82989937709632,4.318027157427736,3.802167718722083,2024,5,Friday
2024-05-06,168.1,167.46,168.14,166.03,21870000.0,0.0051,0.00514231045204494,164.009,160.05400000000003,150.4834,139.4554,0.027137219482102386,167.24,166.15,66.25533934504035,4.44618334172057,3.9309708433217807,2024,5,Monday
2024-05-07,171.25,168.5,171.76,168.39,28040000.0,0.0187,0.0187388459250446,165.308,160.7865,151.157,139.71155000000002,0.027286612795974125,168.1,162.78,67.84260515603802,4.7472039038677,4.0942174554309645,2024,5,Tuesday
2024-05-08,169.38,169.0,170.15,168.74,19570000.0,-0.0109,-0.010919708029197062,166.33300000000003,161.4485,151.767,139.9508,0.027463865556357693,171.25,163.86,64.67618002195391,4.779773245676807,4.231328613480133,2024,5,Wednesday
2024-05-09,169.96,169.39,170.69,168.18,15350000.0,0.0034000000000000002,0.0034242531585784164,167.72899999999998,161.976,152.43859999999998,140.18955,0.02718718855321197,169.38,166.62,67.9484279574757,4.797087992157714,4.344480489215649,2024,5,Thursday
2024-05-10,168.65,168.02,169.85,166.19,29800000.0,-0.0077,-0.007707695928453773,167.399,162.522,153.0424,140.38645,0.027117273338664306,169.96,167.24,64.2741749365336,4.651484582794808,4.405881307931481,2024,5,Friday
2024-05-13,169.14,164.26,169.28,164.0,31330000.0,0.0029,0.0029054254372959942,167.698,163.236,153.6824,140.58515,0.026627118386826364,168.65,168.1,63.0019120458891,4.523487785341871,4.429402603413559,2024,5,Monday
2024-05-14,170.34,169.77,171.25,168.8,25130000.0,0.0070999999999999995,0.00709471443774401,168.454,164.033,154.4222,140.77395,0.026568724039688577,169.14,171.25,63.29143941190421,4.467382171550042,4.4369985170408555,2024,5,Tuesday
2024-05-15,172.51,170.63,172.65,170.51,26950000.0,0.0127,0.012739227427497779,169.31900000000002,164.885,155.219,140.97289999999998,0.026619812065924803,170.34,169.38,70.03154574132492,4.545619856795184,4.458722784991721,2024,5,Wednesday
2024-05-16,174.18,173.29,175.12,172.69,27870000.0,0.0097,0.00968059822618983,170.075,165.7935,156.0746,141.18605,0.026630678994542575,172.51,169.96,54.14036390642409,4.688334626069377,4.504645153207253,2024,5,Thursday
2024-05-17,176.06,174.18,176.26,173.69,24480000.0,0.0108,0.010793432081754428,170.957,166.892,156.9082,141.42445,0.026300802732708153,174.18,168.65,71.53411560191219,4.896691386884555,4.583054399942714,2024,5,Friday
2024-05-20,176.92,176.19,178.77,176.08,22550000.0,0.0049,0.004884698398273324,171.839,167.924,157.7384,141.6668,0.026248854837854857,176.06,169.14,84.48780487804875,5.072735101062989,4.6809905401667695,2024,5,Monday
2024-05-21,177.85,176.9,178.15,175.81,16990000.0,0.0053,0.005256613158489687,172.499,168.9035,158.542,141.9155,0.026209983158803574,176.92,170.34,84.37346437346434,5.227040175122312,4.790200467157878,2024,5,Tuesday
2024-05-22,176.38,176.64,177.15,175.21,17880000.0,-0.0083,-0.008265392184425124,173.19899999999998,169.76600000000002,159.2996,142.13975,0.026408339076254388,177.85,172.51,75.60335781741865,5.1711020972471715,4.866380793175737,2024,5,Wednesday
2024-05-23,173.55,177.07,178.25,172.95,21020000.0,-0.016,-0.016044903050232318,173.558,170.6435,159.9748,142.35049999999998,0.026238584548610815,176.38,174.18,64.83309826046076,4.842591043672655,4.861622843275121,2024,5,Thursday
2024-05-24,174.99,174.98,175.77,173.65,16579999.999999998,0.0083,0.008297320656871277,174.192,170.7955,160.61260000000001,142.57715,0.01321406923505017,173.55,176.06,65.76659038901605,4.644896160744793,4.818277506769056,2024,5,Friday
2024-05-28,176.4,174.45,177.27,174.37,20570000.0,0.008100000000000001,0.008057603291616644,174.91799999999998,171.30800000000002,161.317,142.81070000000003,0.010455956028425143,174.99,176.92,62.80457483838889,4.5495523503512345,4.764532475485492,2024,5,Tuesday
2024-05-29,175.9,175.43,176.84,174.72,23390000.0,-0.0028000000000000004,-0.0028344671201814275,175.474,171.964,161.88139999999999,143.0424,0.009038529963313053,176.4,177.85,67.39594450373536,4.3831199934861615,4.688249979085626,2024,5,Wednesday
2024-05-30,172.11,175.2,175.22,171.79,22960000.0,-0.0215,-0.021546333143831697,175.43400000000003,172.3765,162.383,143.2463,0.010646918111915381,175.9,176.38,54.8974943052392,3.90043800456354,4.530687584181209,2024,5,Thursday
2024-05-31,172.5,171.86,173.06,169.44,37640000.0,0.0023,0.002265992679100437,175.266,172.6705,162.8582,143.4599,0.010099115138153848,172.11,173.55,59.15359010936758,3.5089300302844038,4.326336073401848,2024,5,Friday
2024-06-03,173.17,172.54,174.52,171.16,27460000.0,0.0039000000000000003,0.003884057971014432,174.977,172.967,163.36960000000002,143.68225,0.010100826256083002,172.5,174.99,59.500235737859526,3.2156525002334035,4.1041993587681596,2024,6,Monday
2024-06-04,173.79,173.28,173.85,171.89,26880000.0,0.0036,0.003580296818155526,174.664,173.2515,163.83,143.9016,0.01007957703550436,173.17,176.4,58.36160930683471,2.998689734521264,3.8830974339187807,2024,6,Tuesday
2024-06-05,175.41,175.2,176.65,173.93,22070000.0,0.009300000000000001,0.009321595028482621,174.42000000000002,173.4595,164.3368,144.14135,0.009442233781769008,173.79,175.9,57.22111553784863,2.9237623285129644,3.6912304128376174,2024,6,Wednesday
2024-06-06,176.73,175.9,177.15,175.75,23250000.0,0.0075,0.007525226611937663,174.455,173.827,164.858,144.38315,0.009085762146965333,175.41,172.11,56.46224024328432,2.937038436870978,3.54039201764429,2024,6,Thursday
2024-06-07,174.46,177.05,177.87,174.3,19660000.0,-0.0128,-0.012844451988909489,174.546,174.052,165.3298,144.61005,0.009676218122780094,176.73,172.5,46.02385685884692,2.7328868016885224,3.3788909744531366,2024,6,Friday
2024-06-10,175.01,174.97,177.06,172.76,23780000.0,0.0032,0.0031525851197982124,174.548,174.37,165.8114,144.82325,0.009442952293424851,174.46,173.17,45.179202423018666,2.585669574104685,3.2202466943834467,2024,6,Monday
2024-06-11,176.62,176.22,176.84,173.77,21540000.0,0.0092,0.00919947431575352,174.57,174.744,166.234,145.05745,0.009582244623256032,175.01,173.79,46.998535871156676,2.5692951698825652,3.0900563894832707,2024,6,Tuesday
2024-06-12,177.79,178.25,180.41,176.11,27860000.0,0.0066,0.00662439134865811,174.759,175.1165,166.6986,145.297,0.009570195193332477,176.62,175.41,53.49182763744429,2.6205198370033145,2.99614907898728,2024,6,Wednesday
2024-06-13,175.16,176.11,176.74,174.88,20910000.0,-0.0148,-0.014792732999606262,175.06400000000002,175.24899999999997,167.1034,145.51775,0.009945142261228286,177.79,176.73,54.02701350675335,2.4209890794824958,2.881117079086323,2024,6,Thursday
2024-06-14,176.79,174.22,177.06,174.15,18060000.0,0.009300000000000001,0.009305777574788676,175.493,175.3795,167.6286,145.72885,0.009927884101129138,175.16,174.46,54.45986124876113,2.3671004337954287,2.7783137500281443,2024,6,Friday
2024-06-17,177.24,175.46,178.36,174.81,19620000.0,0.0025,0.002545392838961602,175.9,175.4385,168.1234,145.93565,0.00965816577882407,176.79,175.01,52.18522372528617,2.3338019172736892,2.6894113834772537,2024,6,Monday
2024-06-18,175.09,177.14,177.38,174.1,21870000.0,-0.0121,-0.012130444594899648,176.03,175.347,168.5282,146.13025000000002,0.00998425061242571,177.24,176.62,48.05941542884523,2.1096073311980206,2.573450573021407,2024,6,Tuesday
2024-06-20,176.3,175.37,177.29,174.99,20160000.0,0.0069,0.006910731623736455,176.119,175.2695,168.9222,146.33345,0.010040893371500865,175.09,177.79,61.45434663750685,2.006439409558112,2.460048340328748,2024,6,Thursday
2024-06-21,179.63,177.0,180.85,176.61,58580000.0,0.0189,0.0188882586500283,176.409,175.432,169.392,146.55275,0.010731907283408164,176.3,175.16,66.79227508243054,2.1683854605860233,2.401715764380203,2024,6,Friday
2024-06-24,179.22,180.16,180.89,178.67,18300000.0,-0.0023,-0.0022824695206813406,176.885,175.71550000000002,169.7882,146.77655000000001,0.00999987343408703,179.63,176.79,64.42536957558421,2.2378487716696043,2.3689423658380835,2024,6,Monday
2024-06-25,184.03,179.62,184.29,179.42,23240000.0,0.0268,0.026838522486329675,177.78699999999998,176.1675,170.31419999999997,147.0204,0.011408217084730386,179.22,177.24,70.34976152623216,2.650472747342832,2.4252484421390332,2024,6,Tuesday
2024-06-26,183.88,182.63,184.51,182.48,19840000.0,-0.0008,-0.0008150844970928883,178.513,176.54149999999998,170.89460000000003,147.25789999999998,0.01135653853683697,184.03,175.09,67.87674124103,2.931583010364932,2.526515355784213,2024,6,Wednesday
2024-06-27,185.41,184.18,186.05,184.02,18850000.0,0.0083,0.008320643898194424,179.275,177.017,171.5148,147.50035,0.011373296749244307,183.88,176.3,68.15899581589962,3.2404690225860975,2.66930608914459,2024,6,Thursday
2024-06-28,182.15,184.32,185.13,181.96,29160000.0,-0.0176,-0.017582654657246066,179.974,177.519,172.04840000000002,147.7344,0.010955462043503988,185.41,179.63,65.44797107271998,3.1854883310489868,2.7725425375254695,2024,6,Friday
2024-07-01,182.99,183.03,183.88,181.3,16010000.000000002,0.0046,0.004611583859456481,180.594,178.0435,172.588,147.9658,0.010960919091551285,182.15,179.22,65.84590945194603,3.173118976356932,2.8526578252917623,2024,7,Monday
2024-07-02,185.24,182.05,185.57,181.56,17370000.0,0.0123,0.012295753866331527,181.394,178.647,173.21099999999998,148.2015,0.011155752720688557,182.99,184.03,66.69248644461659,3.306754165970233,2.9434770934274566,2024,7,Tuesday
2024-07-03,185.82,184.85,186.09,184.0,10240000.0,0.0031,0.0031310732023319687,182.467,179.2485,173.80180000000001,148.4436,0.011155894091728331,185.24,183.88,65.91359492667459,3.4200380989610153,3.0387892945341686,2024,7,Wednesday
2024-07-05,190.6,185.85,190.86,185.8,20970000.0,0.025699999999999997,0.025723818749327387,183.897,180.008,174.4486,148.70555,0.012170056833914089,185.82,185.41,78.19576333089847,3.8511290652762113,3.201257248682577,2024,7,Friday
2024-07-08,189.03,189.9,190.17,187.78,21040000.0,-0.008199999999999999,-0.008237145855194083,184.83700000000002,180.623,175.0466,148.96050000000002,0.0124526133411882,190.6,182.15,72.40117130307469,4.019748721901749,3.3649555433264116,2024,7,Monday
2024-07-09,188.98,190.31,191.36,188.72,15140000.0,-0.0003,-0.00026450827910917685,185.81300000000002,181.349,175.7062,149.2367,0.01189168655692253,189.03,182.99,71.80534918276372,4.102060433253342,3.512376521311798,2024,7,Tuesday
2024-07-10,191.18,189.15,191.75,189.03,15950000.0,0.0116,0.011641443538998875,186.528,182.1575,176.09080000000003,149.5404,0.012008062141184248,188.98,185.24,79.82944011865035,4.2953011138478985,3.668961439819018,2024,7,Wednesday
2024-07-11,185.57,189.85,190.86,185.08,25630000.0,-0.029300000000000003,-0.02934407364787117,186.69699999999997,182.605,176.47920000000002,149.817,0.014120665726402665,191.18,185.82,64.77526299011791,3.9502298395120192,3.7252151197576184,2024,7,Thursday
2024-07-12,185.07,185.08,187.11,184.49,22900000.0,-0.0027,-0.002694401034650018,186.663,182.969,176.925,150.0868,0.0141335616272904,185.57,190.6,59.530483531885054,3.5949719483427316,3.6991664854746413,2024,7,Friday
2024-07-15,186.53,184.92,188.24,184.92,16469999.999999998,0.0079,0.007888906900091808,187.101,183.5375,177.3784,150.3766,0.013606616604117633,185.07,189.03,62.352145995268664,3.392134888898511,3.637760166159415,2024,7,Monday
2024-07-16,183.92,187.36,188.68,183.37,18290000.0,-0.013999999999999999,-0.013992387283546903,187.19400000000002,183.894,177.72440000000003,150.64350000000002,0.014049850557154433,186.53,188.98,49.799196787148574,2.9863550287767,3.5074791386828723,2024,7,Tuesday
2024-07-17,181.02,182.96,183.55,179.9,20730000.0,-0.0158,-0.0157677250978685,186.772,184.083,178.0,150.88705,0.014603270404253132,183.92,191.18,45.25547445255477,2.403064767669548,3.286596264480208,2024,7,Wednesday
2024-07-18,177.69,181.93,182.5,176.47,25320000.0,-0.0184,-0.018395757374875754,185.959,184.213,178.1918,151.12120000000002,0.01496600701692418,181.02,185.57,37.91484032561053,1.6530445942361212,2.959885930431391,2024,7,Thursday
2024-07-19,177.66,178.88,180.29,177.13,18880000.0,-0.0002,-0.0001688333614722204,184.665,184.281,178.32,151.33865,0.014898528130285752,177.69,185.07,42.18042493904563,1.0441906738055309,2.5767468791062194,2024,7,Friday
2024-07-22,181.67,180.59,182.7,180.23,24100000.0,0.0226,0.02257120342226715,183.929,184.38299999999998,178.56579999999997,151.58485,0.015158398648540468,177.66,186.53,47.929736511919664,0.8751548025416298,2.236428463793301,2024,7,Monday
2024-07-23,181.79,182.05,183.61,181.54,36350000.0,0.0007000000000000001,0.0006605383387461305,183.20999999999998,184.51149999999998,178.8024,151.8176,0.015142465491198454,181.67,183.92,44.201680672268886,0.7423186663372121,1.9376065043020834,2024,7,Tuesday
2024-07-24,172.63,173.6,176.19,171.82,49590000.0,-0.0504,-0.050387810110567144,181.355,183.9415,178.882,152.0054,0.01777614231902378,181.79,181.02,32.79415601356641,-0.10092695224275872,1.529899812993115,2024,7,Wednesday
2024-07-25,167.28,172.52,173.42,167.19,44850000.0,-0.031,-0.030991137114058986,179.526,183.1115,178.8448,152.1539,0.018826916966719322,172.63,177.69,20.025706940874073,-1.187219936004908,0.9864758631935105,2024,7,Thursday
2024-07-26,167.0,167.15,168.09,164.06,41340000.0,-0.0017000000000000001,-0.0016738402678144748,177.719,182.191,178.778,152.2968,0.018598593754797957,167.28,177.66,20.712576442435562,-2.047110792958108,0.3797585319631868,2024,7,Friday
2024-07-29,169.53,168.83,170.43,167.99,20290000.0,0.0151,0.015149700598802385,176.019,181.56,178.71839999999997,152.45415,0.018875711916676603,167.0,181.67,25.742080319281655,-2.495662196064359,-0.19532561364232226,2024,7,Monday
2024-07-30,170.29,170.24,171.23,168.44,18960000.0,0.0045000000000000005,0.004482982363003485,174.656,180.925,178.6406,152.60285,0.018872856423771837,169.53,181.79,22.97542043984474,-2.758023982588469,-0.7078652874315516,2024,7,Tuesday
2024-07-31,171.54,173.24,174.24,170.01,25730000.0,0.0073,0.007340419284749489,173.708,180.23999999999998,178.55019999999996,152.7657,0.01868731232316838,170.29,172.63,29.542140565762608,-2.8324325163884225,-1.132778733222926,2024,7,Wednesday
2024-08-01,170.76,170.25,174.05,168.88,24530000.0,-0.0045000000000000005,-0.004547044421126301,173.01500000000001,179.487,178.42699999999996,152.9327,0.0186190617832813,171.54,167.28,29.302863754700596,-2.9206735896916314,-1.4903577045166672,2024,8,Thursday
2024-08-02,166.66,166.44,168.51,164.67,29130000.0,-0.024,-0.024010306863433972,171.915,178.29,178.2032,153.0705,0.01773333327784617,170.76,167.0,23.3001881214727,-3.283589831286008,-1.8490041298705355,2024,8,Friday
2024-08-05,159.25,155.5,164.43,154.93,53630000.0,-0.044500000000000005,-0.04446177847113886,169.67299999999997,176.801,177.86059999999998,153.16815,0.019661261685087427,166.66,169.53,20.637943346822183,-4.121617201979177,-2.303526744292264,2024,8,Monday
2024-08-06,158.29,159.33,160.57,156.41,49000000.0,-0.006,-0.006028257456828889,167.323,175.2665,177.55540000000002,153.2698,0.019578605126928467,159.25,170.29,21.637135013725953,-4.80780255278458,-2.804381905990727,2024,8,Tuesday
2024-08-07,158.94,161.25,162.98,158.47,25140000.0,0.0040999999999999995,0.004106387011181933,165.954,173.65449999999998,177.23440000000002,153.37575,0.01923738479995044,158.29,171.54,24.926450922706607,-5.238770533583306,-3.2912596315092433,2024,8,Wednesday
2024-08-08,162.03,160.51,163.69,160.21,25580000.0,0.0194,0.019441298603246615,165.429,172.47750000000002,176.94699999999997,153.50789999999998,0.01961306239461873,158.94,170.76,30.679851668726826,-5.270226694795042,-3.6870530441664036,2024,8,Thursday
2024-08-09,163.67,160.01,163.79,159.06,28600000.0,0.0101,0.01012158242300809,165.096,171.40749999999997,176.70239999999998,153.64375,0.019952902520503503,162.03,166.66,26.36554621848738,-5.103986061045902,-3.9704396475423036,2024,8,Friday
2024-08-12,162.29,164.35,164.9,161.84,15900000.0,-0.0084,-0.008431600171075915,164.37199999999999,170.1955,176.50600000000003,153.76115,0.01968986510871188,163.67,159.25,25.216065073716308,-5.025660937042488,-4.181483905442341,2024,8,Monday
2024-08-13,164.16,163.41,164.73,162.97,18550000.0,0.0115,0.011522583030377787,163.759,169.2075,176.3392,153.9539,0.020019680330651456,162.29,158.29,36.78627145085803,-4.757848820663213,-4.296756888486515,2024,8,Tuesday
2024-08-14,160.37,162.4,163.22,157.71,40590000.0,-0.0231,-0.023087231968810906,162.642,168.175,176.0832,154.14435,0.020282945961955668,164.16,158.94,38.66841587405706,-4.79614019591412,-4.3966335499720355,2024,8,Wednesday
2024-08-15,161.3,160.5,161.63,159.61,31520000.0,0.0058,0.005799089605287744,161.696,167.3555,175.8334,154.34,0.020216043894826397,160.37,162.03,40.84778420038537,-4.697295658621613,-4.456765971701951,2024,8,Thursday
2024-08-16,162.96,161.47,165.06,161.13,24210000.0,0.0103,0.010291382517048975,161.326,166.6205,175.5844,154.5325,0.020471220770599492,161.3,163.67,39.14767096134787,-4.433901270046334,-4.452193031370827,2024,8,Friday
2024-08-19,166.67,165.28,166.69,164.26,22420000.0,0.022799999999999997,0.022766323024054902,162.068,165.8705,175.3832,154.74544999999998,0.02048464586315907,162.96,162.29,44.55147501505116,-3.8810549397375382,-4.33796541304417,2024,8,Monday
2024-08-20,167.18,166.9,168.64,166.82,18340000.0,0.0031,0.003059938801224016,162.957,165.14000000000001,175.2376,154.9491,0.02052096817952971,166.67,164.16,43.2881773399015,-3.3630009209515777,-4.142972514625652,2024,8,Tuesday
2024-08-21,165.85,165.15,166.85,164.67,22900000.0,-0.008,-0.007955497069027428,163.648,164.801,175.0544,155.1409,0.01743094839367559,167.18,160.37,42.56736300333031,-3.024890211977379,-3.9193560540959975,2024,8,Wednesday
2024-08-22,163.8,167.26,167.59,163.31,22490000.0,-0.0124,-0.012360566777208204,163.825,164.627,174.798,155.3144,0.016249741930673058,165.85,161.3,45.38411878631377,-2.8890497395676675,-3.713294791190332,2024,8,Thursday
2024-08-23,165.62,164.72,166.18,163.83,13960000.0,0.0111,0.011111111111111072,164.02,164.558,174.5546,155.49125,0.016468678277761675,163.8,162.96,62.544308782985446,-2.6045131900778244,-3.4915384709678303,2024,8,Friday
2024-08-26,166.16,166.38,167.55,164.46,14190000.0,0.0033,0.0032604757879481916,164.407,164.3895,174.3746,155.66719999999998,0.01609252058124382,165.62,166.67,65.75891069283142,-2.3088277089666462,-3.254996318567594,2024,8,Monday
2024-08-27,164.68,165.84,166.44,164.46,11820000.0,-0.0089,-0.008907077515647455,164.459,164.109,174.13240000000002,155.8314,0.016136182570236905,166.16,167.18,61.124031007751974,-2.1689165461705215,-3.0377803640881798,2024,8,Tuesday
2024-08-28,162.85,165.04,165.6,161.53,16410000.0,-0.0111,-0.01111246052951187,164.70700000000002,163.67450000000002,173.8446,155.99445,0.0161287331994254,164.68,165.85,51.67074164629176,-2.1805654465875364,-2.8663373805880514,2024,8,Wednesday
2024-08-29,161.78,164.31,165.97,160.25,19700000.0,-0.0066,-0.006570463616825228,164.755,163.22549999999998,173.5784,156.1404,0.016148774198654313,162.85,163.8,46.05757196495622,-2.2501984546454423,-2.7431095953995297,2024,8,Thursday
2024-08-30,163.38,162.62,163.66,161.69,22120000.0,0.009899999999999999,0.009889974038818083,164.797,163.0615,173.32,156.29685,0.015548110022589426,161.78,165.62,52.25299710624226,-2.151475615321658,-2.6247827993839556,2024,8,Friday
2024-09-03,157.36,161.72,161.85,156.48,38950000.0,-0.0368,-0.036846615252784765,163.866,162.967,172.8746,156.41555,0.014481231405879997,163.38,166.16,38.002822865208195,-2.5298383410329564,-2.605793907713756,2024,9,Tuesday
2024-09-04,156.45,156.65,159.0,155.96,19350000.0,-0.0058,-0.0057829181494662985,162.79299999999998,162.875,172.4192,156.5247,0.01447640195026749,157.36,164.68,42.30164964650428,-2.8700389000257758,-2.65864290617616,2024,9,Wednesday
2024-09-05,157.24,156.3,159.45,155.98,18690000.0,0.005,0.005049536593160875,161.93200000000002,162.79000000000002,171.8834,156.62625,0.014493668957234092,156.45,162.85,41.982622432859394,-3.0408508604899396,-2.7350844970389163,2024,9,Thursday
2024-09-06,150.92,157.3,157.83,150.55,37910000.0,-0.04019999999999999,-0.04019333502925482,160.644,162.2345,171.2242,156.7043,0.016220293540999787,157.24,161.78,29.91994663108737,-3.644183868141482,-2.9169043712594296,2024,9,Friday
2024-09-09,148.71,152.51,153.4,147.21,39260000.0,-0.0146,-0.01464351974556044,158.953,161.48650000000004,170.49019999999996,156.7666,0.016076867924885885,150.92,163.38,18.46910112359555,-4.251647804413835,-3.183853057890311,2024,9,Monday
2024-09-10,148.66,150.45,151.27,148.34,31120000.0,-0.0003,-0.0003362248671912038,157.203,160.805,169.8204,156.82505,0.016078742757875363,148.71,157.36,16.95217701641684,-4.683117864975799,-3.4837060193074088,2024,9,Tuesday
2024-09-11,151.16,149.92,151.5,147.52,29610000.0,0.0168,0.01681689761872729,155.851,160.155,169.18380000000002,156.8884,0.016392642449883223,148.66,156.45,24.837273038711885,-4.7683651447325985,-3.7406378443924466,2024,9,Wednesday
2024-09-12,154.69,153.8,154.82,152.65,29700000.0,0.023399999999999997,0.023352738819793606,155.035,159.871,168.5728,156.9784,0.016828104066419023,151.16,157.24,35.14835343984349,-4.499218538904103,-3.892353983294778,2024,9,Thursday
2024-09-13,157.46,155.43,158.38,155.21,29590000.0,0.0179,0.017906781304544594,154.603,159.679,168.00560000000002,157.08365,0.017321332142019325,154.69,150.92,37.09677419354841,-4.0161068843216015,-3.917104563500143,2024,9,Friday
2024-09-16,158.06,157.31,158.25,156.6,18380000.0,0.0038,0.003810491553410289,154.071,159.434,167.35479999999998,157.18795,0.017157640343934168,157.46,148.71,37.215909090909115,-3.5439697545567412,-3.842477601711463,2024,9,Monday
2024-09-17,159.32,159.02,160.55,158.38,20720000.0,0.008,0.00797165633303809,154.267,159.06650000000002,166.7606,157.3096,0.016362099003321442,158.06,148.66,41.48124602670057,-3.0331618066833244,-3.6806144427058354,2024,9,Tuesday
2024-09-18,159.81,159.86,160.5,158.6,23680000.0,0.0031,0.0030755711775043437,154.603,158.698,166.1772,157.446,0.016362360043015906,159.32,151.16,44.95351925630813,-2.5593018839143156,-3.4563519309475317,2024,9,Wednesday
2024-09-19,162.14,163.71,163.79,161.34,26590000.0,0.0146,0.014579813528565078,155.093,158.5125,165.5964,157.5974,0.01671178500897191,159.81,154.69,50.57361376673038,-1.973009330361208,-3.1596834108302674,2024,9,Thursday
2024-09-20,163.59,163.5,163.73,162.06,40900000.0,0.0089,0.00894288886147776,156.35999999999999,158.502,165.1568,157.769,0.016628043853698843,162.14,157.46,50.33621517771375,-1.3755093601374142,-2.802848600691697,2024,9,Friday
2024-09-23,161.85,164.35,165.49,161.67,24150000.0,-0.0106,-0.010636346964973509,157.674,158.3135,164.69240000000002,157.9233,0.016578939511841275,163.59,158.06,58.33024118738398,-1.0305107012995336,-2.4483810208132644,2024,9,Monday
2024-09-24,162.29,163.03,163.22,160.69,23330000.0,0.0027,0.002718566573988168,159.03699999999998,158.12,164.2076,158.08465,0.01657201938772981,161.85,159.32,61.02719033232627,-0.7133691799730002,-2.1013786526452116,2024,9,Tuesday
2024-09-25,161.49,161.47,162.81,161.3,18870000.0,-0.0049,-0.0049294472857229765,160.07,157.9605,163.75900000000001,158.20745,0.01649640452466777,162.29,159.81,58.021895054737634,-0.5205845785921213,-1.7852198378345936,2024,9,Wednesday
2024-09-26,162.73,163.64,164.08,162.28,20320000.0,0.0077,0.007678494024397686,160.874,157.9545,163.3932,158.34615,0.01641587568552165,161.49,162.14,77.58056982718361,-0.2646925452755795,-1.481114379322791,2024,9,Thursday
2024-09-27,163.95,162.81,165.7,162.63,21100000.0,0.0075,0.007497081054507415,161.523,158.06300000000002,163.1184,158.49945,0.01641672779069735,162.73,163.59,87.3163565132223,0.036131042596622365,-1.1776652949389084,2024,9,Friday
2024-09-30,165.85,163.32,166.15,163.26,20480000.0,0.0116,0.011588899054589819,162.302,158.1865,162.8822,158.6661,0.016470566587430898,163.95,161.85,88.59452177817695,0.4229742405865977,-0.8575373878338072,2024,9,Monday
2024-10-01,166.99,167.68,169.16,164.58,28340000.0,0.0069,0.006873681037081747,163.06900000000002,158.66799999999998,162.5886,158.8382,0.013900536445935674,165.85,162.29,87.85270205643236,0.8121764698882714,-0.5235946162893914,2024,10,Tuesday
2024-10-02,165.86,166.42,167.52,164.73,17760000.0,-0.0068000000000000005,-0.006766872267800483,163.67399999999998,159.1385,162.27,159.00779999999997,0.013935205452203328,166.99,161.49,80.17287952458136,1.017708968972073,-0.21533389923709856,2024,10,Wednesday
2024-10-03,165.86,164.41,166.64,163.92,15070000.0,0.0,0.0,164.046,159.5695,162.1346,159.1741,0.01394220027858313,165.86,162.73,76.68360864040666,1.1671408817132658,0.0611610569529743,2024,10,Thursday
2024-10-04,167.06,168.06,168.23,165.48,19090000.0,0.0072,0.007235017484625628,164.39299999999997,160.3765,162.13019999999997,159.3304,0.009611854073987765,165.86,163.95,77.53977968176258,1.3666429115621952,0.3222574278748185,2024,10,Friday
2024-10-07,162.98,167.72,168.48,162.75,22460000.0,-0.024399999999999998,-0.02442236322279423,164.506,161.08999999999997,162.0498,159.46205,0.01084112295566189,167.06,165.85,59.55114822546972,1.181903557038538,0.49418665370756243,2024,10,Monday
2024-10-08,164.38,163.94,164.73,162.87,23070000.0,0.0086,0.008590011044300017,164.715,161.876,161.9468,159.59225,0.010808827897526204,162.98,166.99,61.3851519681116,1.1353766717902545,0.6224246573241009,2024,10,Tuesday
2024-10-09,161.86,163.45,164.84,159.74,31180000.0,-0.015300000000000001,-0.015330332157196591,164.752,162.411,161.7782,159.69944999999998,0.011350517469694482,164.38,165.86,49.30898321816394,0.8849595774015597,0.6749316413395927,2024,10,Wednesday
2024-10-10,162.08,160.87,163.07,160.4,14140000.0,0.0014000000000000002,0.0013591993080439568,164.68699999999998,162.78050000000002,161.589,159.8024,0.010345445949409745,161.86,165.86,46.0325801366264,0.6962286963003805,0.6791910523317503,2024,10,Thursday
2024-10-11,163.24,162.13,163.9,161.24,15340000.0,0.0072,0.007156959526159801,164.61599999999999,163.0695,161.43859999999998,159.91099999999997,0.009759343038590858,162.08,167.06,53.76693766937674,0.6329640037419324,0.6699456426137868,2024,10,Friday
2024-10-14,164.96,163.64,166.23,163.4,19020000.0,0.0105,0.010536633178142685,164.527,163.4145,161.4046,160.03395,0.009944603147628087,163.24,162.98,56.76634566649777,0.713392361381409,0.6786349863673112,2024,10,Monday
2024-10-15,165.46,165.79,167.68,164.63,20250000.0,0.003,0.0030310378273521454,164.374,163.7215,161.5288,160.1601,0.009854271977980923,164.96,164.38,60.216160576428216,0.8081622443025935,0.7045404379543677,2024,10,Tuesday
2024-10-16,165.16,164.53,165.8,163.74,16410000.0,-0.0018,-0.0018131270397679922,164.30400000000003,163.98899999999998,161.6662,160.28745,0.009885177115657043,165.46,161.86,56.57111952406708,0.8492707024966251,0.7334864908628193,2024,10,Wednesday
2024-10-17,162.93,165.73,166.37,162.76,21450000.0,-0.013500000000000002,-0.013502058609832779,164.01100000000002,164.0285,161.746,160.41125,0.009952761419390586,165.16,162.08,47.38461538461543,0.6939081474919817,0.7255708221886518,2024,10,Thursday
2024-10-18,163.42,163.19,164.71,163.08,19760000.0,0.003,0.0030074265021786672,163.647,164.02,161.7738,160.53375,0.009767957483965346,162.93,163.24,43.283582089552205,0.6033658819186485,0.7011298341346512,2024,10,Friday
2024-10-21,164.07,162.95,164.5,162.62,20950000.0,0.004,0.003977481336433719,163.756,164.131,161.7818,160.67215,0.00947307414960113,163.42,164.96,41.70454545454539,0.5774040968464362,0.6763846866770082,2024,10,Monday
2024-10-22,165.14,162.98,165.77,162.98,16570000.0,0.006500000000000001,0.006521606631315846,163.832,164.2735,161.8388,160.8192,0.00955304289651652,164.07,165.46,47.94754846066127,0.6358396886349169,0.6682756870685901,2024,10,Tuesday
2024-10-23,162.78,164.76,165.82,161.93,18280000.0,-0.0143,-0.014290904686932171,163.924,164.33800000000002,161.81119999999999,160.9389,0.010069814405400652,165.14,165.16,42.26130653266327,0.4861144150944199,0.6318434326737561,2024,10,Wednesday
2024-10-24,162.72,162.83,163.33,161.01,22410000.0,-0.0004,-0.00036859565057134613,163.988,164.3375,161.8582,161.04775,0.009925366830696041,162.78,162.93,38.4328358208955,0.3584821989006741,0.5771711859191397,2024,10,Thursday
2024-10-25,165.27,163.67,165.59,163.42,19830000.0,0.015700000000000002,0.015671091445427887,164.19099999999997,164.4035,161.9376,161.1627,0.010405113716063745,162.72,163.42,56.645385954730195,0.45781898451639336,0.5533007456385904,2024,10,Friday
2024-10-28,166.72,168.75,168.75,163.95,32140000.0,0.0088,0.008773522115326449,164.36700000000002,164.447,162.0128,161.2859,0.0102646211353403,165.27,164.07,56.770833333333364,0.6460991557592877,0.5718604276627299,2024,10,Monday
2024-10-29,169.68,167.73,170.38,167.09,42170000.0,0.0178,0.01775431861804222,164.78900000000002,164.58149999999998,162.07299999999998,161.42105,0.010899412197678765,166.72,165.14,72.06546275395036,1.022374513220143,0.6619632447742125,2024,10,Tuesday
2024-10-30,174.46,180.68,182.02,174.06,68890000.0,0.0282,0.02817067421027808,165.719,165.0115,162.2186,161.5809,0.012320496395571706,169.68,162.78,77.78276481149015,1.6868366934162964,0.8669379345026293,2024,10,Wednesday
2024-10-31,171.11,173.13,176.82,171.0,44770000.0,-0.0192,-0.019202109366043718,166.53699999999998,165.274,162.3238,161.7291,0.01324733244225733,174.46,162.72,66.08091540662039,1.9209670432176722,1.077743756245638,2024,10,Thursday
2024-11-01,171.29,170.07,172.32,168.88,31800000.0,0.0011,0.0010519548828238356,167.324,165.4855,162.47359999999998,161.86815,0.013181943176001217,171.11,165.27,63.802878325337986,2.0968701145068565,1.2815690278978817,2024,11,Friday
2024-11-04,169.24,169.93,170.73,168.01,21490000.0,-0.012,-0.011968007472706987,167.841,165.79850000000002,162.546,161.98245,0.012155388522565517,171.29,166.72,57.720588235294144,2.047257191847308,1.434706660687767,2024,11,Monday
2024-11-05,169.74,169.43,170.53,168.84,18240000.0,0.003,0.0029543843063106756,168.301,166.0665,162.6176,162.10119999999998,0.012058450648245475,169.24,169.68,59.27876823338741,2.024942141993307,1.5527537569488752,2024,11,Tuesday
2024-11-06,176.51,173.8,176.94,173.5,33700000.0,0.039900000000000005,0.039884529280075354,169.674,166.799,162.8542,162.24855000000002,0.014106959847441912,169.74,174.46,73.23750855578375,2.524439557156171,1.7470909169903344,2024,11,Wednesday
2024-11-07,180.75,177.41,181.08,177.19,25350000.0,0.024,0.024021301909240345,171.477,167.73250000000002,163.21220000000002,162.4088,0.014742688643208608,176.51,171.11,76.28146800121328,3.225248762116763,2.04272248601562,2024,11,Thursday
2024-11-08,178.35,180.65,180.9,178.08,22010000.0,-0.013300000000000001,-0.01327800829875525,172.78500000000003,168.488,163.5436,162.5412,0.015323485470171141,180.75,171.29,70.5645161290323,3.5461078399392534,2.343399556800347,2024,11,Friday
2024-11-11,180.35,178.58,180.54,178.47,17450000.0,0.011200000000000002,0.011213905242500655,174.148,169.2575,163.88299999999998,162.68205,0.015338160839833291,178.35,169.24,71.3323983169706,3.916625831510288,2.6580448117423354,2024,11,Monday
2024-11-12,181.62,179.82,182.49,179.39,25130000.0,0.006999999999999999,0.007041863044080943,175.342,170.0655,164.3682,162.8226,0.01534305491840814,180.35,169.74,77.25694444444447,4.263594333948987,2.979154716183666,2024,11,Tuesday
2024-11-13,178.88,180.46,180.96,178.54,23180000.0,-0.0151,-0.015086444224204465,175.784,170.75150000000002,164.8168,162.9597,0.015919539117449304,181.62,176.51,71.69709989258862,4.268272285045441,3.236978229956021,2024,11,Wednesday
2024-11-14,175.58,178.28,178.82,174.32,31010000.0,-0.0184,-0.018448121645796012,176.231,171.384,165.1836,163.1371,0.016242791150751938,178.88,180.75,63.56936035798896,3.9600482035962443,3.381592224684066,2024,11,Thursday
2024-11-15,172.49,173.73,174.14,171.22,32500000.0,-0.0176,-0.017598815354823993,176.351,171.8375,165.615,163.29375,0.016939017575616364,175.58,178.35,57.2798385061822,3.4269376189440663,3.390661303536066,2024,11,Friday
2024-11-18,175.3,173.42,175.44,172.9,20210000.0,0.0163,0.016290799466635697,176.95700000000002,172.399,166.1468,163.45835,0.017204238538182096,172.49,180.35,57.117527862208725,3.1943645099551077,3.351401944819875,2024,11,Monday
2024-11-19,178.12,173.72,178.87,173.56,23430000.0,0.0161,0.01608670849971472,177.79500000000002,173.04800000000003,166.73600000000002,163.63055,0.0174254857504415,175.3,181.62,54.8773987206823,3.200703361773378,3.3212622282105757,2024,11,Tuesday
2024-11-20,175.98,177.34,177.68,173.78,19000000.0,-0.012,-0.012014372333258527,177.74200000000002,173.708,167.2324,163.78995,0.017307207463893772,178.12,178.88,56.706141558799196,2.998482195969757,3.2567062217624123,2024,11,Wednesday
2024-11-21,167.63,173.9,174.13,163.7,59730000.0,-0.047400000000000005,-0.04744857370155697,176.43,173.9535,167.4912,163.90040000000002,0.02079064742590991,175.98,175.58,45.885791366906474,2.1397792062835492,3.03332081866664,2024,11,Thursday
2024-11-22,164.76,165.85,166.46,163.9,38600000.0,-0.0171,-0.0171210403865657,175.071,173.928,167.6372,163.99465,0.02092294010334029,167.63,172.49,45.05518763796908,1.2136753915004874,2.66939173323341,2024,11,Friday
2024-11-25,167.65,166.09,168.63,165.61,33140000.0,0.0175,0.017540665210002526,173.801,173.9745,167.82899999999998,164.08790000000002,0.021205176410699477,164.76,175.3,47.808764940239044,0.7048057315821552,2.276474532903159,2024,11,Monday
2024-11-26,169.12,167.63,169.82,167.58,20490000.0,0.0088,0.008768267223381976,172.551,173.94650000000001,168.025,164.19584999999998,0.02091336410746546,167.65,178.12,41.28332153809863,0.4153516592064648,1.90424995816382,2024,11,Tuesday
2024-11-27,169.23,169.0,169.48,168.02,19270000.0,0.0007000000000000001,0.0006504257332071717,171.586,173.685,168.2134,164.3163,0.01984325507005251,169.12,175.98,34.94511238891792,0.19261297960488832,1.5619225624520336,2024,11,Wednesday
2024-11-29,168.95,168.5,169.43,167.16,14260000.0,-0.0017000000000000001,-0.0016545529752407528,170.923,173.577,168.34960000000004,164.43134999999998,0.019394443535511615,169.23,167.63,36.99501936912008,-0.006428583953066891,1.2482523331710138,2024,11,Friday
2024-12-02,171.49,168.76,172.07,168.57,23790000.0,0.015,0.01503403373779233,170.823,173.58700000000002,168.50760000000002,164.57495,0.01970122497974318,168.95,164.76,37.92257360959654,0.040321513931161235,1.0066661693230432,2024,12,Monday
2024-12-03,171.34,171.49,172.68,170.85,22250000.0,-0.0009,-0.0008746865706455997,170.427,173.69199999999998,168.69740000000002,164.72905000000003,0.019494404803489386,171.49,167.65,35.54555680539934,0.06452376710052476,0.8182376888785396,2024,12,Tuesday
2024-12-04,174.37,171.15,174.91,171.06,31620000.0,0.0177,0.017684136804015482,170.052,173.92350000000002,168.93899999999996,164.8953,0.019855059749823954,171.34,169.12,43.70990237099026,0.3244597344884994,0.7194820980005316,2024,12,Wednesday
2024-12-05,172.64,175.36,176.06,172.33,21360000.0,-0.009899999999999999,-0.009921431438894457,169.71800000000002,173.73,169.162,165.04574999999997,0.017810015740700222,174.37,169.23,45.711785297549554,0.3864100253538538,0.6528676834711961,2024,12,Thursday
2024-12-06,174.71,172.03,175.08,171.86,21460000.0,0.012,0.01199026876737741,170.42600000000002,173.428,169.4016,165.19885000000002,0.01711147171396629,172.64,168.95,53.33734215273601,0.5956712501018728,0.6414283967973314,2024,12,Friday
2024-12-09,175.37,173.96,176.26,173.65,25390000.0,0.0038,0.0037776887413427662,171.487,173.279,169.63,165.3559,0.01692053770862631,174.71,171.49,50.112504018000635,0.8054836484075452,0.6742394471193742,2024,12,Monday
2024-12-10,185.17,182.85,186.36,181.05,54810000.0,0.0559,0.05588184980327293,173.239,173.52,170.01640000000003,165.5939,0.021026286097921405,175.37,171.34,59.25439747965341,1.742453662482859,0.8878822901920712,2024,12,Tuesday
2024-12-11,195.4,185.31,195.61,184.85,67890000.0,0.0552,0.055246530215477874,175.867,174.209,170.58460000000002,165.87649999999996,0.02421286386021,185.17,174.37,71.02641836292767,3.272758332627518,1.3648574986791608,2024,12,Wednesday
2024-12-12,191.96,195.0,195.18,191.71,34820000.0,-0.0176,-0.017604912998976485,178.14000000000001,174.863,171.1066,166.15439999999998,0.024323314692667422,195.4,172.64,79.47661739762536,4.160002637354779,1.9238865264142846,2024,12,Thursday
2024-12-13,189.82,191.01,192.73,189.64,25140000.0,-0.0111,-0.01114815586580542,180.227,175.575,171.58579999999998,166.41119999999998,0.024024614280577315,191.96,174.71,80.90774543660577,4.637017375960454,2.4665126963235187,2024,12,Friday
2024-12-16,196.66,192.87,199.0,192.62,44930000.0,0.036000000000000004,0.03603413760404606,182.744,176.7835,172.1778,166.7088,0.024455322260723264,189.82,175.37,82.60283209710042,5.5035443948000875,3.0739190360188324,2024,12,Monday
2024-12-17,195.42,197.25,201.42,194.98,43500000.0,-0.0063,-0.0063052984846944105,185.152,177.7895,172.82659999999998,167.01915,0.02451856854915703,196.66,185.17,79.71079981924981,6.020811496229442,3.663297528060955,2024,12,Tuesday
2024-12-18,188.4,195.22,197.0,187.74,34170000.0,-0.0359,-0.03592262818544667,186.555,178.30349999999999,173.30700000000002,167.2978,0.026071242592469398,195.42,195.4,68.73167871799882,5.79746450736377,4.090130923921518,2024,12,Wednesday
2024-12-19,188.51,191.63,193.03,188.38,32270000.000000004,0.0006,0.0005838641188959937,188.142,178.93,173.84,167.58335000000002,0.025837232181264057,188.4,191.96,69.17647058823528,5.565184507456337,4.385141640628482,2024,12,Thursday
2024-12-20,191.41,185.78,192.89,185.22,63460000.0,0.0154,0.01538379926794331,189.812,180.119,174.4266,167.86849999999998,0.02294059518926228,188.51,189.82,69.39252336448595,5.551116877814252,4.618336688065636,2024,12,Friday
2024-12-23,194.63,192.62,195.1,190.15,25680000.0,0.0168,0.016822527558643774,191.738,181.6125,175.0544,168.16460000000004,0.022316983373833307,191.41,196.66,71.39445158919712,5.733700736324693,4.841409497717447,2024,12,Monday
2024-12-24,196.11,194.84,196.11,193.78,10400000.0,0.0076,0.007604172018702338,192.832,183.03549999999998,175.6774,168.45679999999996,0.02221781340348448,194.63,195.42,70.55597579425113,5.929472127051383,5.059022023584235,2024,12,Tuesday
2024-12-26,195.6,195.15,196.75,194.38,12060000.0,-0.0026,-0.0026005813064097216,192.852,184.3595,176.2802,168.7423,0.02234492864399431,196.11,188.4,72.2222222222222,5.974598178167156,5.24213725450082,2024,12,Thursday
2024-12-27,192.76,194.95,195.32,190.65,18890000.0,-0.014499999999999999,-0.01451942740286305,192.932,185.536,176.83219999999997,169.00715,0.02284277634243726,195.6,188.51,67.21342742704556,5.715314050942567,5.33677261378917,2024,12,Friday
2024-12-30,191.24,189.8,192.55,189.12,14260000.0,-0.0079,-0.007885453413571164,193.074,186.65050000000002,177.3984,169.24785,0.02300569850966019,192.76,191.41,64.89022330643648,5.32578587091254,5.334575265213845,2024,12,Monday
2024-12-31,189.3,191.07,191.96,188.51,17470000.0,-0.0101,-0.010144321271700507,192.33800000000002,187.541,177.916,169.48844999999997,0.023200073986969015,191.24,194.63,54.54545454545457,4.8051494236421775,5.228690096899511,2024,12,Tuesday
2025-01-02,189.43,190.65,192.0,187.5,20370000.0,0.0007000000000000001,0.0006867406233490581,191.73899999999998,188.4455,178.4232,169.69719999999998,0.02318116091010695,189.3,196.11,41.55108972544581,4.352854207989992,5.053522919117607,2025,1,Thursday
2025-01-03,191.79,191.37,193.21,189.98,18600000.0,0.0125,0.01245842791532481,192.078,189.3165,178.9562,169.921,0.02306316583920391,189.43,195.6,49.75182481751823,4.137148791647206,4.870248093623527,2025,1,Friday
2025-01-06,196.87,193.98,198.22,193.85,29560000.0,0.0265,0.026487303821888686,192.91400000000002,190.528,179.638,170.16165,0.023257751303060948,191.79,192.76,59.47835439634312,4.326243992043658,4.761447273307553,2025,1,Monday
2025-01-07,195.49,197.11,201.0,194.6,26490000.0,-0.006999999999999999,-0.007009701833697313,193.322,191.56699999999998,180.2934,170.4011,0.02342381419344599,196.87,191.24,48.15631894106526,4.315008106405031,4.672159439927048,2025,1,Tuesday
2025-01-08,193.95,192.57,196.29,192.38,24860000.0,-0.0079,-0.007877640800041052,193.25400000000002,192.496,180.86700000000002,170.61699999999996,0.023623305901561628,195.49,189.3,47.705276303465496,4.134182177697795,4.564563987481198,2025,1,Wednesday
2025-01-10,192.04,194.29,196.52,190.31,26670000.0,-0.0098,-0.009847898943026512,192.847,192.8395,181.3734,170.82684999999998,0.02059533911451822,193.95,189.43,56.7607726597325,3.7930315819562566,4.41025750637621,2025,1,Friday
2025-01-13,191.01,190.07,191.18,187.36,21820000.0,-0.0054,-0.005363465944594914,192.388,192.61999999999998,181.8,171.02855,0.016379089311328317,192.04,191.79,54.48994252873563,3.4003576783757694,4.2082775407761215,2025,1,Monday
2025-01-14,189.66,191.24,191.98,188.31,17170000.0,-0.0070999999999999995,-0.007067692790953317,192.078,192.505,182.104,171.2225,0.015981793000533418,191.01,196.87,46.67173830353747,2.946264361571963,3.95587490493529,2025,1,Tuesday
2025-01-15,195.55,193.09,196.36,191.86,21780000.0,0.0311,0.031055573130865932,192.50900000000001,192.79149999999998,182.59279999999998,171.44559999999998,0.017236273864996886,189.66,195.49,51.58839779005526,3.0267751320353966,3.770054950355312,2025,1,Wednesday
2025-01-16,192.91,194.14,195.48,192.81,17820000.0,-0.013500000000000002,-0.01350038353362315,192.86999999999998,192.604,183.0252,171.6327,0.015504086799238013,195.55,193.95,44.68791500664008,2.844761916506343,3.5849963435855186,2025,1,Thursday
2025-01-17,196.0,196.53,197.23,193.75,27740000.0,0.016,0.01601783214970709,193.527,192.633,183.56040000000002,171.83990000000003,0.01588928830965807,192.91,192.04,50.611620795107044,2.9162357571430846,3.4512442262970318,2025,1,Friday
2025-01-21,198.05,199.07,202.29,197.87,29970000.0,0.0105,0.010459183673469541,194.15300000000002,193.1155,184.1266,172.05555,0.01354029145622961,196.0,191.01,58.28893763710439,3.1025330880448507,3.3815019986465957,2025,1,Tuesday
2025-01-22,198.37,199.06,200.48,197.53,26200000.0,0.0016,0.0016157535975762638,194.303,193.6085,184.5638,172.29475,0.013534220941317827,198.05,189.66,61.608596548355564,3.238663098431772,3.3529342186036315,2025,1,Wednesday
2025-01-23,197.98,198.14,200.3,195.2,26950000.0,-0.002,-0.0019660230881686225,194.552,193.93699999999998,184.9084,172.52214999999995,0.013226854642719511,198.37,195.55,64.8834019204389,3.277298712285557,3.3378071173400166,2025,1,Thursday
2025-01-24,200.21,198.1,200.9,198.0,23880000.0,0.0113,0.011263764016567368,195.178,194.21599999999998,185.3456,172.74895,0.012949427588441214,197.98,192.91,67.24248240563017,3.4481123845381205,3.3598681707796376,2025,1,Friday
2025-01-27,191.81,192.41,196.88,190.73,41730000.0,-0.042,-0.04195594625643073,195.155,194.00100000000003,185.57480000000004,172.925,0.01608161846361568,200.21,196.0,50.02680965147455,2.872560562120185,3.2624066490477475,2025,1,Monday
2025-01-28,195.3,192.74,195.48,190.68,24160000.0,0.0182,0.018195088890047506,195.584,193.986,185.8484,173.12080000000003,0.01663442964431981,191.81,198.05,47.80173620834502,2.6672984726232585,3.14338501376285,2025,1,Tuesday
2025-01-29,195.41,195.55,196.79,193.43,18220000.0,0.0006,0.0005632360471068409,196.15900000000002,194.11849999999998,186.179,173.30079999999998,0.016276958516159956,195.3,198.37,49.88385598141694,2.4848589612211356,3.0116798032545073,2025,1,Wednesday
2025-01-30,200.87,198.0,201.4,197.67,24350000.0,0.0279,0.027941251727137795,196.69099999999997,194.6,186.68480000000002,173.5165,0.017214162526108693,195.41,197.98,59.01981230448384,2.7491600966043848,2.959175861924483,2025,1,Thursday
2025-01-31,204.02,202.0,205.48,201.8,32040000.0,0.015700000000000002,0.01568178423856237,197.802,195.336,187.31539999999998,173.76229999999998,0.017176418638540605,200.87,200.21,65.12626262626262,3.176186227214032,3.002577934982393,2025,1,Friday
2025-02-03,201.23,200.69,203.75,200.1,27840000.0,-0.0137,-0.0136751298892267,198.325,195.926,187.834,173.99645,0.017612153318562338,204.02,191.81,62.35493230174079,3.251990902452775,3.0524605284764696,2025,2,Monday
2025-02-04,206.38,203.39,207.05,202.81,43860000.0,0.0256,0.025592605476320696,199.158,196.6555,188.39919999999998,174.25099999999998,0.018211253080491124,201.23,195.3,68.5119574844995,3.685148515218714,3.178998125824919,2025,2,Tuesday
2025-02-05,191.33,191.07,192.75,188.03,70460000.0,-0.0729,-0.07292373291985654,198.454,196.3785,188.7062,174.4276,0.02426291712792608,206.38,195.41,46.115611192930785,2.7819512202038084,3.099588744700697,2025,2,Wednesday
2025-02-06,191.6,189.5,192.1,188.72,29300000.0,0.0014000000000000002,0.0014111744107039303,197.816,196.18400000000003,189.18560000000002,174.61515,0.024228739607488243,191.33,200.87,48.73917228103945,2.06415332558862,2.8925016608782816,2025,2,Thursday
2025-02-07,185.34,191.05,191.18,183.24,49310000.0,-0.0327,-0.03267223382045925,196.329,195.75349999999997,189.59720000000002,174.76045,0.02522804142051324,191.6,204.02,40.33018867924529,0.978879723532998,2.5097772734092247,2025,2,Friday
2025-02-10,186.47,187.35,188.2,185.86,23110000.0,0.0060999999999999995,0.0060969029891011495,195.79500000000002,195.475,189.9736,174.90149999999997,0.025217549087137248,185.34,201.23,39.31734317343172,0.20758126353464945,2.0493380714343097,2025,2,Monday
2025-02-11,185.32,185.03,186.94,184.28,21240000.0,-0.0062,-0.006167211883949197,194.797,195.19050000000001,190.2976,175.03244999999998,0.025225237105731366,186.47,206.38,38.142831182991095,-0.49081589188898533,1.541307278769651,2025,2,Tuesday
2025-02-12,183.61,183.22,185.11,181.83,22070000.0,-0.0092,-0.009227282538311954,193.61700000000002,194.88799999999998,190.58520000000001,175.1705,0.025256271781802044,185.32,191.33,37.24933451641528,-1.1688100633247132,0.9992838103507782,2025,2,Wednesday
2025-02-13,186.14,184.32,186.28,183.14,21400000.0,0.0138,0.013779205925603,192.144,194.41750000000002,190.92899999999997,175.24144999999996,0.02437097811637546,183.61,191.6,37.58164165931153,-1.4848589433575796,0.5024552596091068,2025,2,Thursday
2025-02-14,185.23,185.05,186.4,184.32,20450000.0,-0.0049,-0.004888793381325862,190.26500000000001,194.0335,191.20379999999997,175.33685000000003,0.024236025386761458,186.14,185.34,43.30756712774612,-1.7881467104105866,0.04433486560516808,2025,2,Friday
2025-02-18,183.77,185.6,185.96,181.74,29920000.0,-0.0079,-0.007882092533606722,188.519,193.422,191.45239999999998,175.4418,0.02390110986089569,185.23,186.47,37.767876087417754,-2.1218548274987086,-0.3889030730156073,2025,2,Tuesday
2025-02-19,185.27,184.07,185.46,183.59,19550000.0,0.008199999999999999,0.008162376884148559,186.408,192.78300000000002,191.6704,175.54885000000002,0.02383878795839793,183.77,185.32,39.550700741962075,-2.239468254533591,-0.759016109319204,2025,2,Wednesday
2025-02-20,184.56,184.8,185.31,182.72,20440000.0,-0.0038,-0.00383224483186706,185.731,192.0925,191.90879999999999,175.63855,0.023813747580362313,185.27,183.61,31.36851724925745,-2.3627326973155505,-1.0797594269184734,2025,2,Thursday
2025-02-21,179.66,185.15,185.34,179.08,35200000.0,-0.0265,-0.026549631556133546,184.53699999999998,191.1765,192.00779999999997,175.70065000000002,0.024367912239249803,184.56,186.14,23.242530755711726,-2.8232648653377055,-1.42846051460232,2025,2,Friday
2025-02-24,179.25,181.99,183.12,178.88,29850000.0,-0.0023,-0.0022820883891795374,183.928,190.1285,192.08539999999996,175.75639999999999,0.024091802329589324,179.66,185.23,24.524802967083858,-3.184613260621859,-1.7796910638062278,2025,2,Monday
2025-02-25,175.42,178.04,178.74,174.69,41910000.0,-0.021400000000000002,-0.021366806136680738,182.823,189.30900000000003,191.89039999999997,175.77724999999998,0.022847730570844996,179.25,183.77,12.984218077474807,-3.7369561542419376,-2.17114408189337,2025,2,Tuesday
2025-02-26,172.73,175.07,176.08,171.58,35430000.0,-0.015300000000000001,-0.015334625470299845,181.56400000000002,188.1805,191.437,175.79399999999998,0.022342358380782766,175.42,185.27,18.431771894093558,-4.3417039352349605,-2.605256052561688,2025,2,Wednesday
2025-02-27,168.5,173.99,174.56,167.94,39990000.0,-0.0245,-0.024489087014415545,180.053,186.835,190.9678,175.7867,0.022662172593958897,172.73,184.56,15.439856373429024,-5.103466966665536,-3.104898235382458,2025,2,Thursday
2025-02-28,170.28,168.68,170.61,166.77,48130000.0,0.0106,0.01056379821958453,178.467,185.3055,190.577,175.79485,0.021552679259244513,168.5,179.66,23.98064961990319,-5.500136384832956,-3.583945865272558,2025,2,Friday
2025-03-03,167.01,171.93,173.37,165.93,40770000.0,-0.0192,-0.019203664552501776,176.645,183.45499999999998,189.98399999999998,175.78419999999997,0.020938099612752437,170.28,179.25,18.693693693693632,-6.009092351946066,-4.068975162607259,2025,3,Monday
2025-03-04,170.92,166.24,173.29,165.8,45390000.0,0.023399999999999997,0.023411771750194488,175.35999999999999,181.9395,189.49400000000003,175.78710000000004,0.02217726140739186,167.01,175.42,28.72340425531911,-6.027458510203388,-4.4606718321264855,2025,3,Tuesday
2025-03-05,173.02,170.52,173.78,169.06,30950000.0,0.0123,0.012286449801076627,174.135,180.2715,189.1864,175.78965,0.02130225699342719,170.92,172.73,34.53111305872041,-5.805637597040857,-4.72966498510936,2025,3,Wednesday
2025-03-06,172.35,170.53,174.81,170.5,28300000.0,-0.0039000000000000003,-0.0038723846954110686,172.91400000000002,179.3225,188.8632,175.7805,0.014977491085362048,173.02,168.5,28.699413036762465,-5.619132464539831,-4.907558480995455,2025,3,Thursday
2025-03-07,173.86,171.26,174.97,170.27,27390000.0,0.0088,0.008761241659414054,172.334,178.4355,188.51219999999998,175.7695,0.015233720391274483,172.35,170.28,32.75705186533219,-5.2885186716738986,-4.983750519131144,2025,3,Friday
2025-03-10,165.87,168.26,168.46,163.69,43600000.0,-0.046,-0.045956516737605035,170.996,177.462,187.937,175.71425,0.01673186496798863,173.86,167.01,27.341772151898766,-5.606601669608864,-5.108320749226689,2025,3,Monday
2025-03-11,164.04,164.91,166.75,161.37,39590000.0,-0.011000000000000001,-0.011032736480376282,169.858,176.3405,187.29559999999998,175.64520000000002,0.016549836182822474,165.87,170.92,23.3492342455436,-5.9379020050893985,-5.274237000399231,2025,3,Tuesday
2025-03-12,167.11,166.58,167.64,163.53,28370000.0,0.0187,0.018714947573762686,169.296,175.43,186.7258,175.59885000000003,0.017466704451364685,164.04,173.02,29.319744015169547,-5.8848991111771625,-5.396369422554818,2025,3,Wednesday
2025-03-13,162.76,166.04,166.13,162.11,31760000.0,-0.026000000000000002,-0.02603075818323275,168.72199999999998,174.3875,186.12580000000003,175.54489999999998,0.018073729641704492,167.11,172.35,29.707012487992372,-6.123316797015974,-5.541758897447049,2025,3,Thursday
2025-03-14,165.49,163.27,166.49,162.45,32000000.0,0.0168,0.016773162939297315,168.243,173.355,185.61079999999998,175.49740000000003,0.018256362140545587,162.76,173.86,34.349408553230276,-6.022552114445062,-5.637917540846652,2025,3,Friday
2025-03-17,164.29,165.03,166.3,163.67,31180000.0,-0.0073,-0.007251193425584779,167.971,172.308,185.1106,175.43684999999996,0.018258463426879944,165.49,165.87,36.535204451971985,-5.9706988490183335,-5.7044738024809885,2025,3,Monday
2025-03-18,160.67,163.68,164.25,156.72,42070000.0,-0.022000000000000002,-0.022034207803274697,166.946,171.153,184.5354,175.3607,0.018613348593277637,164.29,164.04,35.73118788452442,-6.150805847911727,-5.793740211567136,2025,3,Tuesday
2025-03-19,163.89,161.76,165.87,161.0,34280000.0,0.02,0.02004107798593391,166.03300000000002,170.084,183.97740000000002,175.31959999999998,0.01928420997845509,160.67,167.11,44.41212121212122,-5.964954569575639,-5.827983083168837,2025,3,Wednesday
2025-03-20,162.8,161.57,164.89,160.96,28140000.0,-0.0067,-0.006650802367441422,165.078,168.996,183.296,175.27109999999996,0.01927833876838564,163.89,162.76,40.77909270216968,-5.83831947037126,-5.830050360609322,2025,3,Thursday
2025-03-21,163.99,161.21,164.24,160.89,36630000.0,0.0073,0.007309582309582341,164.091,168.2125,182.666,175.2252,0.018868037170481203,162.8,165.49,46.07588357588361,-5.57764160665991,-5.77956860981944,2025,3,Friday
2025-03-24,167.68,167.07,168.32,165.14,30880000.0,0.0225,0.02250137203488012,164.272,167.634,182.14059999999998,175.19465,0.0198038483904896,163.99,164.29,45.76581285938321,-5.015484971482522,-5.626751882152057,2025,3,Monday
2025-03-25,170.56,168.98,170.63,168.32,24170000.0,0.0172,0.01717557251908386,164.924,167.391,181.71099999999998,175.1704,0.019812429573947778,167.68,160.67,46.84938524590164,-4.288148747665701,-5.359031255254786,2025,3,Tuesday
2025-03-26,165.06,169.0,169.61,164.84,28940000.0,-0.0322,-0.03224671669793622,164.719,167.0075,181.192,175.11204999999998,0.020783835916525314,170.56,163.89,41.69136083884205,-4.108177076610758,-5.10886041952598,2025,3,Wednesday
2025-03-27,162.24,164.63,165.42,162.0,24510000.0,-0.0171,-0.017084696474009453,164.66699999999997,166.6945,180.6436,175.05095,0.02042617866573074,165.06,162.8,37.1403275785746,-4.145314062802896,-4.916151148181363,2025,3,Thursday
2025-03-28,154.33,160.49,161.82,153.63,48670000.0,-0.048799999999999996,-0.048754930966469434,163.551,165.897,179.81920000000002,174.94754999999998,0.022729781966093248,162.24,163.99,37.20620842572065,-4.7581670968531,-4.884554337915711,2025,3,Friday
2025-03-31,154.64,153.11,155.54,150.66,54600000.0,0.002,0.002008682692930641,162.58599999999998,165.2785,179.05379999999997,174.83765,0.022509122997373385,154.33,167.68,39.21523634694814,-5.159369136671899,-4.939517297666949,2025,3,Monday
2025-04-01,157.07,153.62,158.1,153.62,30670000.0,0.015700000000000002,0.015713916192447108,162.226,164.58599999999998,178.27519999999996,174.73405,0.02208480484089446,154.64,170.56,38.309268747088936,-5.221058835827108,-4.995825605298981,2025,4,Tuesday
2025-04-02,157.04,155.15,158.41,154.7,25040000.0,-0.0002,-0.00019099764436236732,161.541,163.78699999999998,177.455,174.64344999999997,0.02177513333083732,157.07,165.06,42.594510616261005,-5.212285137605988,-5.039117511760383,2025,4,Wednesday
2025-04-03,150.72,151.11,152.78,150.39,46880000.0,-0.04019999999999999,-0.04024452368823228,160.333,162.7055,176.502,174.51309999999998,0.02318397957875559,157.04,162.24,32.50414593698173,-5.6501714408503005,-5.1613282975783665,2025,4,Thursday
2025-04-04,145.6,148.01,151.07,145.38,62260000.0,-0.034,-0.03397027600849256,158.494,161.2925,175.4544,174.3549,0.02367471914511346,150.72,154.33,29.742033383914986,-6.3372883856616795,-5.39652031519503,2025,4,Friday
2025-04-07,146.75,141.55,152.85,140.53,76790000.0,0.0079,0.007898351648351731,156.401,160.3365,174.3852,174.2132,0.022215178334363705,145.6,154.64,34.05863490609252,-6.711670169936582,-5.65955028614334,2025,4,Monday
2025-04-08,144.7,151.22,152.24,143.03,52200000.0,-0.013999999999999999,-0.013969335604770095,153.815,159.3695,173.44300000000004,174.0552,0.022260770536057826,146.75,157.07,27.41821605083547,-7.092035725480315,-5.946047374010736,2025,4,Tuesday
2025-04-09,158.71,144.41,159.55,143.9,70410000.0,0.0968,0.09682100898410528,153.18,158.9495,172.7112,173.9506,0.031684197065096245,144.7,157.04,46.309330445767905,-6.1916151695618,-5.99516093312095,2025,4,Wednesday
2025-04-10,152.82,156.54,157.72,149.93,48020000.0,-0.0371,-0.03711171318757489,152.238,158.45250000000001,171.8594,173.8186,0.03221692284818366,158.71,150.72,40.70870071535517,-5.885455301881336,-5.973219806873027,2025,4,Thursday
2025-04-11,157.14,152.9,157.67,152.82,33640000.0,0.028300000000000002,0.028268551236749095,152.51899999999998,158.035,170.9848,173.68415000000002,0.03268113018747665,152.82,145.6,41.32367467895949,-5.233900359375184,-5.825355917373459,2025,4,Friday
2025-04-14,159.07,159.99,161.72,157.56,30330000.0,0.0123,0.012282041491663565,152.962,157.774,170.0858,173.56009999999998,0.03281034282468102,157.14,146.75,40.39136979427997,-4.509817138216562,-5.56224816154208,2025,4,Monday
2025-04-15,156.31,159.13,159.65,155.21,27550000.0,-0.0174,-0.017350851826239966,152.88600000000002,157.55599999999998,169.18739999999997,173.41459999999998,0.03266957159106387,159.07,144.7,42.331288343558285,-4.111292481887489,-5.272057025611161,2025,4,Tuesday
2025-04-16,153.33,153.1,155.89,151.51,28190000.0,-0.0191,-0.019064679163201315,152.51500000000001,157.028,168.1264,173.2705,0.0325215899862693,156.31,158.71,42.21289984268484,-3.9899265262805557,-5.015630925745041,2025,4,Wednesday
2025-04-17,151.16,154.29,154.68,148.5,33049999.999999996,-0.014199999999999999,-0.014152481575686493,152.55900000000003,156.446,167.32299999999998,173.11135000000002,0.03261107613314973,153.33,152.82,46.92053623469981,-4.022475404066768,-4.816999821409387,2025,4,Thursday
2025-04-21,147.67,148.88,148.95,146.1,26050000.0,-0.0231,-0.02308811854988102,152.766,155.63,166.44439999999997,172.92350000000002,0.032802884624501455,151.16,157.14,43.62305580969809,-4.28054104445124,-4.7097080660177575,2025,4,Monday
2025-04-22,151.47,148.89,152.19,148.54,26970000.0,0.025699999999999997,0.02573305342994514,153.238,154.8195,165.767,172.75175,0.032951695415056784,147.67,159.07,45.00178507675832,-4.130814226582061,-4.593929298130618,2025,4,Tuesday
2025-04-23,155.35,155.61,157.52,153.81,31130000.0,0.0256,0.025615633458770715,154.30299999999997,154.059,165.1446,172.5755,0.03329702890800813,151.47,156.31,48.58860865207951,-3.65691641512808,-4.406526721530111,2025,4,Wednesday
2025-04-24,159.28,156.15,159.59,155.79,45890000.0,0.0253,0.02529771483746379,154.36,153.76999999999998,164.62379999999996,172.42675,0.03322703469949098,155.35,153.33,57.44606819763395,-2.930450421366345,-4.111311461497357,2025,4,Thursday
2025-04-25,161.96,165.07,166.1,161.04,56030000.0,0.0168,0.016825715720743428,155.27399999999997,153.756,164.19079999999997,172.29165,0.033242604465132206,159.28,151.16,64.86191860465115,-2.114097287548873,-3.711868626707661,2025,4,Friday
2025-04-28,160.61,162.43,163.15,158.6,29750000.0,-0.0083,-0.008335391454680097,155.621,154.07,163.68019999999999,172.1388,0.03126496805650709,161.96,147.67,62.54525706010137,-1.5581044073494468,-3.2811157828360185,2025,4,Monday
2025-04-29,160.16,160.32,160.74,157.52,26810000.0,-0.0028000000000000004,-0.0028018180686135707,155.73000000000002,154.34599999999998,163.1788,172.01175000000003,0.031287032390420695,160.61,151.47,64.41088739746456,-1.1406387102433087,-2.853020368317477,2025,4,Tuesday
2025-04-30,158.8,157.98,159.27,155.4,34980000.0,-0.0085,-0.00849150849150837,155.97899999999998,154.4325,162.6794,171.8804,0.03120518036098078,160.16,155.35,50.10978287387168,-0.9090557428781949,-2.4642274432296207,2025,4,Wednesday
2025-05-01,161.3,160.45,161.95,158.91,30200000.0,0.015700000000000002,0.015743073047858935,156.776,154.64550000000003,162.2,171.75424999999998,0.031376151307663594,158.8,159.28,61.27659574468087,-0.5178262870464891,-2.0749472119929946,2025,5,Thursday
2025-05-02,164.03,163.4,164.97,161.87,25720000.0,0.0169,0.01692498450092983,158.063,155.31099999999998,161.7894,171.6548,0.02991474409715317,161.3,161.96,59.56678700361012,0.012371449426126446,-1.6574834797091704,2025,5,Friday
2025-05-05,164.21,163.0,165.39,162.72,21340000.0,0.0011,0.0010973602389807713,159.717,156.2415,161.4804,171.57075,0.02852726821792798,164.03,160.61,57.50145942790428,0.4419865255864579,-1.237589478650045,2025,5,Monday
2025-05-06,163.23,162.17,164.8,161.19,21280000.0,-0.006,-0.0059679678460509145,160.893,157.0655,161.16,171.49845000000002,0.028657321808872902,164.21,160.16,60.65270935960587,0.6953660123150485,-0.8509983804570264,2025,5,Tuesday
2025-05-07,151.38,164.08,165.0,147.84,127750000.0,-0.0726,-0.07259694909024073,160.496,157.39950000000002,160.6792,171.36704999999998,0.033385218318791425,163.23,158.8,47.64207980652961,-0.059340840103459414,-0.6926668723863131,2025,5,Wednesday
2025-05-08,154.28,155.0,155.93,152.9,57500000.0,0.0192,0.019157088122605304,159.996,157.178,160.3102,171.2301,0.025443608218605408,151.38,161.3,53.70722433460077,-0.41862010236749825,-0.6378575183825502,2025,5,Thursday
2025-05-09,152.75,154.17,155.05,152.2,32439999.999999996,-0.009899999999999999,-0.009917033964220945,159.075,157.1745,159.9952,171.08489999999998,0.02410954177121191,154.28,164.03,56.33100697906282,-0.8173873864505197,-0.6737634919961442,2025,5,Friday
2025-05-12,158.46,157.49,159.1,156.25,44140000.0,0.0374,0.037381342062193124,158.85999999999999,157.2405,159.7588,171.01405,0.0247444972077483,152.75,164.21,58.31548893647395,-0.6649983653024378,-0.6720104666574029,2025,5,Monday
2025-05-13,159.53,158.79,160.57,156.16,42380000.0,0.0068000000000000005,0.0067524927426478865,158.797,157.2635,159.6092,170.97529999999998,0.024639115149121996,158.46,163.23,55.32891381947986,-0.45267080325987763,-0.6281425339778979,2025,5,Tuesday
2025-05-14,165.37,159.96,167.0,159.61,48760000.0,0.0366,0.036607534632984384,159.454,157.7165,159.4982,170.96715,0.025526912090964766,159.53,151.38,57.40335521517141,0.18471028726642658,-0.465571969729033,2025,5,Wednesday
2025-05-15,163.96,165.84,166.21,162.37,33150000.0,-0.0085,-0.008526334885408438,159.72,158.248,159.31699999999998,170.9393,0.025150524316781775,165.37,154.28,52.50878073256398,0.5694993435218976,-0.2585577070788469,2025,5,Thursday
2025-05-16,166.19,167.73,169.35,165.62,42850000.0,0.013600000000000001,0.013600878262990834,159.936,158.9995,159.1938,170.9188,0.024880018042049586,163.96,152.75,56.84830633284239,1.0423739677274853,0.00162862788241952,2025,5,Friday
2025-05-19,166.54,164.51,166.64,164.22,30430000.0,0.0021,0.0021060232264276113,160.169,159.943,159.0474,170.8938,0.02400267211280884,166.19,158.46,57.849409448818896,1.4289011067178876,0.28708312364951316,2025,5,Monday
2025-05-20,163.98,166.43,168.5,162.9,46610000.0,-0.0154,-0.015371682478683812,160.244,160.5685,159.00959999999998,170.85989999999998,0.02401186296733723,166.54,159.53,56.190248565965554,1.5112354622606006,0.5319135913717307,2025,5,Tuesday
2025-05-21,168.56,163.69,173.14,163.56,73420000.0,0.0279,0.0279302353945603,161.962,161.22899999999998,159.1,170.8694,0.02412554190606544,163.98,165.37,58.26502732240436,1.9238765047825268,0.8103061740538899,2025,5,Wednesday
2025-05-22,170.87,171.85,176.77,170.71,74860000.0,0.0137,0.013704318936877069,163.621,161.8085,159.17520000000002,170.9275,0.02373233621297034,168.56,163.96,57.86206896551724,2.4095197545671567,1.1301488901565433,2025,5,Thursday
2025-05-23,168.47,169.05,169.96,167.89,35210000.0,-0.013999999999999999,-0.014045765786855569,165.19299999999998,162.13400000000001,159.2894,170.9784,0.023843627780790334,170.87,166.19,54.65879265091862,2.5710975741469326,1.4183386269546212,2025,5,Friday
2025-05-27,172.9,170.16,173.17,170.0,38000000.0,0.0263,0.02629548287528949,166.637,162.7485,159.4376,171.0482,0.024287957922442687,168.47,166.54,59.833231645312196,3.021779939069603,1.7390268893776177,2025,5,Tuesday
2025-05-28,172.36,173.16,175.26,171.91,34780000.0,-0.0031,-0.003123192596876767,167.92,163.3585,159.599,171.09985,0.02429278606270591,172.9,163.98,77.70734284204967,3.297365496327302,2.0506946107675548,2025,5,Wednesday
2025-05-29,171.86,174.0,174.42,170.63,29370000.0,-0.0029,-0.0029009050823857185,168.56900000000002,164.0115,159.8228,171.1408,0.024173806067660286,172.36,168.56,74.78849407783419,3.4358172520553865,2.3277191390251213,2025,5,Thursday
2025-05-30,171.74,171.35,172.21,167.44,52640000.0,-0.0007000000000000001,-0.000698242755731382,169.347,164.5335,159.97979999999998,171.18805,0.024041322569007685,171.86,170.87,77.88546255506608,3.4955635877163616,2.5612880287633697,2025,5,Friday
2025-06-02,169.03,167.84,169.87,167.39,38610000.0,-0.0158,-0.015779666938395276,169.631,164.7835,160.1044,171.21239999999997,0.024186243516495485,171.74,168.47,67.02093397745571,3.2863555761947225,2.7063015382496403,2025,6,Monday
2025-06-03,166.18,167.49,168.48,165.28,45080000.0,-0.0169,-0.01686091226409514,169.595,164.882,160.1482,171.24145000000001,0.024543832280979824,169.03,172.9,60.12793176972282,2.857644392510281,2.7365701091017685,2025,6,Tuesday
2025-06-04,168.05,166.74,168.21,166.36,26900000.0,0.0113,0.011252858346371353,170.002,165.123,160.15560000000002,171.2752,0.02459269825181441,166.18,172.36,54.64310464310466,2.6383676030993115,2.7169296079012772,2025,6,Wednesday
2025-06-05,168.21,170.34,170.93,167.59,36440000.0,0.001,0.0009520975900030315,169.967,165.9645,160.1086,171.30145000000002,0.017311615454613103,168.05,171.86,57.696486780152114,2.449266214209217,2.6633969291628654,2025,6,Thursday
2025-06-06,173.68,170.83,174.5,170.83,35730000.0,0.0325,0.03251887521550434,170.24800000000002,166.9345,160.28099999999998,171.3365,0.018108891861229735,168.21,171.74,62.139384116693684,2.7095512660564793,2.6726277965415886,2025,6,Friday
2025-06-09,176.09,174.54,176.47,174.37,28940000.0,0.0139,0.013876093965914382,171.01000000000002,168.10150000000002,160.558,171.38105,0.017780257023069207,173.68,169.03,64.5092676997873,3.0748509361242213,2.7530724244581153,2025,6,Monday
2025-06-10,178.6,176.2,181.1,174.91,61770000.0,0.0143,0.014254074620932533,171.58,169.1085,161.0434,171.44480000000004,0.016419792428724232,176.09,166.18,72.24589166159464,3.526241265252793,2.9077061926170513,2025,6,Tuesday
2025-06-11,177.35,179.77,180.37,176.75,31650000.0,-0.006999999999999999,-0.006998880179171385,172.079,169.99949999999998,161.49759999999998,171.51255,0.016678114280841132,178.6,168.05,64.88316965797492,3.7399944716611913,3.0741638484258798,2025,6,Wednesday
2025-06-12,175.7,176.18,176.72,174.74,20940000.0,-0.009300000000000001,-0.009303636876233479,172.46300000000002,170.51600000000002,161.8702,171.56294999999997,0.015261864428287251,177.35,168.21,58.36508486317974,3.733219981278495,3.205975074996403,2025,6,Thursday
2025-06-13,174.67,172.44,177.13,172.38,27660000.0,-0.0059,-0.005862265224815033,172.756,171.0515,162.2228,171.6055,0.015165970193826529,175.7,173.68,61.27272727272725,3.603203272502526,3.285420714497628,2025,6,Friday
2025-06-16,176.77,174.73,176.94,174.65,27390000.0,0.012,0.012022671323066447,173.53,171.5805,162.7438,171.66595,0.015113443070798954,174.67,176.09,57.68772348033373,3.627797551695096,3.3538960819371217,2025,6,Monday
2025-06-17,175.95,175.7,177.36,174.58,24970000.0,-0.0046,-0.004638796175821858,174.507,172.051,163.3508,171.73145,0.015214017969377125,176.77,178.6,57.053045186640404,3.540311046199861,3.3911790747896697,2025,6,Tuesday
2025-06-18,173.32,176.01,176.56,173.2,28710000.0,-0.0149,-0.014947428246660954,175.034,172.518,163.8822,171.78915,0.01518753090041161,175.95,177.35,52.6468455402465,3.2216214929349576,3.3572675584187275,2025,6,Wednesday
2025-06-20,166.64,173.95,174.34,165.46,75660000.0,-0.0385,-0.03854142626355883,174.877,172.422,164.32100000000003,171.80544999999998,0.01662301748603273,173.32,175.7,42.53075571177502,2.4023448173805377,3.1662830102110897,2025,6,Friday
2025-06-23,165.19,166.27,167.34,162.0,57670000.0,-0.0087,-0.008701392222755566,174.028,172.138,164.4506,171.84459999999999,0.016372638158456194,166.64,174.67,44.160583941605836,1.6174147175315738,2.8565093516751867,2025,6,Monday
2025-06-24,166.77,166.92,168.22,166.13,40520000.0,0.0096,0.009564743628549088,173.096,172.053,164.7296,171.8962,0.016276018465214506,165.19,176.77,50.933248971844364,1.1100488020655348,2.5072172417532563,2025,6,Tuesday
2025-06-25,170.68,167.63,172.36,167.55,35480000.0,0.023399999999999997,0.023445463812436174,172.304,171.94199999999998,165.0004,171.9634,0.016040944841622932,166.77,175.95,53.907875185735506,1.0117985970472319,2.208133512812051,2025,6,Wednesday
2025-06-26,173.54,172.43,173.69,169.94,31800000.0,0.0168,0.01675650339817203,171.923,172.001,165.28979999999999,172.07649999999998,0.01648125897606003,170.68,173.32,57.331499312242066,1.1514396204995876,1.9967947343495587,2025,6,Thursday
2025-06-27,178.53,173.54,178.68,171.73,108140000.0,0.0288,0.0287541777111906,172.206,172.3345,165.73420000000002,172.2256,0.017621016802263818,173.54,166.64,56.7605241148592,1.6457858397799043,1.9265929554356278,2025,6,Friday
2025-06-30,176.23,180.78,181.23,174.58,63380000.0,-0.0129,-0.012882988853414101,172.36200000000002,172.559,166.1922,172.36345,0.01792910224648956,178.53,165.19,50.195749440715865,1.8308629535775651,1.9074469550640154,2025,6,Monday
2025-07-01,175.84,175.74,176.09,173.53,35900000.0,-0.0022,-0.002213017079952251,172.269,172.8995,166.68580000000003,172.48684999999998,0.01749453687046796,176.23,166.77,45.89774078478005,1.923890744118978,1.910735712875008,2025,7,Tuesday
2025-07-02,178.64,175.54,178.86,175.07,29130000.0,0.0159,0.015923566878980777,172.538,173.5225,167.3052,172.6066,0.017154846523949215,175.84,170.68,51.83290707587382,2.1982129077156003,1.9682311518431264,2025,7,Wednesday
2025-07-03,179.53,178.5,179.67,177.05,21690000.0,0.005,0.0049820868786387695,173.15900000000002,174.0965,167.8664,172.71695,0.017067806710072405,178.64,173.54,55.562009875108934,2.4590839714142305,2.066401715757347,2025,7,Thursday
2025-07-07,176.79,179.06,179.3,175.68,34180000.0,-0.015300000000000001,-0.01526207319111017,174.174,174.5255,168.2952,172.81060000000002,0.017570285449390207,179.53,178.53,52.93303818483675,2.4168708848941947,2.136495549584717,2025,7,Monday
2025-07-08,174.36,177.85,177.95,172.81,40440000.0,-0.0137,-0.013745121330391852,175.09099999999998,174.5595,168.5968,172.88580000000002,0.016438149852398803,176.79,176.23,46.69591445023307,2.1624091118668787,2.1416782620411494,2025,7,Tuesday
2025-07-09,176.62,175.25,179.44,172.77,43030000.0,0.013000000000000001,0.01296168846065604,176.076,174.58599999999998,168.89,172.96985,0.016399699882059946,174.36,175.84,50.883671854392006,2.118686536282894,2.1370799168894985,2025,7,Wednesday
2025-07-10,177.62,175.63,178.43,174.38,29250000.0,0.005699999999999999,0.005661872947571034,176.76999999999998,174.537,169.2302,173.04725000000002,0.01612455455044563,176.62,178.64,55.92613009922824,2.1400584609816633,2.1376756257079315,2025,7,Thursday
2025-07-11,180.19,176.79,181.43,176.48,34280000.0,0.014499999999999999,0.014469091318545235,177.435,174.679,169.63080000000002,173.13025000000002,0.016357587925300034,177.62,179.53,71.0599937830277,2.3374289608341883,2.177626292733183,2025,7,Friday
2025-07-14,181.56,181.01,183.67,179.68,32540000.0,0.0076,0.007603085631832984,177.738,174.972,170.08599999999998,173.2288,0.01623773719251558,180.19,176.79,75.50638828295422,2.5747143500538527,2.2570439041973174,2025,7,Monday
2025-07-15,182.0,182.81,184.22,181.6,33450000.000000004,0.0024,0.0024234412866270816,178.315,175.3385,170.5,173.32735,0.016138222039140986,181.56,174.36,74.6042003231018,2.7663799473051256,2.358911112818879,2025,7,Tuesday
2025-07-16,182.97,183.24,184.33,182.03,33100000.0,0.0053,0.005329670329670355,179.028,175.64849999999998,170.87879999999998,173.43475,0.015992150422439337,182.0,176.62,71.93859335951447,2.962398521250634,2.47960859450523,2025,7,Wednesday
2025-07-17,183.58,182.14,184.06,180.48,31990000.0,0.0033,0.003333879871017187,179.522,176.03,171.2662,173.539,0.015921176230289005,182.97,177.62,69.4875776397516,3.1308757684016655,2.6098620292845176,2025,7,Thursday
2025-07-18,185.06,185.4,186.42,183.71,34010000.0,0.008100000000000001,0.00806188037912614,180.075,176.617,171.70280000000002,173.64455,0.015437380948727132,183.58,180.19,64.6741573033708,3.3452567937376614,2.7569409821751463,2025,7,Friday
2025-07-21,190.1,186.25,190.29,186.15,45800000.0,0.027200000000000002,0.027234410461471903,181.406,177.79000000000002,172.4772,173.7658,0.012816738994913155,185.06,181.56,77.75110044017613,3.877147833032353,2.9809823523465875,2025,7,Monday
2025-07-22,191.34,191.49,191.65,187.46,44660000.0,0.006500000000000001,0.006522882693319243,183.10399999999998,179.0975,173.2184,173.88754999999998,0.012296345162232466,190.1,182.0,79.99226006191954,4.348604939795649,3.2545068698364004,2025,7,Tuesday
2025-07-23,190.23,191.5,192.53,189.18,58680000.0,-0.0058,-0.005801191596111699,184.46499999999997,180.2705,173.96800000000002,174.0094,0.012632463306833711,191.34,182.97,73.99585921325051,4.579876405894595,3.5195807770480396,2025,7,Wednesday
2025-07-24,192.17,197.03,197.95,191.0,74880000.0,0.0102,0.010198181149135177,185.92000000000002,181.345,174.6422,174.14094999999998,0.0120404402971671,190.23,183.58,75.07936507936506,4.8636375100359714,3.788392123645626,2025,7,Thursday
2025-07-25,193.18,191.98,194.33,191.26,39790000.0,0.0053,0.005255763126398527,187.219,182.327,175.31519999999998,174.27155,0.011772109936575757,192.17,185.06,84.91691521090758,5.111101195502442,4.05293393801699,2025,7,Friday
2025-07-28,192.58,193.65,194.05,190.84,38140000.0,-0.0031,-0.003105911585050136,188.321,183.0295,175.85940000000002,174.41955000000002,0.010542728333350987,193.18,190.1,92.09796672828094,5.198873585021744,4.28212186741794,2025,7,Monday
2025-07-29,195.75,192.43,195.92,192.08,41390000.0,0.0165,0.016460691660608484,189.696,184.0055,176.4952,174.5764,0.010125425386970754,192.58,191.34,92.41685144124165,5.461272196924085,4.5179519333191696,2025,7,Tuesday
2025-07-30,196.53,195.6,197.6,194.68,32450000.000000004,0.004,0.003984674329502003,191.052,185.04000000000002,177.102,174.74974999999998,0.00997666191575834,195.75,190.23,92.34214061800266,5.666840656996612,4.747729678054658,2025,7,Wednesday
2025-07-31,191.9,195.71,195.99,191.09,51330000.0,-0.0236,-0.023558744212079596,191.88400000000001,185.703,177.6092,174.89885,0.01160489992275567,196.53,192.17,74.00574005740057,5.393974457258565,4.87697863389544,2025,7,Thursday
2025-08-01,189.13,189.02,190.83,187.82,34830000.0,-0.0144,-0.0144346013548724,192.291,186.18300000000002,178.1122,175.02829999999997,0.012280168485392375,191.9,193.18,64.67623109732452,4.89775194228136,4.881133295572624,2025,8,Friday
